Maintenance_Cost_INR,Downtime_Days,Cost_Per_Day,Equipment_Age,Category,Status,Actual_Failure,Predicted_Failure,Failure_Probability
67830.97,3,22610.323333333334,3,Communication System,Operational,0,0,0.0
104109.71,3,34703.23666666667,13,Tank,Operational,0,0,0.0
0.0,0,0.0,19,Radar,Operational,0,0,0.0
326174.34,14,23298.167142857143,18,Radar,Operational,1,1,1.0
758519.2,19,39922.063157894736,16,Missile Launcher,Operational,1,1,1.0
276025.31,7,39432.18714285714,14,Communication System,Operational,0,0,0.005
287071.95,6,47845.325,13,Missile Launcher,Operational,0,0,0.005
0.0,0,0.0,1,Generator,Operational,0,0,0.0
295397.97,7,42199.71,16,Truck,Operational,0,0,0.0
0.0,0,0.0,5,Truck,Operational,0,0,0.0
0.0,0,0.0,18,Tank,Out of Service,0,0,0.0
557529.32,15,37168.62133333333,5,Drone,Operational,1,1,1.0
80357.2,2,40178.6,18,Tank,Operational,0,0,0.0
29033.81,1,29033.81,21,Truck,Maintenance,0,0,0.0
267727.52,9,29747.502222222225,17,Communication System,Out of Service,1,1,0.99
88099.72,3,29366.573333333334,12,Generator,Operational,0,0,0.0
34226.6,2,17113.3,17,Armored Vehicle,Maintenance,0,0,0.0
0.0,0,0.0,20,Tank,Operational,0,0,0.0
0.0,0,0.0,16,Radar,Maintenance,0,0,0.0
185227.36,4,46306.84,10,Armored Vehicle,Operational,0,0,0.0
34250.3,2,17125.15,10,Communication System,Out of Service,0,0,0.0
73446.06,3,24482.02,9,Radar,Operational,0,0,0.0
140548.67,5,28109.734000000004,12,Armored Vehicle,Operational,0,0,0.0
82049.74,2,41024.87,8,Truck,Operational,0,0,0.0
172588.01,7,24655.43,5,Generator,Operational,0,0,0.0
192658.24,4,48164.56,9,Missile Launcher,Operational,0,0,0.0
135672.59,5,27134.518,15,Radar,Maintenance,0,0,0.0
555372.92,13,42720.99384615385,19,Tank,Out of Service,1,1,1.0
47986.58,1,47986.58,5,Tank,Operational,0,0,0.0
182163.83,7,26023.404285714285,3,Radar,Operational,0,0,0.01
170180.27,8,21272.53375,7,Tank,Operational,1,1,1.0
208894.63,9,23210.514444444445,13,Drone,Out of Service,1,1,0.985
136390.04,3,45463.34666666667,4,Armored Vehicle,Operational,0,0,0.0
106575.61,4,26643.9025,15,Armored Vehicle,Operational,0,0,0.0
203231.84,5,40646.368,21,Radar,Maintenance,0,0,0.0
168670.64,4,42167.66,16,Drone,Operational,0,0,0.0
64875.87,2,32437.935,15,Truck,Operational,0,0,0.0
84479.55,2,42239.775,18,Tank,Maintenance,0,0,0.0
78290.92,2,39145.46,17,Missile Launcher,Maintenance,0,0,0.0
0.0,0,0.0,5,Generator,Maintenance,0,0,0.0
285297.16,9,31699.684444444443,20,Generator,Maintenance,1,1,0.995
0.0,0,0.0,8,Truck,Operational,0,0,0.0
326878.49,15,21791.89933333333,6,Armored Vehicle,Operational,1,1,1.0
390579.53,11,35507.23,18,Communication System,Maintenance,1,1,1.0
123059.68,3,41019.89333333333,12,Generator,Operational,0,0,0.0
752592.78,20,37629.639,19,Armored Vehicle,Maintenance,1,1,1.0
40326.42,2,20163.21,5,Radar,Operational,0,0,0.0
129329.25,3,43109.75,4,Truck,Operational,0,0,0.0
0.0,0,0.0,1,Radar,Operational,0,0,0.0
133668.34,3,44556.113333333335,7,Generator,Operational,0,0,0.0
44160.15,2,22080.075,11,Generator,Operational,0,0,0.0
533430.59,12,44452.54916666666,6,Tank,Operational,1,1,1.0
47055.18,3,15685.06,8,Truck,Operational,0,0,0.0
254748.76,8,31843.595,20,Tank,Operational,1,1,1.0
77650.77,3,25883.59,19,Drone,Maintenance,0,0,0.0
496134.52,19,26112.34315789474,14,Generator,Operational,1,1,1.0
149565.79,7,21366.54142857143,21,Tank,Operational,0,0,0.02
99004.95,2,49502.475,19,Armored Vehicle,Operational,0,0,0.0
41796.81,1,41796.81,4,Tank,Operational,0,0,0.0
155795.18,6,25965.86333333333,17,Truck,Maintenance,0,0,0.0
15505.43,1,15505.43,9,Drone,Operational,0,0,0.0
297304.78,14,21236.05571428572,11,Missile Launcher,Operational,1,1,1.0
267984.19,9,29776.021111111117,9,Missile Launcher,Maintenance,1,1,1.0
122207.43,3,40735.81,20,Truck,Operational,0,0,0.0
282534.39,6,47089.065,12,Missile Launcher,Operational,0,0,0.0
238216.54,6,39702.75666666667,15,Truck,Operational,0,0,0.0
182853.43,9,20317.047777777778,20,Drone,Maintenance,1,1,1.0
666016.58,15,44401.10533333333,18,Drone,Out of Service,1,1,1.0
146065.89,4,36516.4725,20,Truck,Operational,0,0,0.0
553705.05,12,46142.0875,21,Communication System,Out of Service,1,1,1.0
88372.46,2,44186.23,7,Drone,Operational,0,0,0.0
168051.68,5,33610.336,2,Tank,Operational,0,0,0.0
121437.99,4,30359.4975,14,Missile Launcher,Operational,0,0,0.005
0.0,0,0.0,8,Truck,Operational,0,0,0.0
258941.91,10,25894.191,15,Communication System,Operational,1,1,1.0
215282.57,13,16560.197692307695,11,Radar,Operational,1,1,1.0
78289.65,2,39144.825,9,Missile Launcher,Operational,0,0,0.0
393004.49,9,43667.16555555556,2,Drone,Operational,1,1,1.0
298830.09,17,17578.240588235294,7,Truck,Operational,1,1,1.0
393079.33,8,49134.91625,1,Generator,Operational,1,1,0.995
164059.07,9,18228.78555555556,13,Generator,Operational,1,1,1.0
213219.23,6,35536.53833333334,3,Communication System,Maintenance,0,0,0.0
630676.58,14,45048.32714285714,4,Communication System,Out of Service,1,1,1.0
117168.24,4,29292.06,10,Radar,Operational,0,0,0.0
84537.7,4,21134.425,20,Radar,Operational,0,0,0.0
75943.2,2,37971.6,10,Communication System,Operational,0,0,0.0
247309.9,9,27478.877777777776,18,Truck,Out of Service,1,1,0.985
0.0,0,0.0,7,Communication System,Maintenance,0,0,0.0
88918.17,3,29639.39,9,Communication System,Operational,0,0,0.0
161903.15,6,26983.858333333334,2,Truck,Operational,0,0,0.0
0.0,0,0.0,2,Missile Launcher,Operational,0,0,0.0
81101.12,2,40550.56,11,Missile Launcher,Operational,0,0,0.0
225202.87,5,45040.574,9,Radar,Operational,0,0,0.005
813669.94,19,42824.73368421052,8,Truck,Operational,1,1,1.0
73559.86,3,24519.95333333333,15,Radar,Operational,0,0,0.0
64450.83,3,21483.61,1,Generator,Operational,0,0,0.0
264581.74,7,37797.39142857143,6,Communication System,Operational,0,0,0.015
281296.11,10,28129.611,20,Generator,Operational,1,1,1.0
343752.26,8,42969.0325,8,Armored Vehicle,Out of Service,1,1,0.985
137079.05,3,45693.01666666666,21,Communication System,Operational,0,0,0.0
222365.3,7,31766.471428571425,20,Communication System,Operational,0,0,0.0
326151.68,19,17165.87789473684,11,Missile Launcher,Operational,1,1,1.0
117013.2,4,29253.3,19,Generator,Maintenance,0,0,0.0
77548.55,3,25849.516666666663,2,Missile Launcher,Operational,0,0,0.0
0.0,0,0.0,7,Generator,Operational,0,0,0.0
315429.69,16,19714.355625,8,Communication System,Out of Service,1,1,0.995
281504.99,8,35188.12375,19,Tank,Operational,1,1,0.995
299016.9,8,37377.1125,5,Communication System,Operational,1,1,1.0
75791.04,2,37895.52,13,Tank,Operational,0,0,0.0
419570.11,15,27971.340666666667,21,Drone,Operational,1,1,0.995
0.0,0,0.0,6,Truck,Operational,0,0,0.0
330980.81,7,47282.97285714286,18,Radar,Operational,0,0,0.0
403818.69,16,25238.668125,12,Communication System,Operational,1,1,1.0
22470.87,1,22470.87,20,Generator,Operational,0,0,0.005
104983.4,5,20996.68,2,Generator,Operational,0,0,0.0
140628.83,3,46876.276666666665,20,Radar,Maintenance,0,0,0.0
211227.25,6,35204.541666666664,11,Communication System,Operational,0,0,0.0
0.0,0,0.0,17,Tank,Operational,0,0,0.0
52293.55,2,26146.775,11,Communication System,Operational,0,0,0.0
34505.29,1,34505.29,19,Truck,Operational,0,0,0.0
447422.09,12,37285.17416666667,14,Generator,Operational,1,1,1.0
300037.89,8,37504.73625,3,Generator,Operational,1,1,1.0
379361.7,12,31613.475,18,Missile Launcher,Operational,1,1,1.0
0.0,0,0.0,11,Truck,Operational,0,0,0.0
0.0,0,0.0,15,Tank,Operational,0,0,0.0
147595.81,3,49198.60333333333,21,Tank,Operational,0,0,0.0
148584.47,8,18573.05875,18,Communication System,Out of Service,1,1,0.965
193024.01,4,48256.0025,15,Truck,Operational,0,0,0.0
0.0,0,0.0,14,Radar,Operational,0,0,0.0
25928.14,1,25928.14,3,Drone,Operational,0,0,0.0
0.0,0,0.0,5,Armored Vehicle,Maintenance,0,0,0.0
264247.05,8,33030.88125,18,Generator,Maintenance,1,1,0.99
0.0,0,0.0,11,Tank,Operational,0,0,0.0
53293.15,2,26646.575,4,Armored Vehicle,Operational,0,0,0.0
157262.46,5,31452.492,7,Missile Launcher,Operational,0,0,0.0
105433.68,3,35144.56,14,Drone,Operational,0,0,0.0
474664.95,18,26370.275,9,Drone,Operational,1,1,1.0
390348.71,13,30026.82384615385,14,Missile Launcher,Operational,1,1,1.0
172119.81,4,43029.9525,14,Drone,Operational,0,0,0.0
89323.67,2,44661.835,4,Radar,Operational,0,0,0.0
442751.98,9,49194.66444444444,3,Armored Vehicle,Operational,1,1,1.0
142560.76,3,47520.25333333333,10,Drone,Operational,0,0,0.0
41232.11,1,41232.11,12,Communication System,Operational,0,0,0.0
49032.36,1,49032.36,11,Generator,Operational,0,0,0.0
0.0,0,0.0,13,Communication System,Operational,0,0,0.0
68488.27,3,22829.423333333336,20,Tank,Operational,0,0,0.0
349169.03,14,24940.645,20,Generator,Operational,1,1,1.0
129013.09,4,32253.2725,8,Radar,Operational,0,0,0.0
296416.8,10,29641.68,13,Generator,Maintenance,1,1,1.0
0.0,0,0.0,7,Tank,Operational,0,0,0.0
45140.28,2,22570.14,17,Generator,Maintenance,0,0,0.0
0.0,0,0.0,2,Armored Vehicle,Operational,0,0,0.0
229800.57,9,25533.396666666667,20,Communication System,Maintenance,1,1,0.985
270862.36,7,38694.62285714286,13,Generator,Operational,0,0,0.0
178877.96,6,29812.99333333333,19,Missile Launcher,Operational,0,0,0.0
0.0,0,0.0,6,Communication System,Operational,0,0,0.0
44464.16,1,44464.16,8,Tank,Operational,0,0,0.0
481786.06,13,37060.46615384615,10,Tank,Operational,1,1,1.0
518663.19,16,32416.449375,2,Armored Vehicle,Operational,1,1,1.0
721363.07,16,45085.191875,10,Drone,Operational,1,1,1.0
142770.21,6,23795.035,1,Radar,Operational,0,0,0.0
215513.05,5,43102.61,19,Communication System,Maintenance,0,0,0.0
444670.36,9,49407.817777777775,8,Communication System,Operational,1,1,1.0
83451.29,3,27817.096666666665,20,Radar,Operational,0,0,0.0
227870.77,6,37978.46166666666,12,Generator,Operational,0,0,0.0
276277.76,11,25116.16,14,Communication System,Operational,1,1,1.0
150523.4,4,37630.85,16,Missile Launcher,Maintenance,0,0,0.0
297944.62,11,27085.874545454542,5,Generator,Operational,1,1,1.0
82108.77,2,41054.385,8,Armored Vehicle,Operational,0,0,0.0
59982.45,3,19994.15,15,Armored Vehicle,Operational,0,0,0.0
62394.6,3,20798.2,13,Communication System,Operational,0,0,0.0
196121.55,4,49030.3875,11,Truck,Operational,0,0,0.0
369601.44,12,30800.12,10,Generator,Operational,1,1,1.0
822336.52,17,48372.73647058824,18,Tank,Operational,1,1,1.0
355346.57,14,25381.897857142856,14,Missile Launcher,Maintenance,1,1,1.0
36369.24,1,36369.24,1,Truck,Operational,0,0,0.0
39753.99,1,39753.99,17,Communication System,Maintenance,0,0,0.0
875576.16,19,46082.955789473686,16,Communication System,Operational,1,1,1.0
89362.25,3,29787.416666666668,1,Tank,Maintenance,0,0,0.0
561588.1,14,40113.43571428571,19,Communication System,Operational,1,1,1.0
80747.22,2,40373.61,9,Drone,Operational,0,0,0.0
327864.0,7,46837.71428571428,8,Generator,Operational,0,0,0.0
711847.53,19,37465.65947368421,16,Tank,Operational,1,1,1.0
328828.18,7,46975.45428571429,3,Truck,Operational,0,0,0.005
94392.68,5,18878.536,13,Generator,Operational,0,0,0.0
0.0,0,0.0,3,Generator,Operational,0,0,0.0
80198.67,2,40099.335,12,Armored Vehicle,Operational,0,0,0.0
205654.79,7,29379.255714285715,12,Truck,Operational,0,0,0.0
0.0,0,0.0,12,Truck,Operational,0,0,0.0
97688.34,5,19537.668,14,Tank,Out of Service,0,0,0.0
74157.79,2,37078.895,16,Communication System,Operational,0,0,0.0
82245.99,2,41122.995,14,Communication System,Operational,0,0,0.0
58004.35,3,19334.783333333333,12,Drone,Operational,0,0,0.0
315994.72,14,22571.051428571427,15,Communication System,Operational,1,1,1.0
151004.18,4,37751.045,6,Communication System,Operational,0,0,0.0
129436.51,6,21572.751666666667,4,Missile Launcher,Operational,0,0,0.0
294805.56,6,49134.26,14,Communication System,Out of Service,0,0,0.005
539674.0,11,49061.27272727273,4,Truck,Operational,1,1,0.995
208617.36,5,41723.472,18,Radar,Maintenance,0,0,0.0
20646.17,1,20646.17,2,Radar,Operational,0,0,0.0
135542.88,7,19363.268571428573,12,Tank,Operational,0,0,0.0
113345.21,3,37781.73666666667,18,Missile Launcher,Out of Service,0,0,0.0
65431.43,2,32715.715,10,Radar,Operational,0,0,0.0
375629.14,17,22095.831764705883,13,Drone,Operational,1,1,1.0
233510.34,6,38918.39,2,Drone,Operational,0,0,0.0
476957.21,18,26497.62277777778,7,Truck,Operational,1,1,1.0
26111.71,1,26111.71,17,Tank,Out of Service,0,0,0.0
502926.17,13,38686.62846153846,16,Communication System,Maintenance,1,1,1.0
0.0,0,0.0,16,Truck,Operational,0,0,0.0
120956.99,4,30239.2475,16,Missile Launcher,Operational,0,0,0.0
125087.69,3,41695.89666666667,3,Tank,Operational,0,0,0.0
42020.69,2,21010.345,18,Tank,Maintenance,0,0,0.0
19196.27,1,19196.27,17,Tank,Operational,0,0,0.0
177965.62,7,25423.66,21,Tank,Operational,0,0,0.005
70954.06,3,23651.353333333333,5,Generator,Out of Service,0,0,0.0
88588.09,2,44294.045,4,Missile Launcher,Operational,0,0,0.0
202476.44,9,22497.382222222222,13,Armored Vehicle,Operational,1,1,1.0
130107.98,3,43369.32666666667,2,Radar,Operational,0,0,0.0
238489.08,9,26498.786666666667,19,Armored Vehicle,Operational,1,1,1.0
347900.46,7,49700.06571428572,20,Generator,Operational,0,0,0.05
220078.72,6,36679.78666666667,1,Radar,Operational,0,0,0.0
0.0,0,0.0,1,Tank,Maintenance,0,0,0.0
40871.83,2,20435.915,11,Truck,Operational,0,0,0.0
187326.17,9,20814.01888888889,15,Truck,Operational,1,1,1.0
0.0,0,0.0,5,Radar,Operational,0,0,0.0
68097.25,3,22699.08333333333,11,Communication System,Operational,0,0,0.0
276717.08,13,21285.92923076923,19,Tank,Operational,1,1,1.0
0.0,0,0.0,17,Armored Vehicle,Maintenance,0,0,0.0
99505.53,3,33168.51,3,Drone,Operational,0,0,0.0
228144.03,5,45628.806,6,Generator,Operational,0,0,0.0
198999.27,8,24874.90875,2,Missile Launcher,Operational,1,1,0.99
215782.39,7,30826.05571428572,5,Missile Launcher,Operational,0,0,0.005
122495.39,4,30623.8475,3,Truck,Operational,0,0,0.0
135287.9,7,19326.842857142856,14,Radar,Operational,0,0,0.0
294088.45,8,36761.05625,19,Communication System,Maintenance,1,1,0.97
0.0,0,0.0,17,Armored Vehicle,Operational,0,0,0.0
261791.68,7,37398.81142857143,16,Radar,Out of Service,0,0,0.02
214563.43,6,35760.57166666666,10,Armored Vehicle,Out of Service,0,0,0.0
817061.66,17,48062.4505882353,16,Generator,Operational,1,1,1.0
0.0,0,0.0,4,Radar,Operational,0,0,0.0
173319.36,6,28886.56,8,Communication System,Operational,0,0,0.0
59963.54,3,19987.846666666668,7,Tank,Operational,0,0,0.0
0.0,0,0.0,12,Truck,Operational,0,0,0.0
108236.49,3,36078.83,18,Armored Vehicle,Operational,0,0,0.0
209872.02,8,26234.0025,19,Armored Vehicle,Operational,1,1,1.0
0.0,0,0.0,5,Radar,Operational,0,0,0.0
560873.17,16,35054.573125,6,Truck,Maintenance,1,1,1.0
353321.92,8,44165.24,2,Missile Launcher,Maintenance,1,1,0.995
847286.12,20,42364.306,11,Tank,Operational,1,1,1.0
124387.95,5,24877.59,19,Communication System,Maintenance,0,0,0.0
0.0,0,0.0,20,Truck,Maintenance,0,0,0.0
421944.55,9,46882.72777777778,7,Armored Vehicle,Operational,1,1,1.0
131258.25,7,18751.17857142857,17,Generator,Operational,0,0,0.005
0.0,0,0.0,15,Tank,Operational,0,0,0.0
89354.67,2,44677.335,7,Truck,Out of Service,0,0,0.0
192084.74,4,48021.185,11,Truck,Out of Service,0,0,0.0
40505.5,1,40505.5,12,Communication System,Operational,0,0,0.0
171653.49,5,34330.698,6,Generator,Maintenance,0,0,0.0
81088.74,3,27029.58,8,Communication System,Operational,0,0,0.0
248344.86,5,49668.972,17,Missile Launcher,Maintenance,0,0,0.005
317308.22,19,16700.432631578948,12,Communication System,Operational,1,1,1.0
147277.37,3,49092.456666666665,3,Armored Vehicle,Operational,0,0,0.0
187433.62,4,46858.405,18,Drone,Out of Service,0,0,0.0
62817.12,4,15704.28,2,Generator,Operational,0,0,0.0
268973.39,6,44828.89833333334,11,Generator,Operational,0,0,0.0
407692.67,19,21457.50894736842,4,Communication System,Operational,1,1,1.0
125027.67,4,31256.9175,19,Missile Launcher,Operational,0,0,0.0
106005.82,4,26501.455,11,Generator,Operational,0,0,0.0
122869.14,4,30717.285,9,Tank,Out of Service,0,0,0.0
35678.36,1,35678.36,18,Radar,Maintenance,0,0,0.0
86424.81,2,43212.405,13,Truck,Operational,0,0,0.0
25715.91,1,25715.91,1,Tank,Operational,0,0,0.0
726243.81,20,36312.1905,20,Radar,Operational,1,1,1.0
0.0,0,0.0,5,Communication System,Operational,0,0,0.0
89900.97,5,17980.194,21,Communication System,Maintenance,0,0,0.0
316964.56,8,39620.57,3,Missile Launcher,Operational,1,1,1.0
703703.44,17,41394.32,21,Armored Vehicle,Maintenance,1,1,1.0
268233.6,8,33529.2,9,Armored Vehicle,Operational,1,1,1.0
574712.96,12,47892.746666666666,1,Generator,Maintenance,1,1,1.0
122747.59,3,40915.863333333335,21,Radar,Operational,0,0,0.0
59048.12,2,29524.06,10,Truck,Operational,0,0,0.0
28440.94,1,28440.94,5,Generator,Operational,0,0,0.0
139989.06,4,34997.265,21,Communication System,Maintenance,0,0,0.0
30071.17,2,15035.585,3,Missile Launcher,Operational,0,0,0.0
442275.9,16,27642.24375,8,Drone,Operational,1,1,1.0
426700.32,17,25100.01882352941,2,Armored Vehicle,Operational,1,1,1.0
265260.03,11,24114.548181818183,16,Communication System,Maintenance,1,1,1.0
246358.23,7,35194.03285714286,13,Armored Vehicle,Operational,0,0,0.02
580259.03,15,38683.935333333335,2,Tank,Operational,1,1,1.0
561483.74,17,33028.455294117644,21,Tank,Maintenance,1,1,1.0
124322.1,3,41440.7,15,Armored Vehicle,Operational,0,0,0.0
134387.69,4,33596.9225,3,Missile Launcher,Operational,0,0,0.0
42062.91,2,21031.455,14,Drone,Operational,0,0,0.0
120919.72,6,20153.286666666667,17,Truck,Out of Service,0,0,0.0
126001.52,8,15750.19,1,Radar,Operational,1,1,0.985
105893.12,7,15127.58857142857,15,Tank,Operational,0,0,0.0
907962.09,20,45398.1045,5,Radar,Operational,1,1,1.0
176251.7,4,44062.925,4,Drone,Operational,0,0,0.0
88880.03,3,29626.676666666663,4,Tank,Operational,0,0,0.0
126360.25,3,42120.083333333336,21,Tank,Operational,0,0,0.0
54026.53,2,27013.265,16,Radar,Operational,0,0,0.0
123813.92,5,24762.784,11,Generator,Operational,0,0,0.0
188996.2,11,17181.47272727273,16,Missile Launcher,Operational,1,1,1.0
751387.66,19,39546.71894736842,4,Missile Launcher,Operational,1,1,1.0
108894.35,3,36298.11666666667,7,Tank,Out of Service,0,0,0.0
97455.12,3,32485.04,6,Communication System,Operational,0,0,0.0
99838.43,4,24959.6075,20,Generator,Operational,0,0,0.0
252223.11,11,22929.373636363634,10,Armored Vehicle,Operational,1,1,0.995
668511.62,18,37139.53444444444,8,Drone,Operational,1,1,1.0
0.0,0,0.0,7,Generator,Operational,0,0,0.0
110158.13,5,22031.626,21,Truck,Operational,0,0,0.0
46610.46,2,23305.23,3,Communication System,Operational,0,0,0.0
121112.14,4,30278.035,16,Missile Launcher,Operational,0,0,0.005
106783.08,4,26695.77,15,Armored Vehicle,Operational,0,0,0.0
64787.51,2,32393.755,17,Generator,Operational,0,0,0.0
81050.88,2,40525.44,4,Communication System,Operational,0,0,0.0
97405.57,2,48702.785,9,Truck,Operational,0,0,0.0
142092.2,3,47364.06666666667,12,Drone,Operational,0,0,0.0
161284.57,5,32256.914,2,Missile Launcher,Operational,0,0,0.0
46845.72,1,46845.72,1,Tank,Operational,0,0,0.0
75707.72,2,37853.86,10,Drone,Operational,0,0,0.0
25404.99,1,25404.99,10,Radar,Operational,0,0,0.0
543481.61,20,27174.0805,15,Generator,Operational,1,1,1.0
306639.56,18,17035.53111111111,8,Drone,Operational,1,1,1.0
569147.08,14,40653.362857142856,2,Drone,Operational,1,1,1.0
371953.1,9,41328.12222222222,16,Armored Vehicle,Maintenance,1,1,0.995
179718.27,5,35943.653999999995,1,Drone,Operational,0,0,0.0
88413.49,4,22103.3725,12,Communication System,Operational,0,0,0.0
308829.56,7,44118.508571428574,15,Armored Vehicle,Operational,0,0,0.005
105976.12,7,15139.445714285714,14,Communication System,Operational,0,0,0.0
21804.03,1,21804.03,5,Missile Launcher,Operational,0,0,0.0
550186.39,17,32363.90529411765,5,Communication System,Operational,1,1,1.0
402929.97,9,44769.996666666666,16,Drone,Maintenance,1,1,1.0
81367.15,2,40683.575,3,Missile Launcher,Operational,0,0,0.0
144703.34,3,48234.44666666666,19,Drone,Maintenance,0,0,0.0
78095.7,5,15619.14,20,Communication System,Operational,0,0,0.0
84587.16,2,42293.58,1,Missile Launcher,Operational,0,0,0.0
27258.05,1,27258.05,9,Radar,Maintenance,0,0,0.0
113931.67,3,37977.223333333335,5,Radar,Operational,0,0,0.0
253812.3,8,31726.5375,1,Missile Launcher,Operational,1,1,1.0
199035.26,5,39807.052,12,Missile Launcher,Operational,0,0,0.0
67622.72,3,22540.906666666662,16,Armored Vehicle,Operational,0,0,0.0
98313.99,4,24578.4975,10,Radar,Operational,0,0,0.0
174244.7,6,29040.783333333336,16,Radar,Operational,0,0,0.0
444001.61,16,27750.100625,19,Generator,Operational,1,1,1.0
484485.57,10,48448.557,4,Armored Vehicle,Operational,1,1,1.0
107018.88,5,21403.776,12,Drone,Operational,0,0,0.0
195654.86,9,21739.428888888888,4,Generator,Operational,1,1,1.0
48540.93,3,16180.31,16,Missile Launcher,Out of Service,0,0,0.0
48693.08,2,24346.54,5,Radar,Maintenance,0,0,0.0
80894.03,5,16178.806,8,Armored Vehicle,Operational,0,0,0.0
87626.71,4,21906.6775,13,Communication System,Out of Service,0,0,0.0
0.0,0,0.0,9,Missile Launcher,Operational,0,0,0.0
130132.12,6,21688.686666666665,15,Missile Launcher,Operational,0,0,0.0
77217.51,3,25739.17,21,Truck,Maintenance,0,0,0.0
0.0,0,0.0,10,Generator,Operational,0,0,0.0
101746.08,3,33915.36,11,Communication System,Operational,0,0,0.0
43332.58,1,43332.58,8,Armored Vehicle,Operational,0,0,0.0
190994.79,4,47748.6975,3,Truck,Operational,0,0,0.0
125931.98,6,20988.66333333333,10,Communication System,Out of Service,0,0,0.0
33710.5,1,33710.5,20,Drone,Maintenance,0,0,0.0
24724.07,1,24724.07,17,Tank,Operational,0,0,0.0
0.0,0,0.0,4,Drone,Operational,0,0,0.0
173846.63,5,34769.326,20,Tank,Out of Service,0,0,0.0
115982.01,3,38660.67,12,Generator,Operational,0,0,0.0
100131.76,3,33377.253333333334,15,Radar,Operational,0,0,0.0
211814.24,8,26476.78,21,Truck,Operational,1,1,0.985
137676.82,5,27535.364,2,Drone,Operational,0,0,0.0
119329.67,6,19888.27833333333,7,Radar,Operational,0,0,0.0
225053.83,5,45010.766,4,Truck,Operational,0,0,0.0
59990.41,3,19996.803333333333,19,Drone,Maintenance,0,0,0.0
294635.51,8,36829.43875,21,Generator,Maintenance,1,1,0.98
98028.05,2,49014.025,18,Armored Vehicle,Operational,0,0,0.0
126266.04,3,42088.68,12,Drone,Operational,0,0,0.0
58525.91,2,29262.955,14,Generator,Operational,0,0,0.0
312423.84,8,39052.98,20,Drone,Operational,1,1,1.0
146542.06,4,36635.515,8,Drone,Operational,0,0,0.005
111640.15,6,18606.691666666666,4,Truck,Operational,0,0,0.0
182884.72,7,26126.38857142857,8,Radar,Operational,0,0,0.01
43373.83,1,43373.83,19,Generator,Maintenance,0,0,0.0
559577.56,12,46631.46333333334,7,Missile Launcher,Maintenance,1,1,1.0
21622.25,1,21622.25,19,Communication System,Operational,0,0,0.0
140860.97,4,35215.2425,17,Armored Vehicle,Operational,0,0,0.0
467803.68,10,46780.368,15,Tank,Out of Service,1,1,1.0
585630.14,17,34448.83176470589,18,Truck,Maintenance,1,1,1.0
62493.63,2,31246.815,9,Generator,Operational,0,0,0.0
141212.99,3,47070.996666666666,21,Armored Vehicle,Out of Service,0,0,0.0
86087.07,2,43043.535,16,Missile Launcher,Operational,0,0,0.0
67003.88,3,22334.626666666667,10,Missile Launcher,Operational,0,0,0.0
25091.99,1,25091.99,7,Communication System,Operational,0,0,0.0
66412.79,3,22137.596666666665,15,Missile Launcher,Operational,0,0,0.0
77585.08,3,25861.693333333333,4,Missile Launcher,Operational,0,0,0.0
318129.64,8,39766.205,1,Tank,Operational,1,1,0.99
23942.3,1,23942.3,18,Drone,Out of Service,0,0,0.0
434589.52,15,28972.63466666667,20,Tank,Operational,1,1,1.0
126660.24,4,31665.06,20,Missile Launcher,Operational,0,0,0.0
134865.71,3,44955.23666666666,15,Radar,Operational,0,0,0.0
155248.63,8,19406.07875,6,Truck,Operational,1,1,1.0
390997.23,12,32583.1025,4,Drone,Operational,1,1,1.0
428153.0,12,35679.416666666664,13,Communication System,Operational,1,1,1.0
229824.69,9,25536.076666666668,18,Missile Launcher,Operational,1,1,1.0
145185.82,6,24197.63666666667,2,Missile Launcher,Operational,0,0,0.0
66623.26,4,16655.815,1,Tank,Operational,0,0,0.0
15983.21,1,15983.21,20,Radar,Operational,0,0,0.005
48846.22,1,48846.22,1,Communication System,Operational,0,0,0.0
142188.35,4,35547.0875,15,Tank,Operational,0,0,0.0
196361.51,4,49090.3775,19,Drone,Maintenance,0,0,0.0
173327.04,6,28887.84,7,Generator,Operational,0,0,0.0
22514.74,1,22514.74,11,Drone,Operational,0,0,0.0
297982.46,9,33109.16222222222,11,Armored Vehicle,Operational,1,1,1.0
409466.39,16,25591.649375,6,Tank,Operational,1,1,1.0
181354.01,4,45338.5025,20,Communication System,Operational,0,0,0.005
232909.05,6,38818.175,2,Radar,Operational,0,0,0.0
155443.93,8,19430.49125,14,Tank,Operational,1,1,1.0
194509.07,5,38901.814,15,Generator,Operational,0,0,0.0
181673.11,11,16515.73727272727,11,Armored Vehicle,Operational,1,1,1.0
87168.5,2,43584.25,3,Generator,Operational,0,0,0.0
62882.89,3,20960.963333333333,6,Generator,Operational,0,0,0.0
463721.66,11,42156.51454545454,14,Missile Launcher,Operational,1,1,1.0
239581.03,9,26620.114444444444,21,Truck,Maintenance,1,1,0.985
59539.07,3,19846.356666666667,2,Drone,Operational,0,0,0.0
408881.93,19,21520.101578947368,9,Armored Vehicle,Operational,1,1,1.0
82822.18,2,41411.09,10,Missile Launcher,Operational,0,0,0.0
93203.44,2,46601.72,4,Truck,Operational,0,0,0.0
214254.97,7,30607.852857142854,8,Truck,Operational,0,0,0.0
168208.98,8,21026.1225,11,Missile Launcher,Operational,1,1,1.0
207215.82,7,29602.26,19,Missile Launcher,Out of Service,0,0,0.01
0.0,0,0.0,10,Communication System,Operational,0,0,0.0
595366.95,12,49613.9125,2,Tank,Operational,1,1,0.995
428236.95,9,47581.88333333333,19,Tank,Maintenance,1,1,1.0
88629.18,3,29543.06,20,Missile Launcher,Operational,0,0,0.0
538532.79,15,35902.186,18,Truck,Maintenance,1,1,1.0
69688.55,4,17422.1375,11,Communication System,Operational,0,0,0.0
248082.35,12,20673.529166666667,7,Tank,Operational,1,1,1.0
140994.96,3,46998.32,20,Generator,Out of Service,0,0,0.0
21555.14,1,21555.14,9,Communication System,Operational,0,0,0.0
37651.15,1,37651.15,2,Drone,Operational,0,0,0.0
197667.75,11,17969.795454545456,20,Truck,Operational,1,1,1.0
38477.06,2,19238.53,5,Generator,Operational,0,0,0.0
74704.6,3,24901.533333333336,5,Communication System,Operational,0,0,0.0
184518.69,4,46129.6725,3,Generator,Operational,0,0,0.0
266695.12,12,22224.59333333333,18,Communication System,Maintenance,1,1,1.0
180067.42,6,30011.236666666668,1,Tank,Operational,0,0,0.0
718795.87,18,39933.10388888889,12,Truck,Operational,1,1,1.0
99742.5,2,49871.25,15,Communication System,Operational,0,0,0.0
125066.84,4,31266.71,7,Radar,Operational,0,0,0.0
120746.66,3,40248.886666666665,18,Tank,Out of Service,0,0,0.0
15787.53,1,15787.53,17,Communication System,Maintenance,0,0,0.0
185631.3,9,20625.7,18,Missile Launcher,Operational,1,1,1.0
150059.96,5,30011.992,5,Radar,Maintenance,0,0,0.0
349672.68,9,38852.52,4,Truck,Operational,1,1,1.0
107753.57,3,35917.85666666667,21,Drone,Operational,0,0,0.0
216307.37,8,27038.42125,19,Armored Vehicle,Operational,1,1,0.995
390574.2,9,43397.13333333333,17,Communication System,Operational,1,1,1.0
139409.04,8,17426.13,2,Communication System,Operational,1,1,0.995
98368.89,4,24592.2225,4,Communication System,Operational,0,0,0.0
572495.19,18,31805.28833333333,9,Truck,Operational,1,1,1.0
146964.1,3,48988.03333333333,12,Armored Vehicle,Operational,0,0,0.0
477965.02,17,28115.589411764708,14,Communication System,Operational,1,1,1.0
0.0,0,0.0,20,Generator,Operational,0,0,0.0
181683.73,6,30280.62166666667,21,Generator,Operational,0,0,0.0
76011.72,3,25337.24,7,Truck,Operational,0,0,0.0
72878.8,2,36439.4,6,Truck,Operational,0,0,0.0
455800.55,13,35061.58076923077,1,Drone,Operational,1,1,1.0
243826.53,5,48765.306,1,Truck,Operational,0,0,0.005
57435.86,2,28717.93,7,Armored Vehicle,Operational,0,0,0.0
71355.01,2,35677.505,14,Radar,Operational,0,0,0.0
108598.81,4,27149.7025,5,Missile Launcher,Operational,0,0,0.0
193072.95,9,21452.550000000003,19,Missile Launcher,Operational,1,1,1.0
86610.74,4,21652.685,1,Missile Launcher,Operational,0,0,0.0
147278.81,3,49092.93666666667,6,Radar,Operational,0,0,0.005
475460.88,13,36573.913846153846,7,Communication System,Maintenance,1,1,1.0
0.0,0,0.0,2,Communication System,Operational,0,0,0.0
347512.49,7,49644.64142857143,8,Radar,Operational,0,0,0.035
104161.36,3,34720.45333333333,11,Generator,Operational,0,0,0.0
89522.7,3,29840.9,1,Radar,Maintenance,0,0,0.0
224481.98,5,44896.396,2,Missile Launcher,Operational,0,0,0.0
95015.84,4,23753.96,6,Truck,Operational,0,0,0.0
106682.08,3,35560.693333333336,14,Truck,Operational,0,0,0.0
136186.18,3,45395.39333333333,13,Truck,Operational,0,0,0.0
224139.87,5,44827.974,4,Truck,Operational,0,0,0.0
138290.81,4,34572.7025,2,Generator,Operational,0,0,0.0
307945.3,8,38493.1625,19,Communication System,Operational,1,1,1.0
67577.59,2,33788.795,11,Drone,Operational,0,0,0.0
116384.01,3,38794.67,6,Generator,Operational,0,0,0.0
121623.88,3,40541.293333333335,15,Radar,Operational,0,0,0.0
305618.26,7,43659.75142857143,12,Truck,Operational,0,0,0.0
240889.46,8,30111.1825,20,Generator,Maintenance,1,1,0.975
178080.11,4,44520.0275,2,Armored Vehicle,Operational,0,0,0.0
0.0,0,0.0,11,Armored Vehicle,Operational,0,0,0.0
94857.82,4,23714.455,5,Armored Vehicle,Operational,0,0,0.0
67892.23,3,22630.74333333333,2,Drone,Operational,0,0,0.0
48590.37,1,48590.37,2,Generator,Maintenance,0,0,0.0
129438.57,4,32359.6425,17,Tank,Operational,0,0,0.0
234627.39,6,39104.565,16,Generator,Maintenance,0,0,0.005
99184.24,6,16530.70666666667,19,Generator,Maintenance,0,0,0.0
213655.41,9,23739.49,16,Radar,Out of Service,1,1,0.995
99682.66,4,24920.665,18,Drone,Operational,0,0,0.005
69543.55,4,17385.8875,19,Truck,Operational,0,0,0.0
0.0,0,0.0,18,Missile Launcher,Operational,0,0,0.0
117461.65,5,23492.33,11,Radar,Operational,0,0,0.0
448031.81,9,49781.31222222222,7,Tank,Operational,1,1,1.0
187507.39,4,46876.8475,20,Truck,Operational,0,0,0.0
134181.44,4,33545.36,19,Truck,Maintenance,0,0,0.0
139562.16,4,34890.54,7,Missile Launcher,Operational,0,0,0.0
171573.58,4,42893.395,14,Missile Launcher,Operational,0,0,0.0
57859.14,2,28929.57,13,Tank,Operational,0,0,0.0
111949.95,4,27987.4875,3,Radar,Operational,0,0,0.0
239206.5,5,47841.3,7,Tank,Operational,0,0,0.0
170536.48,11,15503.316363636364,4,Drone,Operational,1,1,1.0
63048.85,4,15762.2125,18,Drone,Operational,0,0,0.0
44087.07,2,22043.535,17,Radar,Operational,0,0,0.0
234746.65,5,46949.33,5,Missile Launcher,Operational,0,0,0.0
259318.87,14,18522.77642857143,13,Armored Vehicle,Operational,1,1,1.0
138922.31,8,17365.28875,2,Radar,Operational,1,1,1.0
431584.57,11,39234.96090909091,9,Drone,Operational,1,1,1.0
368760.88,9,40973.43111111111,11,Radar,Operational,1,1,1.0
67184.9,4,16796.225,9,Drone,Operational,0,0,0.0
299916.47,7,42845.21,3,Armored Vehicle,Operational,0,0,0.005
132696.21,3,44232.07,8,Armored Vehicle,Operational,0,0,0.0
713456.71,16,44591.044375,4,Truck,Operational,1,1,1.0
147878.8,3,49292.93333333333,13,Radar,Operational,0,0,0.0
41001.1,2,20500.55,5,Radar,Operational,0,0,0.0
165348.6,5,33069.72,12,Radar,Operational,0,0,0.0
219819.01,6,36636.50166666667,17,Missile Launcher,Maintenance,0,0,0.0
66556.53,2,33278.265,12,Missile Launcher,Operational,0,0,0.0
120492.72,3,40164.24,20,Communication System,Operational,0,0,0.0
0.0,0,0.0,15,Tank,Maintenance,0,0,0.0
0.0,0,0.0,5,Tank,Operational,0,0,0.0
78673.41,2,39336.705,17,Generator,Maintenance,0,0,0.0
75880.15,4,18970.0375,13,Truck,Out of Service,0,0,0.005
46285.76,1,46285.76,4,Armored Vehicle,Operational,0,0,0.0
30180.16,1,30180.16,14,Communication System,Operational,0,0,0.0
24380.3,1,24380.3,8,Tank,Operational,0,0,0.0
338659.27,12,28221.60583333333,17,Armored Vehicle,Maintenance,1,1,1.0
162637.88,8,20329.735,14,Drone,Operational,1,1,0.995
0.0,0,0.0,6,Radar,Operational,0,0,0.0
284105.6,7,40586.514285714286,12,Truck,Operational,0,0,0.0
473723.21,10,47372.321,14,Communication System,Operational,1,1,1.0
141920.67,5,28384.134,21,Communication System,Operational,0,0,0.0
23555.6,1,23555.6,12,Generator,Operational,0,0,0.0
106317.52,4,26579.38,4,Radar,Operational,0,0,0.0
754581.32,17,44387.13647058823,15,Radar,Operational,1,1,1.0
87222.98,2,43611.49,6,Tank,Operational,0,0,0.0
497981.5,16,31123.84375,5,Tank,Operational,1,1,1.0
43720.97,2,21860.485,19,Radar,Operational,0,0,0.0
28747.5,1,28747.5,15,Missile Launcher,Operational,0,0,0.0
722215.02,16,45138.43875,7,Missile Launcher,Maintenance,1,1,1.0
43586.01,1,43586.01,5,Truck,Operational,0,0,0.0
417483.49,12,34790.29083333333,2,Missile Launcher,Operational,1,1,1.0
53616.52,2,26808.26,10,Tank,Operational,0,0,0.0
23741.97,1,23741.97,2,Truck,Operational,0,0,0.0
129007.21,3,43002.403333333335,18,Communication System,Operational,0,0,0.0
185854.86,7,26550.69428571428,10,Drone,Operational,0,0,0.015
390228.21,9,43358.69,21,Drone,Operational,1,1,1.0
752951.82,18,41830.65666666666,5,Radar,Operational,1,1,1.0
68667.92,3,22889.306666666667,11,Generator,Operational,0,0,0.0
433044.12,10,43304.412,12,Drone,Operational,1,1,1.0
472336.27,11,42939.66090909091,15,Drone,Maintenance,1,1,1.0
167812.31,4,41953.0775,2,Drone,Operational,0,0,0.0
254459.14,6,42409.85666666667,3,Truck,Operational,0,0,0.005
93883.54,6,15647.256666666666,14,Armored Vehicle,Operational,0,0,0.0
83590.99,2,41795.495,3,Truck,Operational,0,0,0.0
211795.21,7,30256.45857142857,6,Armored Vehicle,Operational,0,0,0.0
79912.94,2,39956.47,21,Drone,Operational,0,0,0.0
467118.75,11,42465.34090909091,21,Missile Launcher,Maintenance,1,1,1.0
207179.41,7,29597.058571428573,12,Tank,Operational,0,0,0.01
54640.69,2,27320.345,11,Missile Launcher,Operational,0,0,0.0
200421.25,8,25052.65625,8,Communication System,Maintenance,1,1,0.985
253261.87,9,28140.207777777778,1,Drone,Operational,1,1,0.99
60312.75,2,30156.375,1,Radar,Out of Service,0,0,0.0
94637.89,2,47318.945,8,Generator,Operational,0,0,0.0
65754.71,2,32877.355,13,Truck,Operational,0,0,0.0
252073.52,6,42012.25333333333,5,Communication System,Operational,0,0,0.0
118259.87,3,39419.956666666665,19,Tank,Operational,0,0,0.0
73773.27,3,24591.09,19,Drone,Operational,0,0,0.0
95388.61,6,15898.101666666667,20,Missile Launcher,Operational,0,0,0.0
72868.0,4,18217.0,5,Communication System,Operational,0,0,0.0
101540.26,5,20308.052,10,Communication System,Operational,0,0,0.0
79978.47,2,39989.235,13,Truck,Operational,0,0,0.0
0.0,0,0.0,21,Communication System,Maintenance,0,0,0.0
225775.93,15,15051.728666666666,6,Radar,Operational,1,1,1.0
79962.46,3,26654.153333333332,19,Armored Vehicle,Maintenance,0,0,0.0
49857.79,2,24928.895,20,Generator,Maintenance,0,0,0.0
526255.93,20,26312.796500000004,4,Drone,Operational,1,1,1.0
383719.91,8,47964.98875,13,Tank,Out of Service,1,1,0.995
120280.95,3,40093.65,5,Generator,Operational,0,0,0.0
821104.07,20,41055.2035,2,Communication System,Maintenance,1,1,0.995
217273.21,9,24141.467777777776,19,Radar,Operational,1,1,0.995
434196.46,9,48244.05111111111,8,Missile Launcher,Operational,1,1,1.0
158002.18,7,22571.74,7,Drone,Operational,0,0,0.0
110418.54,4,27604.635,2,Tank,Operational,0,0,0.0
64087.16,4,16021.79,16,Communication System,Operational,0,0,0.0
232648.72,6,38774.78666666667,6,Communication System,Operational,0,0,0.0
540116.37,14,38579.74071428571,13,Missile Launcher,Out of Service,1,1,1.0
147192.3,3,49064.1,20,Armored Vehicle,Maintenance,0,0,0.0
178045.81,4,44511.4525,6,Missile Launcher,Operational,0,0,0.0
216117.77,6,36019.628333333334,2,Armored Vehicle,Operational,0,0,0.005
81733.57,2,40866.785,13,Truck,Operational,0,0,0.0
90586.62,4,22646.655,18,Tank,Maintenance,0,0,0.0
217249.96,8,27156.245,13,Generator,Operational,1,1,0.985
0.0,0,0.0,15,Missile Launcher,Operational,0,0,0.0
265513.64,8,33189.205,8,Drone,Operational,1,1,1.0
59021.83,2,29510.915,11,Drone,Operational,0,0,0.0
157715.74,8,19714.4675,16,Truck,Maintenance,1,1,0.995
113130.94,7,16161.562857142855,17,Missile Launcher,Maintenance,0,0,0.005
82834.17,2,41417.085,12,Truck,Operational,0,0,0.0
151917.28,9,16879.69777777778,1,Missile Launcher,Operational,1,1,0.995
285769.43,7,40824.20428571429,5,Generator,Out of Service,0,0,0.02
55615.53,2,27807.765,18,Radar,Operational,0,0,0.0
331552.8,19,17450.14736842105,14,Missile Launcher,Operational,1,1,1.0
82486.37,2,41243.185,9,Truck,Operational,0,0,0.0
72422.66,3,24140.88666666667,5,Communication System,Operational,0,0,0.0
74847.73,2,37423.865,12,Drone,Operational,0,0,0.0
89164.37,2,44582.185,1,Communication System,Operational,0,0,0.0
173151.31,8,21643.91375,3,Tank,Operational,1,1,1.0
626815.64,13,48216.587692307694,1,Missile Launcher,Operational,1,1,1.0
32926.5,2,16463.25,1,Armored Vehicle,Maintenance,0,0,0.005
103094.93,3,34364.97666666666,13,Truck,Operational,0,0,0.0
41847.46,1,41847.46,6,Tank,Operational,0,0,0.0
285903.16,10,28590.316,2,Truck,Operational,1,1,1.0
0.0,0,0.0,5,Armored Vehicle,Out of Service,0,0,0.0
149565.14,5,29913.028,8,Missile Launcher,Operational,0,0,0.0
271109.1,10,27110.91,4,Communication System,Out of Service,1,1,0.985
454503.25,15,30300.216666666667,11,Radar,Operational,1,1,1.0
198830.99,4,49707.7475,19,Armored Vehicle,Maintenance,0,0,0.0
248815.92,6,41469.32,15,Armored Vehicle,Operational,0,0,0.0
272467.8,9,30274.2,16,Armored Vehicle,Operational,1,1,1.0
409927.57,13,31532.89,12,Generator,Maintenance,1,1,1.0
260919.54,8,32614.9425,14,Generator,Operational,1,1,1.0
144925.2,3,48308.4,7,Truck,Operational,0,0,0.0
64730.67,4,16182.6675,11,Radar,Operational,0,0,0.0
288023.64,8,36002.955,5,Missile Launcher,Operational,1,1,0.99
49641.32,2,24820.66,20,Generator,Operational,0,0,0.0
160503.71,9,17833.745555555553,12,Radar,Operational,1,1,1.0
125367.83,3,41789.276666666665,1,Drone,Operational,0,0,0.0
106901.63,4,26725.4075,20,Tank,Operational,0,0,0.0
200363.64,6,33393.94,20,Truck,Maintenance,0,0,0.0
192594.88,4,48148.72,19,Generator,Operational,0,0,0.005
195673.39,5,39134.678,21,Drone,Maintenance,0,0,0.0
155309.29,4,38827.3225,14,Communication System,Operational,0,0,0.0
251230.24,9,27914.47111111111,17,Communication System,Maintenance,1,1,0.995
663190.18,18,36843.89888888889,20,Truck,Maintenance,1,1,1.0
138088.45,9,15343.161111111112,12,Armored Vehicle,Operational,1,1,0.99
414004.58,9,46000.50888888889,17,Truck,Out of Service,1,1,1.0
468569.97,14,33469.28357142857,14,Communication System,Operational,1,1,1.0
125552.31,3,41850.77,2,Missile Launcher,Operational,0,0,0.0
34849.6,1,34849.6,12,Communication System,Operational,0,0,0.0
127285.53,3,42428.51,21,Tank,Operational,0,0,0.0
241628.73,6,40271.455,17,Truck,Maintenance,0,0,0.0
87934.87,2,43967.435,5,Tank,Operational,0,0,0.0
345009.61,9,38334.40111111111,14,Armored Vehicle,Operational,1,1,1.0
242599.24,8,30324.905,2,Missile Launcher,Operational,1,1,0.98
366674.24,8,45834.28,11,Missile Launcher,Operational,1,1,1.0
54576.45,3,18192.15,21,Missile Launcher,Operational,0,0,0.0
182055.13,8,22756.89125,16,Missile Launcher,Out of Service,1,1,0.99
451201.38,17,26541.257647058825,7,Missile Launcher,Maintenance,1,1,1.0
0.0,0,0.0,11,Missile Launcher,Operational,0,0,0.0
471851.74,10,47185.174,17,Radar,Maintenance,1,1,1.0
0.0,0,0.0,15,Communication System,Operational,0,0,0.0
381555.55,13,29350.42692307692,2,Drone,Operational,1,1,1.0
866287.14,19,45594.06,6,Armored Vehicle,Operational,1,1,1.0
0.0,0,0.0,13,Radar,Operational,0,0,0.0
142972.07,3,47657.35666666667,8,Generator,Operational,0,0,0.0
739475.57,15,49298.37133333333,14,Missile Launcher,Operational,1,1,1.0
68749.5,2,34374.75,3,Truck,Operational,0,0,0.0
211633.71,8,26454.21375,9,Communication System,Operational,1,1,0.99
0.0,0,0.0,2,Tank,Operational,0,0,0.0
108497.41,7,15499.63,20,Communication System,Maintenance,0,0,0.005
631113.8,17,37124.34117647059,14,Missile Launcher,Maintenance,1,1,1.0
381700.67,10,38170.067,8,Tank,Operational,1,1,1.0
88925.09,2,44462.545,11,Armored Vehicle,Operational,0,0,0.0
596436.35,12,49703.02916666667,21,Radar,Operational,1,1,1.0
223869.86,5,44773.972,5,Truck,Operational,0,0,0.0
820140.26,17,48243.54470588236,6,Tank,Operational,1,1,1.0
194254.22,4,48563.555,21,Armored Vehicle,Operational,0,0,0.0
82549.66,4,20637.415,21,Tank,Operational,0,0,0.0
714217.68,20,35710.884000000005,1,Tank,Operational,1,1,1.0
44053.43,1,44053.43,12,Radar,Maintenance,0,0,0.0
227441.83,5,45488.366,10,Armored Vehicle,Operational,0,0,0.0
101411.47,5,20282.294,6,Drone,Operational,0,0,0.0
92037.92,4,23009.48,5,Drone,Operational,0,0,0.0
524291.25,14,37449.375,6,Radar,Operational,1,1,1.0
119608.94,3,39869.64666666667,21,Missile Launcher,Operational,0,0,0.0
249943.87,6,41657.31166666667,21,Truck,Maintenance,0,0,0.005
70762.05,3,23587.35,21,Tank,Operational,0,0,0.0
135386.28,4,33846.57,7,Radar,Operational,0,0,0.0
575233.13,20,28761.6565,19,Drone,Maintenance,1,1,1.0
49544.57,1,49544.57,13,Tank,Operational,0,0,0.0
157032.07,4,39258.0175,7,Armored Vehicle,Operational,0,0,0.0
300682.01,8,37585.25125,18,Radar,Operational,1,1,1.0
0.0,0,0.0,20,Missile Launcher,Out of Service,0,0,0.0
430308.02,9,47812.00222222223,12,Radar,Operational,1,1,1.0
32467.99,2,16233.995,13,Drone,Operational,0,0,0.0
63616.48,2,31808.24,13,Truck,Operational,0,0,0.0
146256.43,5,29251.286,1,Missile Launcher,Operational,0,0,0.0
175216.31,4,43804.0775,9,Missile Launcher,Maintenance,0,0,0.0
46090.45,1,46090.45,17,Communication System,Operational,0,0,0.0
172223.91,4,43055.9775,1,Drone,Operational,0,0,0.0
127653.66,5,25530.732,21,Missile Launcher,Operational,0,0,0.0
41364.01,2,20682.005,18,Missile Launcher,Operational,0,0,0.0
135805.5,3,45268.5,6,Generator,Operational,0,0,0.0
211453.87,12,17621.155833333334,3,Truck,Operational,1,1,1.0
58581.31,3,19527.103333333333,17,Armored Vehicle,Operational,0,0,0.0
54489.54,3,18163.18,9,Armored Vehicle,Operational,0,0,0.0
434524.14,9,48280.46,14,Armored Vehicle,Operational,1,1,1.0
169009.03,11,15364.457272727272,8,Drone,Operational,1,1,1.0
100705.76,4,25176.44,19,Radar,Operational,0,0,0.0
99266.06,2,49633.03,18,Truck,Maintenance,0,0,0.005
116845.65,3,38948.55,8,Communication System,Operational,0,0,0.0
536059.47,18,29781.081666666665,10,Missile Launcher,Operational,1,1,1.0
182045.46,10,18204.546,4,Radar,Operational,1,1,1.0
139918.17,4,34979.5425,20,Generator,Operational,0,0,0.0
18474.45,1,18474.45,2,Missile Launcher,Operational,0,0,0.0
331277.41,17,19486.906470588237,8,Drone,Operational,1,1,1.0
192032.11,4,48008.0275,5,Tank,Operational,0,0,0.0
478861.56,11,43532.86909090909,20,Truck,Operational,1,1,1.0
292114.15,9,32457.12777777778,5,Armored Vehicle,Operational,1,1,1.0
196466.37,6,32744.395,21,Missile Launcher,Operational,0,0,0.005
29156.36,1,29156.36,2,Drone,Operational,0,0,0.0
42390.08,1,42390.08,2,Armored Vehicle,Operational,0,0,0.0
203993.71,7,29141.95857142857,13,Missile Launcher,Operational,0,0,0.0
92699.21,2,46349.605,18,Communication System,Operational,0,0,0.0
62152.25,2,31076.125,5,Missile Launcher,Operational,0,0,0.0
36579.71,1,36579.71,3,Missile Launcher,Maintenance,0,0,0.0
36772.09,1,36772.09,1,Armored Vehicle,Operational,0,0,0.0
363524.08,18,20195.782222222224,10,Armored Vehicle,Operational,1,1,1.0
171671.53,8,21458.94125,10,Armored Vehicle,Maintenance,1,1,0.995
0.0,0,0.0,20,Truck,Maintenance,0,0,0.0
37374.79,1,37374.79,9,Communication System,Operational,0,0,0.0
133434.37,4,33358.5925,16,Communication System,Operational,0,0,0.0
273465.98,9,30385.108888888888,9,Radar,Operational,1,1,1.0
87728.51,3,29242.836666666662,17,Drone,Maintenance,0,0,0.0
139265.9,4,34816.475,14,Drone,Maintenance,0,0,0.0
114666.76,5,22933.352,13,Drone,Operational,0,0,0.0
105495.56,4,26373.89,8,Radar,Operational,0,0,0.0
209978.95,7,29996.992857142857,1,Armored Vehicle,Operational,0,0,0.0
68294.02,4,17073.505,19,Communication System,Operational,0,0,0.0
159246.7,5,31849.340000000004,16,Drone,Maintenance,0,0,0.005
354057.07,8,44257.13375,1,Generator,Operational,1,1,1.0
40872.51,1,40872.51,16,Generator,Operational,0,0,0.0
286112.53,6,47685.42166666667,4,Communication System,Out of Service,0,0,0.01
33584.57,2,16792.285,7,Armored Vehicle,Operational,0,0,0.0
311181.78,15,20745.452,17,Drone,Operational,1,1,1.0
0.0,0,0.0,17,Armored Vehicle,Maintenance,0,0,0.0
517028.78,12,43085.73166666667,20,Drone,Maintenance,1,1,1.0
101537.06,5,20307.412,11,Tank,Operational,0,0,0.0
791458.08,17,46556.35764705882,4,Armored Vehicle,Maintenance,1,1,0.985
118039.77,3,39346.59,8,Generator,Maintenance,0,0,0.0
141418.38,3,47139.46,15,Armored Vehicle,Operational,0,0,0.0
169235.48,8,21154.435,21,Drone,Maintenance,1,1,1.0
140855.1,4,35213.775,11,Radar,Operational,0,0,0.0
384681.32,11,34971.02909090909,2,Missile Launcher,Operational,1,1,1.0
406021.55,9,45113.50555555555,3,Missile Launcher,Operational,1,1,1.0
105758.35,4,26439.5875,16,Communication System,Maintenance,0,0,0.0
717969.37,15,47864.62466666666,21,Tank,Maintenance,1,1,1.0
132284.37,4,33071.0925,12,Communication System,Out of Service,0,0,0.0
237670.74,5,47534.148,17,Tank,Operational,0,0,0.0
28089.72,1,28089.72,6,Radar,Operational,0,0,0.0
338539.09,8,42317.38625,20,Armored Vehicle,Maintenance,1,1,0.995
160106.06,6,26684.34333333333,20,Communication System,Maintenance,0,0,0.0
187437.37,5,37487.474,7,Generator,Maintenance,0,0,0.0
86378.37,2,43189.185,4,Tank,Maintenance,0,0,0.0
203559.6,10,20355.96,15,Radar,Operational,1,1,1.0
0.0,0,0.0,17,Radar,Maintenance,0,0,0.0
148644.59,4,37161.1475,15,Armored Vehicle,Operational,0,0,0.0
26780.74,1,26780.74,7,Drone,Operational,0,0,0.0
294340.76,11,26758.25090909091,15,Missile Launcher,Operational,1,1,1.0
123511.27,8,15438.90875,4,Truck,Maintenance,1,1,0.96
145371.36,7,20767.33714285714,5,Armored Vehicle,Operational,0,0,0.005
297420.33,6,49570.055,7,Truck,Operational,0,0,0.0
328330.77,8,41041.34625,18,Armored Vehicle,Operational,1,1,0.995
40602.24,2,20301.12,9,Armored Vehicle,Operational,0,0,0.0
49061.15,3,16353.716666666667,6,Missile Launcher,Operational,0,0,0.0
18138.64,1,18138.64,10,Tank,Operational,0,0,0.0
133845.87,4,33461.4675,1,Tank,Operational,0,0,0.0
325459.45,7,46494.20714285714,11,Radar,Operational,0,0,0.0
469854.9,17,27638.523529411767,8,Tank,Operational,1,1,1.0
462189.19,20,23109.4595,7,Generator,Operational,1,1,1.0
149802.96,7,21400.422857142858,18,Armored Vehicle,Out of Service,0,0,0.025
211478.87,6,35246.47833333333,12,Communication System,Operational,0,0,0.0
128023.39,4,32005.8475,20,Radar,Maintenance,0,0,0.0
50001.63,3,16667.21,14,Radar,Operational,0,0,0.0
585859.97,13,45066.151538461534,12,Tank,Operational,1,1,1.0
152670.61,7,21810.08714285714,15,Communication System,Operational,0,0,0.02
117428.16,7,16775.45142857143,4,Tank,Operational,0,0,0.0
154128.42,4,38532.105,21,Truck,Maintenance,0,0,0.0
77375.33,3,25791.77666666667,4,Truck,Operational,0,0,0.0
183349.31,4,45837.3275,7,Communication System,Operational,0,0,0.0
346899.35,9,38544.37222222222,6,Tank,Operational,1,1,1.0
165923.02,4,41480.755,8,Tank,Operational,0,0,0.0
278746.57,9,30971.841111111116,6,Tank,Operational,1,1,1.0
216938.88,14,15495.634285714286,7,Drone,Operational,1,1,1.0
0.0,0,0.0,15,Truck,Operational,0,0,0.0
92220.98,3,30740.326666666664,3,Drone,Maintenance,0,0,0.0
187108.34,7,26729.762857142858,13,Communication System,Operational,0,0,0.005
147566.47,3,49188.82333333333,12,Generator,Operational,0,0,0.0
81440.66,2,40720.33,21,Tank,Operational,0,0,0.0
92299.94,4,23074.985,11,Generator,Operational,0,0,0.0
227520.7,8,28440.0875,2,Generator,Maintenance,1,1,0.98
194614.85,4,48653.7125,12,Missile Launcher,Operational,0,0,0.0
92999.28,3,30999.76,19,Armored Vehicle,Maintenance,0,0,0.0
226441.17,5,45288.234,1,Radar,Operational,0,0,0.005
308985.57,11,28089.597272727275,12,Radar,Operational,1,1,1.0
60146.24,2,30073.12,19,Armored Vehicle,Operational,0,0,0.0
0.0,0,0.0,11,Missile Launcher,Out of Service,0,0,0.0
85042.5,2,42521.25,11,Tank,Operational,0,0,0.0
26047.11,1,26047.11,6,Communication System,Operational,0,0,0.0
567070.37,20,28353.5185,6,Communication System,Operational,1,1,1.0
24701.36,1,24701.36,16,Communication System,Operational,0,0,0.0
197325.98,7,28189.42571428572,2,Truck,Operational,0,0,0.01
52996.64,3,17665.546666666665,5,Radar,Operational,0,0,0.0
210887.22,6,35147.87,2,Tank,Operational,0,0,0.0
66807.76,3,22269.25333333333,10,Armored Vehicle,Operational,0,0,0.0
0.0,0,0.0,2,Communication System,Operational,0,0,0.0
174102.12,5,34820.424,1,Truck,Operational,0,0,0.0
228463.6,9,25384.844444444447,20,Armored Vehicle,Operational,1,1,1.0
243671.99,5,48734.398,9,Generator,Operational,0,0,0.0
389143.85,8,48642.98125,3,Communication System,Operational,1,1,1.0
34211.18,2,17105.59,16,Tank,Out of Service,0,0,0.0
120640.29,3,40213.43,17,Truck,Out of Service,0,0,0.0
116742.22,7,16677.46,15,Generator,Operational,0,0,0.0
142038.7,9,15782.077777777778,13,Generator,Operational,1,1,1.0
43115.88,2,21557.94,9,Communication System,Operational,0,0,0.0
88779.34,5,17755.868,10,Drone,Operational,0,0,0.0
951141.77,20,47557.0885,8,Generator,Out of Service,1,1,1.0
130182.25,8,16272.78125,2,Armored Vehicle,Operational,1,1,0.995
135431.18,4,33857.795,20,Truck,Maintenance,0,0,0.0
50737.74,3,16912.579999999998,6,Generator,Operational,0,0,0.0
306032.46,7,43718.92285714286,10,Tank,Operational,0,0,0.005
42196.85,2,21098.425,16,Missile Launcher,Operational,0,0,0.0
737233.49,16,46077.093125,3,Truck,Operational,1,1,1.0
86772.87,2,43386.435,12,Radar,Maintenance,0,0,0.0
51345.09,3,17115.03,3,Radar,Operational,0,0,0.0
546355.91,18,30353.106111111112,15,Radar,Operational,1,1,1.0
239766.37,9,26640.707777777778,9,Tank,Maintenance,1,1,0.99
149919.84,7,21417.12,19,Generator,Out of Service,0,0,0.01
443064.92,10,44306.492,6,Tank,Operational,1,1,1.0
31534.29,1,31534.29,10,Generator,Operational,0,0,0.0
64448.03,4,16112.0075,16,Armored Vehicle,Maintenance,0,0,0.0
136196.31,4,34049.0775,14,Radar,Operational,0,0,0.0
0.0,0,0.0,5,Drone,Operational,0,0,0.0
517970.93,16,32373.183125,3,Generator,Maintenance,1,1,1.0
314109.21,9,34901.02333333334,9,Drone,Operational,1,1,1.0
159768.02,4,39942.005,13,Truck,Operational,0,0,0.0
0.0,0,0.0,15,Tank,Operational,0,0,0.0
331961.8,8,41495.225,16,Drone,Maintenance,1,1,1.0
153677.77,4,38419.4425,13,Drone,Operational,0,0,0.0
27352.37,1,27352.37,8,Armored Vehicle,Operational,0,0,0.0
0.0,0,0.0,21,Communication System,Maintenance,0,0,0.0
153425.84,10,15342.584,12,Drone,Operational,1,1,1.0
144022.09,7,20574.584285714285,3,Drone,Out of Service,0,0,0.01
0.0,0,0.0,20,Missile Launcher,Out of Service,0,0,0.0
30711.29,1,30711.29,4,Armored Vehicle,Operational,0,0,0.0
414736.08,16,25921.005,8,Drone,Operational,1,1,1.0
217382.89,5,43476.578,10,Missile Launcher,Maintenance,0,0,0.0
683802.69,15,45586.846,4,Tank,Out of Service,1,1,1.0
590080.16,17,34710.59764705883,3,Tank,Maintenance,1,1,1.0
33023.14,2,16511.57,16,Armored Vehicle,Maintenance,0,0,0.0
291405.69,10,29140.569,19,Communication System,Operational,1,1,1.0
194471.94,4,48617.985,7,Drone,Operational,0,0,0.0
172341.91,4,43085.4775,5,Truck,Operational,0,0,0.0
84719.95,2,42359.975,11,Truck,Operational,0,0,0.0
279333.2,12,23277.766666666663,19,Truck,Operational,1,1,1.0
137507.02,4,34376.755,7,Communication System,Operational,0,0,0.0
143891.44,9,15987.937777777775,21,Radar,Maintenance,1,1,0.985
88355.15,2,44177.575,6,Generator,Operational,0,0,0.0
0.0,0,0.0,16,Drone,Operational,0,0,0.0
46666.14,1,46666.14,15,Armored Vehicle,Operational,0,0,0.0
124199.89,3,41399.96333333333,3,Communication System,Operational,0,0,0.0
30645.43,1,30645.43,20,Armored Vehicle,Operational,0,0,0.0
0.0,0,0.0,12,Radar,Operational,0,0,0.0
215239.81,5,43047.962,16,Generator,Operational,0,0,0.0
43317.42,2,21658.71,4,Generator,Operational,0,0,0.0
36650.1,1,36650.1,17,Missile Launcher,Operational,0,0,0.0
240887.35,5,48177.47,19,Truck,Operational,0,0,0.005
431447.79,18,23969.321666666667,2,Radar,Operational,1,1,1.0
209193.68,13,16091.821538461538,8,Communication System,Maintenance,1,1,0.995
0.0,0,0.0,19,Drone,Operational,0,0,0.0
120762.36,4,30190.59,7,Armored Vehicle,Operational,0,0,0.0
370990.4,9,41221.15555555556,6,Truck,Operational,1,1,1.0
283321.03,9,31480.114444444447,13,Generator,Operational,1,1,1.0
313127.13,7,44732.44714285714,20,Tank,Maintenance,0,0,0.005
205227.95,6,34204.65833333333,4,Armored Vehicle,Maintenance,0,0,0.0
0.0,0,0.0,10,Drone,Operational,0,0,0.0
700644.44,18,38924.69111111111,9,Communication System,Operational,1,1,1.0
102130.86,4,25532.715,9,Missile Launcher,Operational,0,0,0.0
681520.45,17,40089.43823529412,11,Tank,Maintenance,1,1,1.0
55702.67,2,27851.335,19,Truck,Operational,0,0,0.0
98401.72,2,49200.86,13,Missile Launcher,Operational,0,0,0.0
338509.16,13,26039.166153846152,18,Radar,Maintenance,1,1,1.0
0.0,0,0.0,7,Tank,Operational,0,0,0.0
130482.82,4,32620.705,11,Generator,Operational,0,0,0.0
191441.51,12,15953.459166666667,11,Missile Launcher,Operational,1,1,1.0
0.0,0,0.0,9,Drone,Operational,0,0,0.0
99189.03,6,16531.505,6,Armored Vehicle,Operational,0,0,0.0
26997.69,1,26997.69,13,Radar,Operational,0,0,0.0
403816.72,16,25238.545,3,Missile Launcher,Operational,1,1,1.0
50476.37,2,25238.185,11,Armored Vehicle,Maintenance,0,0,0.0
20800.41,1,20800.41,4,Radar,Operational,0,0,0.0
0.0,0,0.0,19,Drone,Maintenance,0,0,0.0
311134.34,9,34570.48222222223,5,Armored Vehicle,Operational,1,1,1.0
0.0,0,0.0,18,Armored Vehicle,Maintenance,0,0,0.0
186820.37,9,20757.818888888887,2,Truck,Operational,1,1,1.0
122015.99,5,24403.198,14,Radar,Operational,0,0,0.005
86136.3,3,28712.1,6,Missile Launcher,Operational,0,0,0.0
91002.3,3,30334.1,5,Armored Vehicle,Maintenance,0,0,0.0
91649.86,2,45824.93,10,Armored Vehicle,Operational,0,0,0.0
276108.54,6,46018.09,10,Tank,Operational,0,0,0.0
70543.24,2,35271.62,5,Generator,Operational,0,0,0.0
511738.92,17,30102.289411764705,6,Truck,Maintenance,1,1,1.0
0.0,0,0.0,14,Missile Launcher,Operational,0,0,0.0
329528.97,8,41191.12125,5,Radar,Operational,1,1,1.0
0.0,0,0.0,2,Missile Launcher,Operational,0,0,0.0
446408.12,13,34339.086153846154,15,Drone,Operational,1,1,1.0
369259.66,8,46157.4575,16,Armored Vehicle,Maintenance,1,1,1.0
168593.86,4,42148.465,9,Communication System,Operational,0,0,0.0
112807.52,6,18801.25333333333,11,Generator,Operational,0,0,0.0
130997.63,4,32749.4075,18,Drone,Out of Service,0,0,0.0
44594.91,1,44594.91,16,Tank,Out of Service,0,0,0.0
49196.09,2,24598.045,15,Radar,Operational,0,0,0.0
0.0,0,0.0,11,Radar,Operational,0,0,0.0
375601.11,15,25040.074,3,Tank,Maintenance,1,1,1.0
568945.46,13,43765.03538461538,11,Drone,Operational,1,1,1.0
72287.41,3,24095.803333333333,1,Communication System,Operational,0,0,0.0
48608.05,2,24304.025,16,Drone,Operational,0,0,0.0
305085.04,8,38135.63,3,Drone,Maintenance,1,1,0.995
81448.67,2,40724.335,5,Armored Vehicle,Operational,0,0,0.0
111525.04,3,37175.01333333333,14,Tank,Operational,0,0,0.0
68289.57,4,17072.3925,9,Drone,Operational,0,0,0.0
51446.27,2,25723.135,10,Truck,Operational,0,0,0.0
436756.67,9,48528.51888888889,3,Communication System,Operational,1,1,1.0
146586.36,3,48862.12,17,Drone,Maintenance,0,0,0.0
0.0,0,0.0,19,Radar,Maintenance,0,0,0.0
653174.22,20,32658.711,14,Communication System,Operational,1,1,1.0
43221.65,2,21610.825,2,Drone,Maintenance,0,0,0.0
43139.49,1,43139.49,4,Truck,Operational,0,0,0.0
40282.02,1,40282.02,10,Missile Launcher,Operational,0,0,0.0
144015.36,6,24002.56,13,Communication System,Operational,0,0,0.0
118021.46,3,39340.48666666667,5,Missile Launcher,Out of Service,0,0,0.005
94895.79,4,23723.9475,14,Tank,Operational,0,0,0.0
81015.63,3,27005.210000000003,4,Truck,Operational,0,0,0.0
263055.21,9,29228.35666666667,16,Missile Launcher,Out of Service,1,1,0.995
264763.47,8,33095.43375,9,Drone,Operational,1,1,1.0
39539.92,1,39539.92,6,Drone,Operational,0,0,0.0
0.0,0,0.0,10,Generator,Operational,0,0,0.0
163911.45,8,20488.93125,15,Armored Vehicle,Operational,1,1,0.995
133299.3,3,44433.1,5,Missile Launcher,Operational,0,0,0.0
413487.54,17,24322.796470588237,3,Armored Vehicle,Operational,1,1,1.0
348133.13,7,49733.30428571429,16,Tank,Out of Service,0,0,0.065
48672.28,2,24336.14,17,Radar,Operational,0,0,0.0
79211.7,3,26403.9,11,Armored Vehicle,Operational,0,0,0.0
226909.01,7,32415.57285714286,9,Radar,Operational,0,0,0.015
80111.53,3,26703.84333333333,10,Truck,Operational,0,0,0.0
34897.73,1,34897.73,14,Armored Vehicle,Operational,0,0,0.0
945705.99,20,47285.2995,14,Truck,Operational,1,1,1.0
265218.61,8,33152.32625,15,Communication System,Out of Service,1,1,0.995
0.0,0,0.0,13,Armored Vehicle,Operational,0,0,0.0
82255.55,3,27418.516666666663,1,Missile Launcher,Operational,0,0,0.0
316764.05,11,28796.731818181812,8,Armored Vehicle,Maintenance,1,1,1.0
0.0,0,0.0,18,Communication System,Maintenance,0,0,0.0
791644.99,18,43980.27722222222,7,Communication System,Operational,1,1,1.0
343171.19,7,49024.45571428572,19,Generator,Maintenance,0,0,0.005
0.0,0,0.0,6,Generator,Operational,0,0,0.0
191517.43,6,31919.571666666667,2,Generator,Operational,0,0,0.0
122613.98,3,40871.32666666667,5,Generator,Maintenance,0,0,0.0
114929.3,4,28732.325,20,Communication System,Operational,0,0,0.0
260039.09,8,32504.88625,2,Generator,Out of Service,1,1,0.99
740215.94,20,37010.797,21,Radar,Operational,1,1,1.0
47917.39,2,23958.695,18,Armored Vehicle,Operational,0,0,0.0
69495.33,4,17373.8325,2,Generator,Operational,0,0,0.0
176078.2,5,35215.64,13,Radar,Operational,0,0,0.0
390763.65,8,48845.45625,1,Communication System,Operational,1,1,0.995
216347.6,6,36057.93333333333,2,Communication System,Operational,0,0,0.005
93065.2,2,46532.6,2,Armored Vehicle,Operational,0,0,0.0
249419.52,8,31177.44,11,Missile Launcher,Maintenance,1,1,0.995
402397.1,17,23670.41764705882,4,Truck,Operational,1,1,1.0
126140.66,3,42046.886666666665,13,Armored Vehicle,Operational,0,0,0.0
120033.57,7,17147.652857142857,10,Truck,Operational,0,0,0.01
386870.38,9,42985.59777777778,7,Drone,Operational,1,1,1.0
91876.35,2,45938.175,12,Drone,Operational,0,0,0.0
235302.46,12,19608.53833333333,5,Missile Launcher,Out of Service,1,1,1.0
166377.03,10,16637.703,6,Communication System,Operational,1,1,1.0
286208.81,9,31800.978888888887,4,Missile Launcher,Operational,1,1,1.0
0.0,0,0.0,18,Tank,Operational,0,0,0.0
75224.84,4,18806.21,17,Communication System,Maintenance,0,0,0.0
382161.87,20,19108.0935,17,Tank,Operational,1,1,1.0
125537.16,7,17933.88,10,Missile Launcher,Operational,0,0,0.005
67984.07,2,33992.035,9,Truck,Operational,0,0,0.0
335573.67,8,41946.70875,19,Truck,Maintenance,1,1,0.98
267115.18,7,38159.31142857143,19,Generator,Maintenance,0,0,0.01
49019.25,1,49019.25,9,Communication System,Operational,0,0,0.0
268739.06,7,38391.29428571429,1,Drone,Operational,0,0,0.01
119179.96,3,39726.653333333335,10,Missile Launcher,Maintenance,0,0,0.0
124245.25,4,31061.3125,17,Armored Vehicle,Operational,0,0,0.0
840644.05,20,42032.2025,4,Truck,Operational,1,1,1.0
311088.13,18,17282.67388888889,3,Armored Vehicle,Operational,1,1,1.0
26716.19,1,26716.19,2,Drone,Operational,0,0,0.0
84689.64,3,28229.88,16,Tank,Operational,0,0,0.0
100971.71,3,33657.23666666667,13,Tank,Operational,0,0,0.0
73340.56,2,36670.28,12,Missile Launcher,Operational,0,0,0.0
787945.62,18,43774.75666666667,10,Tank,Maintenance,1,1,1.0
69749.63,3,23249.876666666667,10,Armored Vehicle,Operational,0,0,0.0
357257.53,9,39695.28111111112,20,Radar,Operational,1,1,1.0
112330.59,3,37443.53,20,Tank,Maintenance,0,0,0.0
0.0,0,0.0,13,Drone,Operational,0,0,0.0
690335.5,19,36333.44736842105,15,Tank,Out of Service,1,1,0.995
92497.73,2,46248.865,17,Communication System,Maintenance,0,0,0.0
252384.18,9,28042.686666666665,2,Communication System,Operational,1,1,1.0
255748.36,13,19672.950769230767,16,Missile Launcher,Operational,1,1,1.0
0.0,0,0.0,9,Armored Vehicle,Operational,0,0,0.0
0.0,0,0.0,21,Communication System,Operational,0,0,0.0
189858.49,10,18985.849,5,Missile Launcher,Operational,1,1,0.995
134083.01,3,44694.33666666667,11,Truck,Maintenance,0,0,0.0
81158.88,3,27052.960000000003,20,Generator,Operational,0,0,0.0
165794.68,8,20724.335,1,Tank,Operational,1,1,0.995
341935.69,17,20113.86411764706,16,Missile Launcher,Operational,1,1,1.0
189122.85,5,37824.57,4,Drone,Operational,0,0,0.0
199607.29,9,22178.58777777778,1,Tank,Operational,1,1,1.0
366772.38,9,40752.48666666666,9,Drone,Operational,1,1,1.0
213153.12,6,35525.52,6,Truck,Operational,0,0,0.0
100204.98,4,25051.245,12,Truck,Operational,0,0,0.0
137459.51,8,17182.43875,15,Communication System,Operational,1,1,0.99
238345.97,6,39724.32833333333,13,Radar,Maintenance,0,0,0.0
374603.55,18,20811.30833333333,16,Drone,Operational,1,1,1.0
320130.58,8,40016.3225,19,Communication System,Out of Service,1,1,0.98
34958.51,1,34958.51,9,Generator,Operational,0,0,0.0
89068.32,2,44534.16,9,Radar,Operational,0,0,0.0
79339.02,4,19834.755,1,Generator,Operational,0,0,0.0
0.0,0,0.0,13,Armored Vehicle,Out of Service,0,0,0.0
83082.69,3,27694.23,9,Armored Vehicle,Operational,0,0,0.0
26935.86,1,26935.86,17,Truck,Out of Service,0,0,0.0
226564.42,14,16183.172857142858,3,Communication System,Maintenance,1,1,0.995
103726.33,5,20745.266,9,Communication System,Operational,0,0,0.0
0.0,0,0.0,10,Radar,Operational,0,0,0.0
44625.68,2,22312.84,19,Drone,Operational,0,0,0.0
185651.6,4,46412.9,10,Armored Vehicle,Operational,0,0,0.0
290249.66,6,48374.94333333333,17,Communication System,Operational,0,0,0.005
87025.12,4,21756.28,9,Communication System,Operational,0,0,0.0
41561.35,2,20780.675,18,Truck,Operational,0,0,0.0
37885.28,1,37885.28,1,Tank,Operational,0,0,0.0
137192.2,6,22865.36666666667,6,Truck,Operational,0,0,0.0
162836.62,9,18092.957777777778,20,Generator,Maintenance,1,1,0.99
232837.38,7,33262.48285714286,13,Tank,Operational,0,0,0.0
26541.04,1,26541.04,16,Missile Launcher,Operational,0,0,0.0
197254.09,5,39450.818,8,Drone,Operational,0,0,0.0
238223.6,6,39703.93333333333,3,Armored Vehicle,Operational,0,0,0.01
53872.98,2,26936.49,21,Radar,Operational,0,0,0.0
32222.48,1,32222.48,15,Radar,Operational,0,0,0.0
180073.04,4,45018.26,20,Tank,Maintenance,0,0,0.0
316192.23,8,39524.02875,9,Drone,Maintenance,1,1,0.995
272503.49,7,38929.07,15,Truck,Out of Service,0,0,0.0
336931.19,9,37436.79888888889,10,Armored Vehicle,Out of Service,1,1,1.0
0.0,0,0.0,14,Missile Launcher,Operational,0,0,0.0
62347.48,3,20782.493333333336,4,Truck,Operational,0,0,0.0
47129.61,3,15709.87,13,Missile Launcher,Operational,0,0,0.0
757070.14,18,42059.45222222222,6,Missile Launcher,Maintenance,1,1,1.0
292719.96,8,36589.995,9,Tank,Maintenance,1,1,0.97
0.0,0,0.0,4,Truck,Operational,0,0,0.0
199001.04,4,49750.26,13,Generator,Operational,0,0,0.0
38646.83,1,38646.83,2,Communication System,Out of Service,0,0,0.0
86460.78,2,43230.39,10,Drone,Operational,0,0,0.0
333168.5,15,22211.233333333334,10,Missile Launcher,Maintenance,1,1,1.0
284125.66,13,21855.82,9,Communication System,Operational,1,1,1.0
110840.65,6,18473.441666666666,21,Drone,Operational,0,0,0.0
304332.6,20,15216.63,10,Truck,Operational,1,1,1.0
0.0,0,0.0,18,Armored Vehicle,Operational,0,0,0.0
39695.28,1,39695.28,8,Missile Launcher,Operational,0,0,0.0
0.0,0,0.0,4,Armored Vehicle,Operational,0,0,0.0
74447.04,2,37223.52,16,Generator,Operational,0,0,0.0
94917.23,6,15819.538333333332,3,Truck,Maintenance,0,0,0.0
164750.94,9,18305.66,7,Communication System,Operational,1,1,1.0
240338.09,7,34334.01285714286,7,Generator,Operational,0,0,0.015
559326.59,15,37288.43933333333,18,Communication System,Maintenance,1,1,1.0
680891.58,15,45392.772,21,Generator,Out of Service,1,1,0.995
606422.63,17,35671.919411764706,13,Tank,Operational,1,1,1.0
259863.55,9,28873.727777777774,3,Communication System,Maintenance,1,1,1.0
37474.87,2,18737.435,14,Communication System,Operational,0,0,0.0
37914.07,2,18957.035,6,Communication System,Maintenance,0,0,0.0
83145.6,5,16629.120000000003,8,Truck,Operational,0,0,0.0
545094.72,11,49554.06545454545,8,Truck,Operational,1,1,1.0
121375.93,4,30343.9825,9,Missile Launcher,Maintenance,0,0,0.0
134803.0,6,22467.166666666668,6,Radar,Operational,0,0,0.0
135536.47,4,33884.1175,7,Truck,Operational,0,0,0.0
0.0,0,0.0,2,Communication System,Operational,0,0,0.0
113640.15,3,37880.05,5,Missile Launcher,Operational,0,0,0.0
201690.61,8,25211.32625,10,Missile Launcher,Operational,1,1,0.99
137457.66,6,22909.61,20,Armored Vehicle,Operational,0,0,0.0
282054.1,6,47009.01666666666,18,Truck,Maintenance,0,0,0.0
39982.57,1,39982.57,3,Communication System,Maintenance,0,0,0.0
294739.61,7,42105.65857142857,7,Truck,Out of Service,0,0,0.03
313687.77,9,34854.19666666667,10,Radar,Maintenance,1,1,0.995
69727.93,2,34863.965,9,Tank,Operational,0,0,0.0
44453.92,2,22226.96,7,Armored Vehicle,Operational,0,0,0.0
36077.34,1,36077.34,13,Communication System,Operational,0,0,0.0
544036.48,11,49457.86181818182,19,Missile Launcher,Maintenance,1,1,1.0
122359.3,4,30589.825,4,Drone,Operational,0,0,0.0
0.0,0,0.0,16,Truck,Maintenance,0,0,0.0
38409.13,1,38409.13,5,Missile Launcher,Operational,0,0,0.0
45269.62,2,22634.81,19,Communication System,Maintenance,0,0,0.0
121208.94,5,24241.788,5,Tank,Operational,0,0,0.005
40433.41,2,20216.705,3,Communication System,Operational,0,0,0.0
159685.13,4,39921.2825,14,Communication System,Operational,0,0,0.0
753805.42,18,41878.07888888889,16,Missile Launcher,Operational,1,1,1.0
0.0,0,0.0,20,Armored Vehicle,Operational,0,0,0.0
19600.11,1,19600.11,14,Tank,Operational,0,0,0.0
0.0,0,0.0,8,Armored Vehicle,Operational,0,0,0.0
110124.79,6,18354.131666666664,4,Radar,Operational,0,0,0.0
32177.95,2,16088.975,4,Truck,Operational,0,0,0.0
431120.33,9,47902.25888888889,7,Communication System,Operational,1,1,1.0
789098.09,18,43838.78277777778,12,Armored Vehicle,Operational,1,1,1.0
78338.0,2,39169.0,2,Communication System,Operational,0,0,0.0
0.0,0,0.0,17,Armored Vehicle,Operational,0,0,0.0
178905.84,4,44726.46,17,Radar,Operational,0,0,0.0
264925.17,9,29436.13,6,Radar,Operational,1,1,1.0
912076.32,20,45603.816,6,Drone,Operational,1,1,1.0
637036.98,14,45502.64142857143,14,Missile Launcher,Maintenance,1,1,1.0
88883.4,2,44441.7,17,Communication System,Maintenance,0,0,0.0
169595.97,7,24227.995714285717,4,Tank,Operational,0,0,0.005
572960.06,12,47746.67166666667,9,Communication System,Operational,1,1,1.0
207143.31,9,23015.92333333333,18,Truck,Maintenance,1,1,1.0
37759.09,1,37759.09,15,Missile Launcher,Operational,0,0,0.0
24162.74,1,24162.74,7,Drone,Operational,0,0,0.0
80515.66,2,40257.83,9,Radar,Operational,0,0,0.0
351162.93,9,39018.10333333333,20,Missile Launcher,Maintenance,1,1,1.0
55044.86,2,27522.43,16,Truck,Maintenance,0,0,0.0
64054.36,3,21351.45333333333,15,Truck,Out of Service,0,0,0.0
152789.38,8,19098.6725,3,Truck,Operational,1,1,0.995
233320.51,9,25924.501111111116,6,Missile Launcher,Operational,1,1,1.0
425603.25,18,23644.625,21,Tank,Maintenance,1,1,1.0
189744.05,4,47436.0125,11,Missile Launcher,Operational,0,0,0.0
204509.97,9,22723.33,12,Radar,Operational,1,1,1.0
568611.58,15,37907.43866666666,1,Generator,Out of Service,1,1,1.0
18456.98,1,18456.98,7,Communication System,Operational,0,0,0.0
228704.38,9,25411.597777777777,4,Truck,Operational,1,1,0.995
500574.69,16,31285.918125,21,Missile Launcher,Maintenance,1,1,1.0
530571.09,15,35371.405999999995,12,Drone,Maintenance,1,1,1.0
71897.11,3,23965.70333333333,10,Armored Vehicle,Operational,0,0,0.0
452941.28,11,41176.48,14,Truck,Operational,1,1,1.0
49243.15,3,16414.383333333335,5,Generator,Operational,0,0,0.0
59039.07,2,29519.535,6,Communication System,Operational,0,0,0.0
27379.8,1,27379.8,10,Drone,Operational,0,0,0.0
129034.43,7,18433.49,15,Communication System,Operational,0,0,0.01
230251.85,9,25583.53888888889,15,Truck,Operational,1,1,1.0
40877.66,1,40877.66,9,Tank,Operational,0,0,0.0
238322.9,6,39720.48333333333,2,Armored Vehicle,Out of Service,0,0,0.02
297471.65,11,27042.877272727277,21,Drone,Out of Service,1,1,1.0
264282.89,11,24025.717272727277,20,Truck,Maintenance,1,1,1.0
46268.47,1,46268.47,9,Radar,Operational,0,0,0.0
266527.74,6,44421.29,13,Missile Launcher,Operational,0,0,0.005
84368.67,2,42184.335,6,Tank,Operational,0,0,0.0
141630.58,3,47210.19333333333,1,Radar,Operational,0,0,0.0
286105.65,15,19073.710000000003,19,Communication System,Operational,1,1,1.0
315134.53,18,17507.47388888889,5,Drone,Operational,1,1,1.0
53875.32,2,26937.66,8,Truck,Operational,0,0,0.0
75494.64,2,37747.32,8,Generator,Operational,0,0,0.0
421693.51,18,23427.417222222222,6,Armored Vehicle,Operational,1,1,1.0
377571.02,17,22210.06,4,Armored Vehicle,Maintenance,1,1,1.0
743691.67,15,49579.44466666667,14,Drone,Operational,1,1,1.0
41794.19,1,41794.19,9,Drone,Operational,0,0,0.0
110867.96,4,27716.99,21,Radar,Operational,0,0,0.0
32317.98,2,16158.99,17,Radar,Maintenance,0,0,0.005
52816.25,2,26408.125,13,Truck,Operational,0,0,0.0
43560.83,2,21780.415,14,Drone,Operational,0,0,0.0
316292.71,7,45184.67285714286,19,Communication System,Operational,0,0,0.0
65506.27,4,16376.5675,17,Truck,Maintenance,0,0,0.0
436606.77,16,27287.923125,9,Communication System,Operational,1,1,1.0
142384.75,8,17798.09375,2,Communication System,Operational,1,1,1.0
163495.53,7,23356.504285714287,7,Generator,Operational,0,0,0.01
0.0,0,0.0,10,Drone,Operational,0,0,0.0
189975.54,5,37995.108,4,Armored Vehicle,Operational,0,0,0.0
212731.77,6,35455.295,3,Truck,Operational,0,0,0.0
211627.92,6,35271.32,8,Tank,Operational,0,0,0.0
15194.26,1,15194.26,6,Truck,Operational,0,0,0.005
76206.43,4,19051.6075,11,Generator,Operational,0,0,0.0
0.0,0,0.0,21,Missile Launcher,Operational,0,0,0.0
99540.47,4,24885.1175,21,Communication System,Operational,0,0,0.0
149937.95,5,29987.590000000004,1,Tank,Out of Service,0,0,0.0
54467.78,2,27233.89,13,Generator,Out of Service,0,0,0.0
122612.91,5,24522.582,7,Armored Vehicle,Operational,0,0,0.0
575243.62,13,44249.50923076923,4,Armored Vehicle,Maintenance,1,1,0.99
125257.84,4,31314.46,12,Armored Vehicle,Operational,0,0,0.0
71946.05,2,35973.025,17,Missile Launcher,Operational,0,0,0.0
40834.07,2,20417.035,4,Truck,Operational,0,0,0.0
81799.52,2,40899.76,1,Armored Vehicle,Maintenance,0,0,0.005
59229.51,2,29614.755,6,Drone,Maintenance,0,0,0.0
0.0,0,0.0,18,Truck,Maintenance,0,0,0.0
183063.67,8,22882.95875,20,Radar,Maintenance,1,1,0.99
47131.11,3,15710.37,1,Missile Launcher,Operational,0,0,0.0
83425.95,2,41712.975,19,Communication System,Out of Service,0,0,0.0
42018.66,2,21009.33,7,Radar,Maintenance,0,0,0.0
214803.0,7,30686.14285714286,15,Truck,Operational,0,0,0.01
157147.69,4,39286.9225,10,Radar,Operational,0,0,0.0
121314.17,7,17330.595714285715,16,Communication System,Operational,0,0,0.01
107752.47,4,26938.1175,12,Missile Launcher,Operational,0,0,0.0
52879.14,2,26439.57,7,Missile Launcher,Maintenance,0,0,0.0
186908.78,12,15575.731666666668,17,Armored Vehicle,Maintenance,1,1,1.0
343978.15,9,38219.79444444445,2,Generator,Maintenance,1,1,0.995
133268.95,3,44422.98333333334,19,Armored Vehicle,Maintenance,0,0,0.0
535479.15,17,31498.773529411767,16,Communication System,Out of Service,1,1,1.0
234006.03,6,39001.005,13,Missile Launcher,Maintenance,0,0,0.0
114173.3,4,28543.325,7,Tank,Operational,0,0,0.0
678874.3,16,42429.64375,17,Drone,Operational,1,1,1.0
115331.13,6,19221.855,12,Generator,Operational,0,0,0.0
90998.5,2,45499.25,19,Missile Launcher,Operational,0,0,0.0
52799.14,3,17599.713333333333,21,Communication System,Maintenance,0,0,0.0
679517.13,15,45301.142,14,Radar,Operational,1,1,1.0
197937.18,4,49484.295,4,Armored Vehicle,Operational,0,0,0.0
52403.31,3,17467.77,5,Communication System,Operational,0,0,0.0
373466.43,8,46683.30375,15,Communication System,Operational,1,1,1.0
137900.59,4,34475.1475,3,Drone,Operational,0,0,0.0
0.0,0,0.0,11,Communication System,Operational,0,0,0.0
334503.01,9,37167.00111111111,8,Communication System,Operational,1,1,1.0
95628.19,2,47814.095,20,Radar,Operational,0,0,0.0
89630.22,2,44815.11,4,Generator,Operational,0,0,0.0
322268.16,9,35807.573333333334,10,Radar,Operational,1,1,1.0
28389.85,1,28389.85,18,Drone,Operational,0,0,0.0
376754.38,10,37675.438,14,Tank,Operational,1,1,1.0
151972.95,4,37993.2375,13,Truck,Out of Service,0,0,0.0
147133.66,3,49044.55333333334,5,Communication System,Operational,0,0,0.0
42297.47,1,42297.47,9,Drone,Operational,0,0,0.0
122719.6,8,15339.95,2,Missile Launcher,Operational,1,1,0.965
186154.62,4,46538.655,19,Armored Vehicle,Operational,0,0,0.0
73865.43,4,18466.3575,14,Truck,Out of Service,0,0,0.005
168142.03,6,28023.671666666665,18,Missile Launcher,Out of Service,0,0,0.005
92472.96,2,46236.48,4,Missile Launcher,Operational,0,0,0.0
72753.57,3,24251.19,18,Missile Launcher,Out of Service,0,0,0.0
83773.05,2,41886.525,12,Communication System,Operational,0,0,0.0
255930.03,6,42655.005,5,Generator,Operational,0,0,0.0
42355.56,1,42355.56,16,Armored Vehicle,Maintenance,0,0,0.0
330841.74,9,36760.19333333333,12,Armored Vehicle,Operational,1,1,1.0
301292.24,9,33476.915555555555,14,Drone,Maintenance,1,1,1.0
256394.11,6,42732.35166666666,21,Generator,Maintenance,0,0,0.0
252444.79,11,22949.526363636363,8,Truck,Operational,1,1,1.0
17734.82,1,17734.82,11,Truck,Operational,0,0,0.0
200613.38,8,25076.6725,4,Armored Vehicle,Operational,1,1,0.995
219494.67,9,24388.29666666667,15,Generator,Operational,1,1,1.0
0.0,0,0.0,21,Generator,Maintenance,0,0,0.0
56376.17,3,18792.056666666667,19,Missile Launcher,Out of Service,0,0,0.005
60802.42,2,30401.21,12,Communication System,Operational,0,0,0.0
283992.28,6,47332.04666666667,11,Armored Vehicle,Operational,0,0,0.0
98222.8,3,32740.93333333333,7,Tank,Operational,0,0,0.0
198708.67,5,39741.734,11,Communication System,Operational,0,0,0.0
237363.43,5,47472.686,13,Tank,Out of Service,0,0,0.0
33729.36,2,16864.68,7,Armored Vehicle,Operational,0,0,0.0
347231.25,10,34723.125,4,Armored Vehicle,Operational,1,1,1.0
208666.53,7,29809.504285714287,5,Drone,Operational,0,0,0.0
346721.38,7,49531.625714285714,17,Communication System,Out of Service,0,0,0.025
0.0,0,0.0,3,Generator,Operational,0,0,0.0
223816.48,6,37302.746666666666,15,Communication System,Maintenance,0,0,0.0
614190.45,13,47245.41923076923,5,Truck,Operational,1,1,1.0
15720.41,1,15720.41,16,Communication System,Out of Service,0,0,0.005
328420.97,11,29856.451818181817,7,Armored Vehicle,Operational,1,1,1.0
286057.43,9,31784.158888888887,3,Drone,Operational,1,1,1.0
30306.67,1,30306.67,19,Missile Launcher,Maintenance,0,0,0.0
278265.48,7,39752.21142857143,9,Radar,Operational,0,0,0.005
19715.48,1,19715.48,2,Truck,Operational,0,0,0.0
177765.35,4,44441.3375,15,Missile Launcher,Maintenance,0,0,0.0
359730.08,8,44966.26,19,Generator,Operational,1,1,1.0
95855.58,3,31951.86,13,Communication System,Operational,0,0,0.0
217660.69,5,43532.138,2,Missile Launcher,Maintenance,0,0,0.0
213134.9,9,23681.655555555557,3,Truck,Operational,1,1,1.0
0.0,0,0.0,17,Radar,Operational,0,0,0.0
36231.54,2,18115.77,9,Tank,Operational,0,0,0.0
166447.4,6,27741.233333333334,21,Truck,Out of Service,0,0,0.0
110856.8,4,27714.2,10,Armored Vehicle,Operational,0,0,0.0
54105.4,2,27052.7,20,Generator,Maintenance,0,0,0.0
45813.85,3,15271.283333333333,1,Tank,Operational,0,0,0.0
349329.08,15,23288.605333333333,14,Communication System,Operational,1,1,1.0
380990.08,9,42332.23111111111,13,Truck,Operational,1,1,1.0
59981.81,3,19993.936666666665,3,Truck,Operational,0,0,0.0
93862.11,4,23465.5275,16,Tank,Out of Service,0,0,0.0
786220.99,17,46248.29352941176,20,Armored Vehicle,Operational,1,1,1.0
111490.59,7,15927.227142857142,13,Generator,Operational,0,0,0.0
54801.34,3,18267.11333333333,11,Communication System,Operational,0,0,0.0
49968.42,1,49968.42,13,Radar,Operational,0,0,0.005
211929.6,12,17660.8,8,Truck,Operational,1,1,1.0
590636.41,16,36914.775625,9,Communication System,Operational,1,1,1.0
0.0,0,0.0,6,Armored Vehicle,Operational,0,0,0.0
343551.63,13,26427.048461538463,5,Tank,Operational,1,1,1.0
92788.24,4,23197.06,11,Truck,Operational,0,0,0.0
0.0,0,0.0,9,Radar,Operational,0,0,0.0
97237.5,2,48618.75,15,Tank,Operational,0,0,0.0
235564.48,8,29445.56,18,Communication System,Operational,1,1,0.99
0.0,0,0.0,1,Missile Launcher,Operational,0,0,0.0
52186.27,2,26093.135,19,Missile Launcher,Operational,0,0,0.0
96079.13,4,24019.7825,12,Communication System,Operational,0,0,0.0
60183.32,4,15045.83,11,Radar,Operational,0,0,0.0
153625.92,7,21946.56,17,Communication System,Maintenance,0,0,0.015
316851.99,8,39606.49875,10,Radar,Operational,1,1,1.0
76230.16,2,38115.08,16,Generator,Maintenance,0,0,0.0
286017.34,7,40859.62,5,Communication System,Operational,0,0,0.005
298151.31,7,42593.04428571429,17,Armored Vehicle,Out of Service,0,0,0.005
68716.65,3,22905.55,11,Missile Launcher,Operational,0,0,0.0
94141.8,5,18828.36,13,Tank,Operational,0,0,0.0
41935.18,1,41935.18,16,Generator,Out of Service,0,0,0.0
19781.16,1,19781.16,7,Generator,Operational,0,0,0.0
361536.37,14,25824.02642857143,4,Generator,Operational,1,1,1.0
240260.97,15,16017.398,17,Generator,Operational,1,1,1.0
57386.26,3,19128.75333333333,18,Missile Launcher,Maintenance,0,0,0.0
145376.27,4,36344.0675,13,Tank,Operational,0,0,0.0
184834.75,4,46208.6875,14,Communication System,Operational,0,0,0.0
100081.31,3,33360.43666666667,17,Missile Launcher,Out of Service,0,0,0.0
92870.48,5,18574.096,5,Armored Vehicle,Operational,0,0,0.0
415144.4,17,24420.258823529413,8,Communication System,Operational,1,1,1.0
0.0,0,0.0,18,Tank,Operational,0,0,0.0
212257.73,6,35376.28833333334,10,Communication System,Operational,0,0,0.0
242230.16,11,22020.92363636364,8,Truck,Operational,1,1,1.0
0.0,0,0.0,1,Tank,Operational,0,0,0.0
198219.94,4,49554.985,15,Missile Launcher,Operational,0,0,0.0
179948.98,4,44987.245,6,Truck,Operational,0,0,0.0
324986.89,9,36109.654444444444,13,Armored Vehicle,Operational,1,1,1.0
99242.78,2,49621.39,14,Tank,Operational,0,0,0.0
257196.92,6,42866.153333333335,18,Armored Vehicle,Out of Service,0,0,0.005
39164.66,2,19582.33,8,Radar,Operational,0,0,0.0
445765.55,9,49529.50555555555,11,Generator,Operational,1,1,1.0
297722.23,17,17513.072352941177,1,Communication System,Operational,1,1,1.0
360820.84,9,40091.20444444445,13,Missile Launcher,Maintenance,1,1,1.0
186808.59,4,46702.1475,7,Generator,Operational,0,0,0.0
423088.38,17,24887.551764705884,6,Communication System,Operational,1,1,1.0
71888.29,2,35944.145,15,Truck,Operational,0,0,0.0
58976.98,2,29488.49,14,Armored Vehicle,Operational,0,0,0.0
138779.73,4,34694.9325,13,Missile Launcher,Operational,0,0,0.0
581946.03,19,30628.738421052632,15,Generator,Operational,1,1,1.0
340645.3,9,37849.47777777778,17,Missile Launcher,Operational,1,1,1.0
192883.85,4,48220.9625,11,Truck,Operational,0,0,0.0
331548.22,9,36838.69111111111,10,Missile Launcher,Operational,1,1,1.0
94541.39,3,31513.796666666665,15,Tank,Operational,0,0,0.0
402311.23,9,44701.247777777775,4,Truck,Operational,1,1,1.0
0.0,0,0.0,5,Communication System,Operational,0,0,0.0
134375.64,4,33593.91,11,Generator,Operational,0,0,0.0
141611.51,4,35402.8775,13,Truck,Out of Service,0,0,0.0
146237.61,3,48745.87,7,Generator,Operational,0,0,0.0
0.0,0,0.0,6,Armored Vehicle,Operational,0,0,0.0
0.0,0,0.0,1,Generator,Operational,0,0,0.0
78128.84,4,19532.21,3,Armored Vehicle,Operational,0,0,0.0
151405.54,5,30281.108,11,Generator,Operational,0,0,0.0
245915.04,6,40985.84,10,Missile Launcher,Operational,0,0,0.005
294956.45,6,49159.40833333333,5,Drone,Operational,0,0,0.005
236250.11,11,21477.282727272726,7,Missile Launcher,Operational,1,1,1.0
68893.44,2,34446.72,18,Truck,Operational,0,0,0.0
239690.71,6,39948.45166666667,16,Communication System,Operational,0,0,0.0
48928.98,1,48928.98,1,Missile Launcher,Operational,0,0,0.0
97467.02,2,48733.51,14,Drone,Operational,0,0,0.0
53121.22,2,26560.61,19,Radar,Operational,0,0,0.0
190522.24,7,27217.46285714285,9,Armored Vehicle,Operational,0,0,0.0
0.0,0,0.0,21,Generator,Maintenance,0,0,0.0
25640.74,1,25640.74,18,Communication System,Operational,0,0,0.0
349260.03,8,43657.50375,6,Armored Vehicle,Maintenance,1,1,0.945
542239.21,11,49294.47363636363,3,Armored Vehicle,Operational,1,1,1.0
107166.53,3,35722.176666666666,11,Truck,Maintenance,0,0,0.0
126126.44,3,42042.14666666667,6,Missile Launcher,Operational,0,0,0.0
350419.34,15,23361.28933333333,2,Truck,Operational,1,1,1.0
21331.8,1,21331.8,13,Drone,Operational,0,0,0.0
51599.16,3,17199.72,1,Tank,Operational,0,0,0.0
197749.08,5,39549.816,21,Radar,Maintenance,0,0,0.0
208633.01,5,41726.602,8,Tank,Operational,0,0,0.0
122525.21,6,20420.868333333336,13,Radar,Operational,0,0,0.005
97110.96,2,48555.48,6,Truck,Operational,0,0,0.0
64835.62,2,32417.81,9,Truck,Operational,0,0,0.0
108879.6,4,27219.9,1,Truck,Operational,0,0,0.0
442488.69,15,29499.246,15,Radar,Operational,1,1,1.0
0.0,0,0.0,20,Radar,Operational,0,0,0.0
75708.72,2,37854.36,15,Generator,Operational,0,0,0.0
45890.57,3,15296.856666666668,16,Missile Launcher,Maintenance,0,0,0.0
93483.68,4,23370.92,12,Missile Launcher,Operational,0,0,0.0
221390.85,5,44278.17,1,Truck,Maintenance,0,0,0.0
688539.88,18,38252.21555555556,4,Truck,Operational,1,1,1.0
18420.42,1,18420.42,7,Communication System,Operational,0,0,0.0
280750.65,9,31194.51666666667,16,Communication System,Operational,1,1,1.0
370053.97,19,19476.524736842104,4,Radar,Operational,1,1,1.0
190837.2,7,27262.457142857143,21,Missile Launcher,Out of Service,0,0,0.03
193236.39,4,48309.0975,1,Radar,Operational,0,0,0.0
892163.57,18,49564.64277777777,15,Truck,Operational,1,1,1.0
23548.53,1,23548.53,21,Communication System,Operational,0,0,0.0
69849.81,2,34924.905,6,Drone,Operational,0,0,0.0
0.0,0,0.0,18,Tank,Operational,0,0,0.0
0.0,0,0.0,18,Communication System,Out of Service,0,0,0.0
667363.49,18,37075.749444444446,5,Drone,Operational,1,1,1.0
0.0,0,0.0,18,Missile Launcher,Out of Service,0,0,0.0
152301.73,7,21757.390000000003,16,Missile Launcher,Operational,0,0,0.015
153977.14,4,38494.285,17,Tank,Operational,0,0,0.0
140786.34,4,35196.585,20,Generator,Maintenance,0,0,0.0
87464.72,3,29154.906666666662,6,Communication System,Operational,0,0,0.0
64954.41,2,32477.205,10,Armored Vehicle,Operational,0,0,0.0
35638.79,1,35638.79,1,Truck,Operational,0,0,0.0
376035.8,9,41781.75555555555,12,Drone,Operational,1,1,1.0
594787.74,13,45752.903076923074,4,Missile Launcher,Operational,1,1,1.0
116363.85,3,38787.95,12,Missile Launcher,Operational,0,0,0.0
0.0,0,0.0,4,Armored Vehicle,Operational,0,0,0.0
0.0,0,0.0,14,Generator,Operational,0,0,0.0
467192.61,12,38932.7175,15,Generator,Operational,1,1,1.0
137685.88,6,22947.646666666667,20,Generator,Operational,0,0,0.0
259900.96,7,37128.70857142857,12,Armored Vehicle,Operational,0,0,0.005
79080.02,4,19770.005,14,Communication System,Operational,0,0,0.0
51228.1,2,25614.05,1,Truck,Maintenance,0,0,0.005
528148.02,12,44012.335,6,Generator,Operational,1,1,1.0
91237.34,6,15206.223333333332,7,Truck,Operational,0,0,0.0
131990.17,3,43996.723333333335,1,Tank,Operational,0,0,0.0
51598.79,3,17199.596666666668,2,Generator,Operational,0,0,0.0
57567.36,3,19189.12,5,Armored Vehicle,Operational,0,0,0.0
241145.87,7,34449.41,5,Missile Launcher,Operational,0,0,0.005
94560.79,3,31520.26333333333,20,Missile Launcher,Maintenance,0,0,0.0
444584.51,12,37048.70916666667,16,Communication System,Operational,1,1,1.0
98257.39,3,32752.463333333333,18,Tank,Maintenance,0,0,0.0
451904.82,15,30126.988,6,Missile Launcher,Operational,1,1,1.0
49844.59,2,24922.295,14,Armored Vehicle,Operational,0,0,0.0
231423.27,5,46284.654,11,Generator,Operational,0,0,0.0
42906.26,2,21453.13,5,Drone,Operational,0,0,0.0
93295.94,4,23323.985,15,Generator,Maintenance,0,0,0.0
120450.53,3,40150.176666666666,11,Truck,Operational,0,0,0.0
180923.84,5,36184.768,13,Truck,Operational,0,0,0.0
33320.81,1,33320.81,10,Truck,Operational,0,0,0.0
189307.73,5,37861.546,2,Truck,Operational,0,0,0.0
150351.03,9,16705.67,15,Radar,Operational,1,1,1.0
146889.17,3,48963.05666666667,13,Missile Launcher,Operational,0,0,0.0
198702.99,7,28386.141428571427,13,Communication System,Operational,0,0,0.0
484810.52,15,32320.70133333333,2,Tank,Maintenance,1,1,1.0
344223.32,13,26478.716923076925,8,Truck,Operational,1,1,1.0
502679.58,13,38667.66,18,Drone,Operational,1,1,1.0
0.0,0,0.0,18,Tank,Operational,0,0,0.0
32474.55,1,32474.55,8,Tank,Operational,0,0,0.0
73509.13,2,36754.565,6,Communication System,Operational,0,0,0.0
198992.04,4,49748.01,1,Generator,Operational,0,0,0.0
0.0,0,0.0,18,Tank,Operational,0,0,0.0
483411.34,17,28435.96117647059,8,Drone,Operational,1,1,1.0
292244.13,6,48707.355,12,Missile Launcher,Operational,0,0,0.0
105048.77,3,35016.25666666667,21,Drone,Out of Service,0,0,0.0
535092.1,18,29727.338888888888,16,Tank,Operational,1,1,1.0
46739.34,1,46739.34,10,Truck,Operational,0,0,0.0
871973.36,20,43598.668,13,Communication System,Operational,1,1,1.0
572498.02,19,30131.474736842105,21,Truck,Operational,1,1,1.0
118499.1,7,16928.442857142858,7,Armored Vehicle,Operational,0,0,0.0
352906.01,11,32082.364545454548,6,Tank,Out of Service,1,1,1.0
200414.8,12,16701.233333333334,11,Communication System,Operational,1,1,1.0
234769.72,9,26085.524444444443,3,Truck,Operational,1,1,1.0
189658.28,6,31609.713333333333,7,Tank,Operational,0,0,0.0
0.0,0,0.0,16,Tank,Operational,0,0,0.0
269018.85,7,38431.264285714286,4,Missile Launcher,Maintenance,0,0,0.03
125051.12,3,41683.706666666665,6,Truck,Operational,0,0,0.0
16197.0,1,16197.0,6,Communication System,Operational,0,0,0.0
97373.12,4,24343.28,12,Tank,Operational,0,0,0.0
217442.05,6,36240.34166666667,12,Missile Launcher,Operational,0,0,0.0
617604.52,15,41173.634666666665,5,Drone,Operational,1,1,1.0
231150.28,5,46230.056,19,Radar,Out of Service,0,0,0.0
0.0,0,0.0,10,Armored Vehicle,Operational,0,0,0.0
187938.44,8,23492.305,13,Communication System,Operational,1,1,1.0
152375.39,9,16930.59888888889,4,Radar,Operational,1,1,0.98
0.0,0,0.0,19,Communication System,Maintenance,0,0,0.0
91711.26,3,30570.42,10,Armored Vehicle,Operational,0,0,0.0
233567.79,13,17966.753076923076,20,Truck,Operational,1,1,1.0
181707.37,8,22713.42125,3,Truck,Operational,1,1,1.0
116296.43,4,29074.1075,20,Tank,Operational,0,0,0.0
319305.1,9,35478.34444444444,11,Missile Launcher,Operational,1,1,0.995
200331.72,8,25041.465,8,Communication System,Operational,1,1,0.99
170460.14,4,42615.035,8,Communication System,Operational,0,0,0.0
359976.97,12,29998.08083333333,11,Missile Launcher,Operational,1,1,1.0
428644.18,9,47627.13111111111,20,Generator,Operational,1,1,1.0
464564.36,13,35735.72,8,Communication System,Out of Service,1,1,0.995
61353.93,3,20451.31,2,Armored Vehicle,Out of Service,0,0,0.0
111802.36,4,27950.59,6,Communication System,Operational,0,0,0.0
409642.24,9,45515.804444444446,9,Drone,Maintenance,1,1,1.0
248225.79,5,49645.158,6,Armored Vehicle,Operational,0,0,0.0
0.0,0,0.0,8,Missile Launcher,Operational,0,0,0.0
31706.73,2,15853.365,10,Tank,Operational,0,0,0.0
0.0,0,0.0,17,Communication System,Maintenance,0,0,0.0
89354.91,3,29784.97,5,Drone,Operational,0,0,0.0
50155.56,2,25077.78,7,Drone,Operational,0,0,0.0
39828.61,1,39828.61,10,Missile Launcher,Out of Service,0,0,0.0
303775.26,15,20251.684,18,Drone,Operational,1,1,0.995
84718.38,2,42359.19,10,Drone,Operational,0,0,0.0
36471.05,1,36471.05,1,Radar,Maintenance,0,0,0.0
101444.81,4,25361.2025,14,Truck,Operational,0,0,0.0
0.0,0,0.0,21,Truck,Maintenance,0,0,0.0
287791.95,9,31976.88333333333,10,Drone,Operational,1,1,0.99
0.0,0,0.0,20,Radar,Operational,0,0,0.0
50016.24,3,16672.079999999998,18,Armored Vehicle,Operational,0,0,0.0
101520.27,3,33840.090000000004,1,Communication System,Operational,0,0,0.0
97222.72,4,24305.68,9,Missile Launcher,Maintenance,0,0,0.0
81538.28,3,27179.426666666663,2,Radar,Operational,0,0,0.0
93998.88,5,18799.776,9,Armored Vehicle,Operational,0,0,0.0
318809.86,8,39851.2325,6,Communication System,Maintenance,1,1,0.975
185424.63,6,30904.105,6,Communication System,Operational,0,0,0.0
395064.78,13,30389.598461538462,13,Communication System,Operational,1,1,1.0
73328.13,2,36664.065,4,Missile Launcher,Operational,0,0,0.0
210240.38,12,17520.031666666666,16,Radar,Out of Service,1,1,0.995
65162.88,4,16290.72,10,Truck,Operational,0,0,0.0
82272.36,5,16454.472,10,Communication System,Operational,0,0,0.0
166100.78,9,18455.64222222222,19,Truck,Maintenance,1,1,0.99
72791.74,3,24263.91333333333,12,Missile Launcher,Operational,0,0,0.0
477012.21,14,34072.30071428572,20,Tank,Out of Service,1,1,1.0
77030.75,2,38515.375,15,Truck,Operational,0,0,0.0
237323.58,8,29665.4475,14,Missile Launcher,Operational,1,1,1.0
39361.77,1,39361.77,18,Tank,Operational,0,0,0.0
687722.64,18,38206.81333333333,13,Generator,Operational,1,1,0.995
274200.81,7,39171.54428571429,12,Drone,Maintenance,0,0,0.005
71737.19,3,23912.396666666667,20,Drone,Out of Service,0,0,0.0
23476.01,1,23476.01,20,Armored Vehicle,Operational,0,0,0.0
156431.09,8,19553.88625,8,Tank,Operational,1,1,1.0
0.0,0,0.0,20,Armored Vehicle,Maintenance,0,0,0.0
538087.59,16,33630.474375,21,Drone,Operational,1,1,1.0
0.0,0,0.0,20,Generator,Maintenance,0,0,0.0
217045.05,12,18087.0875,2,Missile Launcher,Operational,1,1,1.0
17970.43,1,17970.43,15,Tank,Operational,0,0,0.0
140766.61,3,46922.20333333333,7,Tank,Operational,0,0,0.0
66321.77,2,33160.885,21,Drone,Operational,0,0,0.0
78543.89,3,26181.296666666665,5,Missile Launcher,Operational,0,0,0.0
0.0,0,0.0,3,Armored Vehicle,Operational,0,0,0.0
38542.02,1,38542.02,4,Communication System,Operational,0,0,0.0
32606.54,1,32606.54,15,Communication System,Operational,0,0,0.0
171411.04,10,17141.104,6,Truck,Maintenance,1,1,1.0
490976.35,12,40914.69583333333,6,Tank,Operational,1,1,1.0
0.0,0,0.0,20,Truck,Operational,0,0,0.0
806803.31,20,40340.1655,11,Communication System,Operational,1,1,1.0
267139.6,6,44523.26666666666,11,Armored Vehicle,Operational,0,0,0.0
135139.02,4,33784.755,17,Truck,Maintenance,0,0,0.0
57300.19,3,19100.06333333333,18,Communication System,Operational,0,0,0.0
173285.92,5,34657.184,15,Generator,Operational,0,0,0.0
271854.0,9,30206.0,7,Communication System,Operational,1,1,1.0
0.0,0,0.0,10,Truck,Operational,0,0,0.0
232637.35,14,16616.95357142857,5,Armored Vehicle,Operational,1,1,1.0
223179.26,5,44635.852,6,Armored Vehicle,Operational,0,0,0.0
44094.49,1,44094.49,12,Generator,Operational,0,0,0.0
58207.85,2,29103.925,12,Communication System,Operational,0,0,0.0
66861.95,3,22287.316666666666,8,Communication System,Operational,0,0,0.0
433588.18,13,33352.93692307692,13,Armored Vehicle,Operational,1,1,1.0
316526.7,7,45218.1,11,Generator,Operational,0,0,0.0
49524.55,2,24762.275,1,Tank,Operational,0,0,0.0
220946.68,6,36824.44666666666,5,Missile Launcher,Operational,0,0,0.005
39015.4,2,19507.7,6,Truck,Out of Service,0,0,0.0
586341.14,18,32574.507777777777,13,Armored Vehicle,Operational,1,1,1.0
141596.91,3,47198.97,20,Missile Launcher,Operational,0,0,0.0
266256.32,7,38036.61714285715,5,Tank,Out of Service,0,0,0.025
140347.02,4,35086.755,2,Communication System,Operational,0,0,0.0
385788.17,10,38578.817,11,Truck,Operational,1,1,1.0
175594.45,4,43898.6125,13,Truck,Operational,0,0,0.0
264827.75,12,22068.979166666668,21,Drone,Maintenance,1,1,1.0
284776.73,7,40682.39,20,Communication System,Maintenance,0,0,0.015
474993.21,12,39582.7675,5,Drone,Operational,1,1,1.0
553107.93,12,46092.32750000001,17,Radar,Maintenance,1,1,1.0
66075.84,2,33037.92,20,Generator,Operational,0,0,0.0
0.0,0,0.0,5,Generator,Operational,0,0,0.0
310916.05,9,34546.22777777778,10,Drone,Operational,1,1,1.0
374004.54,17,22000.267058823527,8,Generator,Operational,1,1,1.0
159583.99,4,39895.9975,17,Missile Launcher,Maintenance,0,0,0.0
398374.1,9,44263.788888888885,10,Communication System,Operational,1,1,1.0
134526.13,8,16815.76625,18,Radar,Operational,1,1,0.99
200249.53,5,40049.906,19,Generator,Maintenance,0,0,0.0
250143.3,16,15633.95625,6,Missile Launcher,Operational,1,1,1.0
177613.75,4,44403.4375,21,Tank,Operational,0,0,0.0
148277.17,4,37069.2925,2,Generator,Operational,0,0,0.0
476629.0,15,31775.266666666663,15,Armored Vehicle,Operational,1,1,1.0
333762.62,7,47680.374285714286,8,Drone,Operational,0,0,0.005
98596.35,4,24649.0875,9,Tank,Operational,0,0,0.0
39241.59,2,19620.795,2,Communication System,Operational,0,0,0.0
124190.05,4,31047.5125,8,Drone,Operational,0,0,0.0
156543.74,4,39135.935,10,Armored Vehicle,Operational,0,0,0.005
291098.41,6,48516.401666666665,19,Generator,Operational,0,0,0.005
44384.0,2,22192.0,7,Generator,Operational,0,0,0.0
138135.1,4,34533.775,4,Radar,Operational,0,0,0.0
565160.54,19,29745.29157894737,2,Truck,Operational,1,1,1.0
0.0,0,0.0,10,Armored Vehicle,Operational,0,0,0.0
576548.43,18,32030.468333333338,5,Tank,Operational,1,1,1.0
0.0,0,0.0,7,Communication System,Operational,0,0,0.0
0.0,0,0.0,16,Generator,Maintenance,0,0,0.0
140260.07,4,35065.0175,16,Radar,Out of Service,0,0,0.0
316753.17,8,39594.14625,2,Communication System,Operational,1,1,1.0
110746.26,3,36915.42,17,Tank,Operational,0,0,0.0
60573.27,3,20191.09,2,Missile Launcher,Operational,0,0,0.0
129604.9,7,18514.985714285714,9,Radar,Operational,0,0,0.0
53992.64,3,17997.546666666665,18,Radar,Operational,0,0,0.0
592818.73,15,39521.24866666667,1,Armored Vehicle,Operational,1,1,1.0
84040.88,2,42020.44,6,Drone,Operational,0,0,0.0
116270.14,3,38756.71333333333,17,Missile Launcher,Maintenance,0,0,0.0
545479.34,13,41959.94923076923,4,Drone,Operational,1,1,1.0
553895.04,19,29152.37052631579,8,Tank,Operational,1,1,1.0
52516.56,3,17505.52,19,Drone,Maintenance,0,0,0.0
683698.22,20,34184.911,16,Truck,Maintenance,1,1,1.0
814907.39,18,45272.63277777778,18,Missile Launcher,Maintenance,1,1,1.0
105981.33,4,26495.3325,8,Armored Vehicle,Operational,0,0,0.0
0.0,0,0.0,13,Communication System,Out of Service,0,0,0.0
24526.7,1,24526.7,6,Tank,Maintenance,0,0,0.0
38324.09,1,38324.09,13,Radar,Operational,0,0,0.0
0.0,0,0.0,7,Communication System,Operational,0,0,0.0
624267.27,16,39016.704375,17,Generator,Maintenance,1,1,1.0
90772.22,4,22693.055,20,Missile Launcher,Operational,0,0,0.0
51092.56,2,25546.28,7,Generator,Maintenance,0,0,0.0
55607.64,2,27803.82,9,Communication System,Operational,0,0,0.0
645373.07,19,33967.003684210526,7,Radar,Operational,1,1,1.0
79548.35,3,26516.11666666667,16,Missile Launcher,Operational,0,0,0.0
0.0,0,0.0,17,Drone,Maintenance,0,0,0.0
685550.64,16,42846.915,2,Missile Launcher,Operational,1,1,1.0
87390.55,3,29130.18333333333,2,Generator,Operational,0,0,0.0
117545.18,5,23509.036,17,Tank,Operational,0,0,0.0
256109.36,11,23282.66909090909,7,Communication System,Operational,1,1,1.0
26238.68,1,26238.68,8,Radar,Operational,0,0,0.0
423141.56,17,24890.68,5,Radar,Operational,1,1,1.0
281711.46,10,28171.146,2,Drone,Operational,1,1,1.0
82196.14,3,27398.713333333333,20,Tank,Maintenance,0,0,0.0
0.0,0,0.0,3,Radar,Maintenance,0,0,0.0
634377.27,13,48798.25153846154,13,Tank,Operational,1,1,1.0
131705.64,5,26341.128000000004,10,Armored Vehicle,Operational,0,0,0.0
172484.98,5,34496.996,7,Missile Launcher,Operational,0,0,0.0
80814.26,3,26938.086666666662,13,Radar,Operational,0,0,0.0
104986.02,4,26246.505,17,Radar,Operational,0,0,0.0
379448.15,20,18972.4075,21,Communication System,Maintenance,1,1,1.0
541092.9,14,38649.49285714286,16,Communication System,Operational,1,1,1.0
424649.31,9,47183.25666666667,14,Radar,Operational,1,1,1.0
392945.44,8,49118.18,19,Armored Vehicle,Maintenance,1,1,0.995
204354.51,10,20435.451,16,Missile Launcher,Operational,1,1,1.0
28888.34,1,28888.34,3,Truck,Maintenance,0,0,0.0
868119.78,18,48228.87666666667,21,Drone,Maintenance,1,1,1.0
212160.26,5,42432.052,1,Communication System,Operational,0,0,0.0
652939.07,15,43529.27133333333,2,Generator,Operational,1,1,1.0
0.0,0,0.0,14,Generator,Operational,0,0,0.0
80382.58,4,20095.645,7,Drone,Operational,0,0,0.0
252473.74,6,42078.956666666665,5,Tank,Operational,0,0,0.02
0.0,0,0.0,17,Communication System,Operational,0,0,0.0
318946.39,10,31894.639000000003,20,Tank,Operational,1,1,1.0
806852.42,18,44825.13444444445,15,Truck,Operational,1,1,1.0
60452.09,3,20150.696666666667,12,Drone,Operational,0,0,0.0
99967.39,4,24991.8475,10,Truck,Operational,0,0,0.0
64772.65,4,16193.1625,2,Communication System,Operational,0,0,0.0
64631.64,2,32315.82,2,Communication System,Operational,0,0,0.0
44692.55,2,22346.275,1,Tank,Operational,0,0,0.0
304146.03,18,16897.001666666667,7,Communication System,Operational,1,1,1.0
70628.91,4,17657.2275,13,Armored Vehicle,Operational,0,0,0.0
15994.6,1,15994.6,9,Missile Launcher,Operational,0,0,0.0
65247.46,3,21749.15333333333,9,Communication System,Operational,0,0,0.0
0.0,0,0.0,19,Generator,Maintenance,0,0,0.0
100092.06,3,33364.02,10,Armored Vehicle,Operational,0,0,0.0
123652.45,3,41217.48333333333,15,Tank,Operational,0,0,0.0
0.0,0,0.0,15,Armored Vehicle,Operational,0,0,0.0
199482.86,8,24935.3575,1,Radar,Operational,1,1,1.0
36053.16,1,36053.16,19,Missile Launcher,Operational,0,0,0.0
232456.39,13,17881.260769230772,15,Tank,Operational,1,1,1.0
138248.59,4,34562.1475,6,Communication System,Operational,0,0,0.0
97413.94,4,24353.485,16,Armored Vehicle,Operational,0,0,0.0
147005.77,4,36751.4425,21,Communication System,Maintenance,0,0,0.0
191144.92,5,38228.984,9,Generator,Operational,0,0,0.0
68689.11,2,34344.555,9,Missile Launcher,Operational,0,0,0.0
83200.86,2,41600.43,17,Drone,Operational,0,0,0.0
97357.73,4,24339.4325,4,Radar,Operational,0,0,0.0
342809.61,7,48972.80142857142,3,Drone,Operational,0,0,0.005
300581.07,11,27325.55181818182,9,Communication System,Operational,1,1,0.995
104555.21,6,17425.868333333336,5,Communication System,Operational,0,0,0.0
259177.72,8,32397.215,14,Communication System,Operational,1,1,1.0
87932.47,5,17586.494,5,Armored Vehicle,Operational,0,0,0.0
460160.0,18,25564.444444444445,7,Drone,Operational,1,1,1.0
32735.12,1,32735.12,2,Tank,Out of Service,0,0,0.0
379075.27,9,42119.47444444445,2,Drone,Operational,1,1,1.0
283993.73,8,35499.21625,3,Armored Vehicle,Operational,1,1,0.995
103266.35,3,34422.11666666667,8,Tank,Operational,0,0,0.0
76655.54,4,19163.885,10,Armored Vehicle,Operational,0,0,0.0
98175.94,2,49087.97,2,Drone,Out of Service,0,0,0.0
44908.6,1,44908.6,14,Missile Launcher,Operational,0,0,0.0
239149.08,7,34164.154285714285,19,Armored Vehicle,Out of Service,0,0,0.02
29020.33,1,29020.33,1,Tank,Operational,0,0,0.0
188464.98,7,26923.56857142857,20,Generator,Maintenance,0,0,0.0
34416.47,2,17208.235,1,Truck,Operational,0,0,0.005
152900.88,9,16988.986666666668,9,Radar,Operational,1,1,0.995
157036.24,9,17448.47111111111,8,Armored Vehicle,Operational,1,1,1.0
0.0,0,0.0,4,Radar,Operational,0,0,0.0
77426.05,2,38713.025,16,Missile Launcher,Out of Service,0,0,0.0
533243.79,19,28065.46263157895,7,Truck,Operational,1,1,1.0
177157.38,4,44289.345,9,Radar,Operational,0,0,0.0
32900.6,1,32900.6,17,Radar,Maintenance,0,0,0.0
301106.02,9,33456.224444444444,12,Tank,Operational,1,1,1.0
428937.19,9,47659.68777777778,12,Generator,Operational,1,1,1.0
352739.06,9,39193.22888888889,2,Drone,Operational,1,1,1.0
218503.44,5,43700.688,3,Drone,Maintenance,0,0,0.0
75644.85,2,37822.425,4,Tank,Operational,0,0,0.0
302862.97,8,37857.87125,14,Tank,Operational,1,1,1.0
127160.25,7,18165.75,18,Drone,Operational,0,0,0.015
85675.85,3,28558.61666666667,18,Missile Launcher,Operational,0,0,0.0
148674.66,6,24779.11,2,Drone,Operational,0,0,0.0
42186.83,2,21093.415,18,Drone,Maintenance,0,0,0.0
527582.06,15,35172.13733333334,21,Generator,Out of Service,1,1,0.99
175019.91,4,43754.9775,6,Communication System,Operational,0,0,0.0
179840.6,4,44960.15,18,Truck,Out of Service,0,0,0.0
298160.82,7,42594.40285714286,21,Tank,Maintenance,0,0,0.015
343472.43,13,26420.956153846157,7,Generator,Operational,1,1,1.0
65999.71,3,21999.903333333332,17,Tank,Maintenance,0,0,0.0
36941.95,2,18470.975,17,Communication System,Maintenance,0,0,0.0
17918.69,1,17918.69,16,Generator,Operational,0,0,0.0
330990.07,11,30090.006363636363,3,Generator,Operational,1,1,1.0
391015.41,9,43446.15666666666,4,Armored Vehicle,Operational,1,1,1.0
90856.3,2,45428.15,1,Tank,Operational,0,0,0.0
45114.3,1,45114.3,2,Armored Vehicle,Operational,0,0,0.0
81482.11,5,16296.422,1,Tank,Operational,0,0,0.0
56975.1,3,18991.7,2,Drone,Operational,0,0,0.0
103146.92,3,34382.306666666664,1,Armored Vehicle,Operational,0,0,0.0
166558.66,8,20819.8325,8,Generator,Operational,1,1,0.99
49602.95,3,16534.316666666666,6,Tank,Operational,0,0,0.0
138363.67,5,27672.734000000004,14,Missile Launcher,Operational,0,0,0.0
154616.83,5,30923.366,2,Radar,Operational,0,0,0.005
31437.87,2,15718.935,7,Communication System,Operational,0,0,0.0
621188.84,16,38824.3025,3,Communication System,Operational,1,1,1.0
0.0,0,0.0,14,Generator,Operational,0,0,0.0
568379.43,16,35523.714375,15,Truck,Operational,1,1,1.0
41460.25,2,20730.125,6,Communication System,Operational,0,0,0.0
50798.8,3,16932.933333333334,2,Drone,Operational,0,0,0.0
153868.27,6,25644.711666666662,14,Communication System,Operational,0,0,0.0
383292.9,12,31941.075,17,Truck,Out of Service,1,1,1.0
223999.8,5,44799.96,17,Tank,Maintenance,0,0,0.0
342135.46,15,22809.03066666667,4,Drone,Operational,1,1,1.0
40386.2,2,20193.1,16,Communication System,Out of Service,0,0,0.0
116262.62,5,23252.524,8,Drone,Operational,0,0,0.0
136387.17,3,45462.39000000001,18,Communication System,Out of Service,0,0,0.0
169168.14,5,33833.628000000004,2,Tank,Operational,0,0,0.0
50382.45,3,16794.149999999998,19,Drone,Out of Service,0,0,0.0
144256.37,4,36064.0925,1,Communication System,Operational,0,0,0.0
90489.39,5,18097.878,21,Generator,Operational,0,0,0.0
577703.16,18,32094.620000000003,13,Radar,Operational,1,1,1.0
295687.29,11,26880.662727272724,3,Communication System,Operational,1,1,1.0
0.0,0,0.0,8,Drone,Out of Service,0,0,0.0
186776.77,4,46694.1925,4,Radar,Operational,0,0,0.0
247192.73,6,41198.78833333334,15,Radar,Maintenance,0,0,0.0
109569.27,3,36523.09,2,Communication System,Operational,0,0,0.0
976001.61,20,48800.0805,14,Communication System,Operational,1,1,1.0
142827.13,6,23804.521666666667,1,Generator,Maintenance,0,0,0.01
105556.62,3,35185.54,16,Missile Launcher,Out of Service,0,0,0.0
139326.06,7,19903.722857142857,18,Truck,Maintenance,0,0,0.0
0.0,0,0.0,17,Truck,Out of Service,0,0,0.0
107643.18,5,21528.636,20,Tank,Operational,0,0,0.0
101288.14,3,33762.71333333333,19,Truck,Maintenance,0,0,0.0
128551.2,4,32137.8,15,Tank,Operational,0,0,0.0
101980.96,4,25495.24,19,Generator,Maintenance,0,0,0.0
793237.01,16,49577.313125,14,Radar,Operational,1,1,1.0
153591.41,6,25598.568333333333,13,Radar,Operational,0,0,0.0
85646.35,2,42823.175,16,Generator,Operational,0,0,0.0
206952.35,5,41390.47,21,Tank,Operational,0,0,0.0
290022.71,13,22309.439230769232,8,Armored Vehicle,Out of Service,1,1,1.0
544170.57,17,32010.03352941176,7,Missile Launcher,Operational,1,1,1.0
106540.09,4,26635.0225,19,Communication System,Operational,0,0,0.0
16092.46,1,16092.46,2,Tank,Operational,0,0,0.0
406908.07,11,36991.64272727273,6,Radar,Operational,1,1,1.0
62630.17,2,31315.085,14,Armored Vehicle,Operational,0,0,0.0
0.0,0,0.0,20,Radar,Maintenance,0,0,0.0
91756.46,2,45878.23,4,Tank,Operational,0,0,0.0
238476.92,8,29809.615,9,Communication System,Operational,1,1,1.0
102761.65,3,34253.88333333333,11,Generator,Operational,0,0,0.0
141130.75,3,47043.583333333336,13,Generator,Operational,0,0,0.0
24160.95,1,24160.95,11,Truck,Operational,0,0,0.0
185000.24,4,46250.06,9,Missile Launcher,Operational,0,0,0.0
61289.81,2,30644.905,9,Radar,Operational,0,0,0.0
33262.88,1,33262.88,13,Missile Launcher,Out of Service,0,0,0.0
88524.31,3,29508.103333333333,21,Truck,Operational,0,0,0.0
296436.47,12,24703.039166666666,17,Armored Vehicle,Operational,1,1,1.0
584404.0,16,36525.25,21,Truck,Operational,1,1,1.0
195793.22,4,48948.305,16,Communication System,Maintenance,0,0,0.0
52883.26,3,17627.753333333334,4,Generator,Operational,0,0,0.0
116790.99,3,38930.33,19,Armored Vehicle,Maintenance,0,0,0.0
37318.79,1,37318.79,19,Truck,Operational,0,0,0.0
117803.22,7,16829.03142857143,6,Armored Vehicle,Operational,0,0,0.0
36643.96,1,36643.96,1,Tank,Operational,0,0,0.0
38083.29,2,19041.645,11,Truck,Operational,0,0,0.0
84697.81,2,42348.905,16,Missile Launcher,Out of Service,0,0,0.0
18260.15,1,18260.15,16,Radar,Operational,0,0,0.0
164881.58,6,27480.26333333333,6,Drone,Maintenance,0,0,0.01
177968.24,8,22246.03,15,Communication System,Operational,1,1,0.99
232076.83,8,29009.60375,21,Communication System,Operational,1,1,0.995
699926.97,17,41172.17470588235,7,Generator,Operational,1,1,1.0
177659.51,8,22207.43875,21,Communication System,Maintenance,1,1,1.0
111111.11,7,15873.015714285715,4,Tank,Operational,0,0,0.005
15353.2,1,15353.2,21,Tank,Out of Service,0,0,0.02
161712.54,6,26952.09,11,Tank,Operational,0,0,0.0
0.0,0,0.0,10,Communication System,Operational,0,0,0.0
189272.78,12,15772.731666666668,6,Armored Vehicle,Operational,1,1,1.0
91331.84,5,18266.368,10,Armored Vehicle,Operational,0,0,0.0
0.0,0,0.0,16,Armored Vehicle,Operational,0,0,0.0
148324.83,6,24720.805,14,Tank,Operational,0,0,0.0
171116.2,4,42779.05,20,Generator,Maintenance,0,0,0.0
101857.62,4,25464.405,18,Tank,Maintenance,0,0,0.0
134959.51,3,44986.50333333333,18,Truck,Maintenance,0,0,0.0
122460.19,4,30615.0475,11,Missile Launcher,Operational,0,0,0.0
258136.88,7,36876.69714285714,18,Radar,Operational,0,0,0.01
323848.56,7,46264.08,14,Armored Vehicle,Operational,0,0,0.0
496485.96,10,49648.596000000005,10,Missile Launcher,Operational,1,1,1.0
0.0,0,0.0,14,Missile Launcher,Operational,0,0,0.0
0.0,0,0.0,7,Drone,Operational,0,0,0.0
74175.26,2,37087.63,15,Truck,Operational,0,0,0.0
31964.49,2,15982.245,9,Missile Launcher,Maintenance,0,0,0.0
58242.07,2,29121.035,14,Generator,Maintenance,0,0,0.0
257367.15,6,42894.525,2,Tank,Operational,0,0,0.005
567565.71,14,40540.40785714285,14,Tank,Maintenance,1,1,0.995
86676.07,2,43338.035,12,Missile Launcher,Operational,0,0,0.0
151331.33,9,16814.59222222222,11,Missile Launcher,Operational,1,1,1.0
282774.02,7,40396.28857142857,17,Tank,Operational,0,0,0.0
74075.39,2,37037.695,2,Armored Vehicle,Operational,0,0,0.0
682326.45,20,34116.322499999995,12,Radar,Maintenance,1,1,1.0
89488.75,4,22372.1875,10,Drone,Operational,0,0,0.0
180829.39,9,20092.154444444444,6,Missile Launcher,Maintenance,1,1,1.0
0.0,0,0.0,20,Drone,Out of Service,0,0,0.0
50166.08,2,25083.04,4,Radar,Operational,0,0,0.0
242040.7,9,26893.411111111112,17,Generator,Operational,1,1,0.995
81548.8,4,20387.2,6,Communication System,Operational,0,0,0.0
42442.63,1,42442.63,7,Armored Vehicle,Operational,0,0,0.0
186208.12,9,20689.79111111111,17,Tank,Operational,1,1,1.0
120234.62,3,40078.206666666665,13,Tank,Operational,0,0,0.0
251416.6,6,41902.76666666667,10,Missile Launcher,Operational,0,0,0.0
157412.86,9,17490.317777777775,13,Generator,Operational,1,1,0.995
477411.52,20,23870.576,18,Radar,Operational,1,1,1.0
543645.94,12,45303.82833333333,20,Radar,Maintenance,1,1,1.0
573416.65,14,40958.33214285714,15,Communication System,Operational,1,1,1.0
240738.85,6,40123.14166666667,3,Missile Launcher,Operational,0,0,0.0
78533.87,3,26177.956666666665,8,Radar,Operational,0,0,0.0
176826.28,9,19647.364444444444,10,Tank,Operational,1,1,1.0
30819.41,2,15409.705,3,Truck,Operational,0,0,0.0
100081.12,3,33360.37333333333,9,Missile Launcher,Operational,0,0,0.0
417691.93,14,29835.137857142858,7,Missile Launcher,Operational,1,1,1.0
97217.87,2,48608.935,20,Communication System,Operational,0,0,0.0
201270.33,9,22363.37,14,Radar,Operational,1,1,1.0
86040.92,2,43020.46,19,Drone,Out of Service,0,0,0.0
255715.32,8,31964.415,18,Radar,Operational,1,1,1.0
0.0,0,0.0,21,Generator,Operational,0,0,0.0
101618.7,3,33872.9,4,Tank,Maintenance,0,0,0.0
116716.03,5,23343.206,17,Armored Vehicle,Out of Service,0,0,0.0
199328.79,5,39865.758,1,Tank,Out of Service,0,0,0.015
173691.46,5,34738.292,10,Missile Launcher,Operational,0,0,0.0
769620.8,16,48101.3,13,Drone,Operational,1,1,1.0
300749.39,11,27340.85363636364,14,Drone,Operational,1,1,1.0
311542.9,8,38942.8625,9,Missile Launcher,Operational,1,1,1.0
153648.69,7,21949.812857142857,14,Missile Launcher,Operational,0,0,0.01
256742.26,14,18338.73285714286,21,Tank,Maintenance,1,1,1.0
43370.72,2,21685.36,1,Radar,Operational,0,0,0.0
75280.34,5,15056.068,6,Armored Vehicle,Operational,0,0,0.0
31058.83,1,31058.83,17,Truck,Out of Service,0,0,0.0
448458.95,16,28028.684375,6,Communication System,Operational,1,1,1.0
134486.46,7,19212.351428571423,3,Missile Launcher,Operational,0,0,0.0
46118.37,1,46118.37,20,Armored Vehicle,Operational,0,0,0.0
154369.01,9,17152.112222222222,9,Tank,Out of Service,1,1,1.0
68998.44,4,17249.61,5,Radar,Operational,0,0,0.0
267823.15,6,44637.19166666667,16,Radar,Maintenance,0,0,0.0
48205.65,3,16068.55,2,Generator,Operational,0,0,0.005
754059.25,18,41892.18055555556,19,Missile Launcher,Operational,1,1,1.0
181555.01,5,36311.002,21,Missile Launcher,Out of Service,0,0,0.025
187657.48,5,37531.496,18,Tank,Out of Service,0,0,0.0
491947.67,19,25891.982631578947,17,Missile Launcher,Maintenance,1,1,1.0
279460.87,6,46576.81166666667,9,Armored Vehicle,Operational,0,0,0.0
91750.69,2,45875.345,9,Missile Launcher,Operational,0,0,0.0
111871.88,3,37290.62666666667,14,Generator,Operational,0,0,0.0
58250.45,3,19416.816666666666,13,Generator,Operational,0,0,0.0
168752.46,9,18750.27333333333,4,Generator,Operational,1,1,0.995
385322.22,8,48165.2775,16,Radar,Operational,1,1,1.0
68684.22,2,34342.11,8,Communication System,Operational,0,0,0.0
416309.25,9,46256.583333333336,19,Radar,Maintenance,1,1,1.0
272874.05,11,24806.731818181812,16,Generator,Maintenance,1,1,1.0
472180.74,11,42925.52181818182,11,Radar,Operational,1,1,1.0
92092.75,4,23023.1875,14,Tank,Operational,0,0,0.0
83896.48,5,16779.296,8,Generator,Operational,0,0,0.0
41181.62,1,41181.62,10,Radar,Operational,0,0,0.0
113312.43,3,37770.81,20,Armored Vehicle,Operational,0,0,0.0
328639.93,19,17296.83842105263,4,Armored Vehicle,Maintenance,1,1,1.0
37671.65,1,37671.65,20,Radar,Operational,0,0,0.0
308955.57,9,34328.39666666667,4,Communication System,Operational,1,1,1.0
110652.75,3,36884.25,9,Radar,Operational,0,0,0.0
173824.8,7,24832.114285714284,5,Tank,Operational,0,0,0.005
377920.68,8,47240.085,6,Generator,Out of Service,1,1,0.995
81012.33,2,40506.165,11,Armored Vehicle,Operational,0,0,0.0
148988.33,5,29797.666,14,Radar,Operational,0,0,0.0
85969.22,4,21492.305,6,Generator,Operational,0,0,0.0
62765.44,4,15691.36,21,Radar,Maintenance,0,0,0.0
490255.48,14,35018.24857142857,10,Armored Vehicle,Operational,1,1,1.0
34980.76,2,17490.38,1,Generator,Operational,0,0,0.0
255340.46,6,42556.74333333333,14,Tank,Maintenance,0,0,0.0
41853.38,1,41853.38,8,Tank,Operational,0,0,0.0
791925.31,19,41680.27947368421,1,Missile Launcher,Operational,1,1,1.0
261835.22,8,32729.4025,20,Truck,Operational,1,1,1.0
826471.18,17,48615.95176470588,13,Truck,Operational,1,1,1.0
29013.04,1,29013.04,7,Radar,Maintenance,0,0,0.0
353616.63,9,39290.73666666666,20,Missile Launcher,Operational,1,1,1.0
76720.7,2,38360.35,13,Armored Vehicle,Operational,0,0,0.0
112367.73,3,37455.91,5,Radar,Operational,0,0,0.0
123574.17,3,41191.39,8,Generator,Operational,0,0,0.0
75001.61,2,37500.805,18,Tank,Operational,0,0,0.0
32202.6,1,32202.6,14,Drone,Operational,0,0,0.0
248769.8,9,27641.088888888888,11,Truck,Operational,1,1,1.0
669310.74,18,37183.93,10,Missile Launcher,Out of Service,1,1,1.0
244494.07,5,48898.814,10,Armored Vehicle,Maintenance,0,0,0.015
81152.72,3,27050.906666666662,19,Generator,Operational,0,0,0.0
75547.52,3,25182.506666666668,18,Missile Launcher,Operational,0,0,0.0
125605.73,5,25121.146,9,Drone,Operational,0,0,0.0
265928.71,6,44321.45166666667,11,Truck,Operational,0,0,0.0
219022.88,7,31288.98285714286,20,Armored Vehicle,Maintenance,0,0,0.005
295497.29,6,49249.54833333333,4,Missile Launcher,Operational,0,0,0.005
284840.08,8,35605.01,5,Communication System,Operational,1,1,0.995
169201.35,4,42300.3375,6,Tank,Operational,0,0,0.0
45070.81,2,22535.405,5,Tank,Operational,0,0,0.0
191354.13,5,38270.826,14,Drone,Operational,0,0,0.0
114079.99,3,38026.66333333334,12,Drone,Operational,0,0,0.0
210467.9,9,23385.32222222222,9,Truck,Operational,1,1,1.0
232317.85,5,46463.57,12,Radar,Operational,0,0,0.0
141668.04,5,28333.608,18,Armored Vehicle,Operational,0,0,0.0
285259.21,10,28525.921,14,Generator,Operational,1,1,1.0
149851.33,3,49950.44333333333,15,Missile Launcher,Operational,0,0,0.0
115415.49,3,38471.83,5,Drone,Maintenance,0,0,0.0
564103.44,13,43392.5723076923,5,Generator,Operational,1,1,1.0
47400.22,1,47400.22,1,Radar,Operational,0,0,0.0
127569.72,5,25513.944,15,Tank,Operational,0,0,0.0
0.0,0,0.0,1,Armored Vehicle,Maintenance,0,0,0.0
0.0,0,0.0,8,Armored Vehicle,Operational,0,0,0.0
182613.04,6,30435.506666666668,9,Generator,Operational,0,0,0.0
586848.21,16,36678.013125,8,Armored Vehicle,Operational,1,1,1.0
342913.83,16,21432.114375,9,Communication System,Operational,1,1,1.0
580776.42,14,41484.030000000006,2,Drone,Operational,1,1,1.0
259970.56,13,19997.735384615386,10,Armored Vehicle,Operational,1,1,1.0
245606.73,9,27289.63666666667,16,Tank,Operational,1,1,1.0
157549.02,9,17505.446666666667,19,Truck,Maintenance,1,1,0.98
165058.6,4,41264.65,11,Armored Vehicle,Operational,0,0,0.0
107943.49,4,26985.8725,7,Radar,Operational,0,0,0.0
737908.0,15,49193.86666666667,17,Missile Launcher,Maintenance,1,1,0.995
336827.86,7,48118.26571428571,19,Missile Launcher,Operational,0,0,0.005
97958.28,2,48979.14,8,Tank,Operational,0,0,0.0
80088.22,4,20022.055,7,Armored Vehicle,Operational,0,0,0.0
39249.15,1,39249.15,19,Communication System,Maintenance,0,0,0.0
109385.49,5,21877.098,14,Generator,Operational,0,0,0.0
185492.58,8,23186.5725,7,Armored Vehicle,Operational,1,1,1.0
40412.15,1,40412.15,1,Missile Launcher,Operational,0,0,0.0
179993.42,5,35998.684,13,Drone,Out of Service,0,0,0.005
73680.84,2,36840.42,13,Missile Launcher,Operational,0,0,0.0
47043.32,1,47043.32,2,Armored Vehicle,Operational,0,0,0.0
175078.35,4,43769.5875,11,Communication System,Operational,0,0,0.0
301029.71,8,37628.71375,4,Generator,Operational,1,1,1.0
283290.43,13,21791.57153846154,2,Radar,Maintenance,1,1,1.0
89043.07,3,29681.02333333333,16,Tank,Operational,0,0,0.0
249214.18,8,31151.7725,8,Armored Vehicle,Operational,1,1,0.99
0.0,0,0.0,21,Drone,Operational,0,0,0.0
19192.77,1,19192.77,7,Truck,Operational,0,0,0.0
270250.74,9,30027.86,11,Armored Vehicle,Maintenance,1,1,1.0
445223.05,9,49469.22777777778,21,Tank,Operational,1,1,1.0
465748.98,14,33267.78428571428,4,Radar,Maintenance,1,1,1.0
113731.51,4,28432.8775,18,Missile Launcher,Maintenance,0,0,0.0
210913.99,11,19173.99909090909,8,Communication System,Operational,1,1,1.0
144713.03,4,36178.2575,6,Drone,Operational,0,0,0.0
0.0,0,0.0,4,Armored Vehicle,Operational,0,0,0.0
21626.67,1,21626.67,3,Armored Vehicle,Out of Service,0,0,0.0
244794.74,11,22254.067272727272,9,Tank,Operational,1,1,1.0
287100.09,18,15950.005,8,Armored Vehicle,Operational,1,1,1.0
55741.16,2,27870.58,16,Communication System,Maintenance,0,0,0.0
62453.69,3,20817.896666666667,18,Radar,Operational,0,0,0.0
62531.18,2,31265.59,21,Communication System,Operational,0,0,0.0
298218.14,11,27110.74,14,Drone,Operational,1,1,1.0
106941.61,4,26735.4025,14,Communication System,Operational,0,0,0.0
21626.62,1,21626.62,7,Communication System,Operational,0,0,0.0
581068.11,19,30582.53210526316,5,Armored Vehicle,Operational,1,1,1.0
624281.3,19,32856.91052631579,21,Tank,Operational,1,1,1.0
72800.92,2,36400.46,1,Missile Launcher,Operational,0,0,0.0
199070.54,4,49767.635,4,Armored Vehicle,Maintenance,0,0,0.0
105634.7,5,21126.94,18,Missile Launcher,Out of Service,0,0,0.0
215204.2,13,16554.169230769232,10,Armored Vehicle,Operational,1,1,1.0
320054.46,9,35561.60666666667,13,Truck,Operational,1,1,1.0
137131.08,5,27426.216,21,Armored Vehicle,Maintenance,0,0,0.0
564235.39,13,43402.72230769231,1,Missile Launcher,Out of Service,1,1,0.99
0.0,0,0.0,6,Generator,Operational,0,0,0.0
359898.43,11,32718.03909090909,4,Drone,Operational,1,1,1.0
265327.32,6,44221.22,3,Tank,Operational,0,0,0.01
859413.3,20,42970.665,19,Armored Vehicle,Operational,1,1,1.0
26027.25,1,26027.25,10,Armored Vehicle,Operational,0,0,0.0
53760.6,3,17920.2,7,Radar,Maintenance,0,0,0.0
103956.38,3,34652.12666666667,16,Communication System,Maintenance,0,0,0.0
145098.1,3,48366.03333333333,21,Tank,Operational,0,0,0.0
544586.3,17,32034.48823529412,7,Generator,Operational,1,1,1.0
297025.24,10,29702.524,20,Missile Launcher,Maintenance,1,1,1.0
134893.76,3,44964.58666666667,11,Missile Launcher,Operational,0,0,0.0
439253.17,15,29283.544666666665,12,Communication System,Operational,1,1,1.0
589257.58,17,34662.21058823529,10,Missile Launcher,Operational,1,1,1.0
75317.62,2,37658.81,21,Drone,Operational,0,0,0.0
195012.93,8,24376.61625,11,Tank,Operational,1,1,0.995
292165.25,14,20868.946428571428,17,Tank,Maintenance,1,1,1.0
34190.54,2,17095.27,10,Drone,Operational,0,0,0.0
223906.54,8,27988.3175,16,Generator,Operational,1,1,0.98
0.0,0,0.0,7,Missile Launcher,Operational,0,0,0.0
63386.24,3,21128.746666666662,20,Generator,Maintenance,0,0,0.0
365753.47,9,40639.27444444444,6,Armored Vehicle,Operational,1,1,0.99
260563.6,6,43427.26666666667,12,Missile Launcher,Operational,0,0,0.0
133783.51,3,44594.50333333333,16,Radar,Operational,0,0,0.0
564626.17,15,37641.74466666667,6,Generator,Operational,1,1,1.0
146666.07,3,48888.69,14,Truck,Maintenance,0,0,0.0
57624.19,3,19208.06333333333,6,Generator,Operational,0,0,0.0
104279.89,6,17379.981666666667,18,Radar,Operational,0,0,0.0
98771.53,2,49385.765,5,Missile Launcher,Operational,0,0,0.005
113737.02,7,16248.145714285714,14,Communication System,Operational,0,0,0.0
440835.34,9,48981.70444444445,11,Radar,Operational,1,1,1.0
196916.35,4,49229.0875,15,Truck,Operational,0,0,0.0
27599.32,1,27599.32,14,Armored Vehicle,Maintenance,0,0,0.0
61215.47,3,20405.156666666662,7,Armored Vehicle,Operational,0,0,0.0
629207.46,16,39325.46625,10,Missile Launcher,Operational,1,1,1.0
544148.62,15,36276.57466666667,20,Drone,Maintenance,1,1,1.0
0.0,0,0.0,21,Generator,Maintenance,0,0,0.0
186561.49,8,23320.18625,16,Tank,Maintenance,1,1,0.99
30156.2,2,15078.1,17,Truck,Maintenance,0,0,0.0
561809.17,20,28090.4585,8,Tank,Operational,1,1,1.0
752889.38,16,47055.58625,5,Tank,Operational,1,1,0.995
103651.24,6,17275.20666666667,15,Generator,Operational,0,0,0.0
457888.04,11,41626.185454545455,1,Missile Launcher,Operational,1,1,1.0
71722.57,4,17930.6425,13,Missile Launcher,Operational,0,0,0.0
95192.32,2,47596.16,12,Drone,Operational,0,0,0.0
15010.61,1,15010.61,6,Radar,Operational,0,0,0.01
176430.1,4,44107.525,9,Armored Vehicle,Operational,0,0,0.0
73750.98,2,36875.49,20,Radar,Maintenance,0,0,0.0
99172.6,2,49586.3,10,Missile Launcher,Operational,0,0,0.0
265940.31,11,24176.39181818182,16,Armored Vehicle,Operational,1,1,1.0
171367.94,5,34273.588,5,Armored Vehicle,Operational,0,0,0.0
118150.8,4,29537.7,15,Drone,Operational,0,0,0.0
536033.55,11,48730.32272727273,14,Drone,Maintenance,1,1,1.0
359265.59,8,44908.19875,21,Armored Vehicle,Maintenance,1,1,0.97
383843.47,9,42649.27444444444,18,Tank,Maintenance,1,1,1.0
0.0,0,0.0,18,Drone,Maintenance,0,0,0.0
0.0,0,0.0,18,Radar,Operational,0,0,0.0
135297.04,8,16912.13,2,Generator,Operational,1,1,0.99
235295.6,5,47059.12,10,Radar,Operational,0,0,0.0
33492.34,2,16746.17,14,Radar,Maintenance,0,0,0.0
184920.94,5,36984.188,2,Armored Vehicle,Maintenance,0,0,0.005
258187.72,7,36883.96,18,Tank,Operational,0,0,0.01
249653.09,6,41608.848333333335,11,Armored Vehicle,Operational,0,0,0.005
259180.04,7,37025.72,6,Drone,Operational,0,0,0.0
0.0,0,0.0,5,Armored Vehicle,Out of Service,0,0,0.0
398440.29,8,49805.03625,15,Armored Vehicle,Operational,1,1,1.0
193203.51,5,38640.702000000005,4,Communication System,Operational,0,0,0.0
444908.86,9,49434.317777777775,3,Missile Launcher,Operational,1,1,1.0
126380.5,3,42126.833333333336,10,Communication System,Operational,0,0,0.0
141670.79,7,20238.684285714287,4,Communication System,Operational,0,0,0.0
98723.94,3,32907.98,20,Generator,Operational,0,0,0.0
190868.29,4,47717.0725,21,Generator,Operational,0,0,0.0
501724.05,18,27873.55833333333,6,Communication System,Operational,1,1,1.0
45808.39,3,15269.463333333331,14,Drone,Maintenance,0,0,0.0
349926.18,20,17496.309,7,Truck,Operational,1,1,1.0
442870.43,9,49207.82555555555,21,Communication System,Operational,1,1,1.0
511245.08,20,25562.254,18,Communication System,Operational,1,1,1.0
617589.9,15,41172.66,7,Truck,Operational,1,1,1.0
193533.58,8,24191.6975,21,Tank,Operational,1,1,0.99
78800.5,2,39400.25,13,Armored Vehicle,Operational,0,0,0.0
571382.89,17,33610.75823529412,6,Armored Vehicle,Operational,1,1,1.0
0.0,0,0.0,12,Armored Vehicle,Operational,0,0,0.0
136900.49,9,15211.165555555555,20,Missile Launcher,Out of Service,1,1,0.925
88799.92,4,22199.98,17,Armored Vehicle,Out of Service,0,0,0.0
236509.11,7,33787.01571428571,13,Drone,Operational,0,0,0.005
191036.83,8,23879.60375,9,Communication System,Operational,1,1,0.995
65491.14,2,32745.57,10,Generator,Operational,0,0,0.0
234014.59,5,46802.918,12,Missile Launcher,Operational,0,0,0.0
212539.51,7,30362.787142857145,9,Generator,Operational,0,0,0.0
208840.18,6,34806.69666666666,2,Radar,Operational,0,0,0.0
91394.06,6,15232.343333333332,13,Generator,Operational,0,0,0.0
284990.84,13,21922.37230769231,16,Missile Launcher,Operational,1,1,1.0
113900.85,3,37966.95,2,Drone,Operational,0,0,0.0
132322.44,4,33080.61,17,Missile Launcher,Out of Service,0,0,0.0
173929.01,4,43482.2525,19,Radar,Out of Service,0,0,0.0
112664.35,3,37554.78333333333,14,Radar,Maintenance,0,0,0.0
183704.75,4,45926.1875,20,Missile Launcher,Operational,0,0,0.0
140550.51,4,35137.6275,4,Radar,Operational,0,0,0.0
352709.09,20,17635.4545,21,Armored Vehicle,Operational,1,1,1.0
108737.14,4,27184.285,12,Armored Vehicle,Operational,0,0,0.0
92369.81,4,23092.4525,20,Missile Launcher,Operational,0,0,0.0
239034.64,5,47806.928,6,Communication System,Operational,0,0,0.0
226915.96,5,45383.192,1,Tank,Operational,0,0,0.0
307579.02,12,25631.585000000003,6,Armored Vehicle,Operational,1,1,1.0
76361.7,4,19090.425,2,Radar,Operational,0,0,0.0
60131.06,4,15032.765,7,Missile Launcher,Operational,0,0,0.0
94185.17,3,31395.056666666667,11,Communication System,Operational,0,0,0.0
0.0,0,0.0,8,Missile Launcher,Operational,0,0,0.0
274832.31,8,34354.03875,5,Truck,Operational,1,1,0.995
0.0,0,0.0,15,Missile Launcher,Operational,0,0,0.0
787655.66,19,41455.56105263158,4,Radar,Operational,1,1,1.0
0.0,0,0.0,16,Missile Launcher,Operational,0,0,0.0
489735.52,18,27207.52888888889,18,Missile Launcher,Operational,1,1,1.0
424506.55,9,47167.39444444444,7,Missile Launcher,Operational,1,1,1.0
498259.46,12,41521.621666666666,2,Radar,Operational,1,1,1.0
69483.97,3,23161.323333333334,6,Communication System,Operational,0,0,0.0
50134.81,2,25067.405,19,Generator,Maintenance,0,0,0.0
34973.96,1,34973.96,12,Missile Launcher,Operational,0,0,0.0
474152.8,15,31610.186666666665,6,Communication System,Operational,1,1,1.0
303877.14,7,43411.02,21,Missile Launcher,Out of Service,0,0,0.045
160327.18,4,40081.795,17,Missile Launcher,Maintenance,0,0,0.0
221634.65,9,24626.07222222222,14,Missile Launcher,Operational,1,1,1.0
178812.43,7,25544.632857142857,5,Drone,Maintenance,0,0,0.01
69562.94,3,23187.646666666667,3,Generator,Operational,0,0,0.0
153343.05,4,38335.7625,7,Missile Launcher,Operational,0,0,0.0
127682.57,3,42560.85666666667,20,Radar,Out of Service,0,0,0.0
447947.33,10,44794.733,17,Radar,Out of Service,1,1,1.0
58616.38,2,29308.19,4,Truck,Operational,0,0,0.0
101378.7,3,33792.9,13,Armored Vehicle,Operational,0,0,0.0
91613.99,4,22903.4975,12,Missile Launcher,Operational,0,0,0.0
101603.29,3,33867.76333333333,11,Missile Launcher,Operational,0,0,0.0
99433.21,3,33144.403333333335,21,Drone,Operational,0,0,0.0
162044.44,9,18004.937777777777,7,Armored Vehicle,Maintenance,1,1,0.995
411252.16,18,22847.34222222222,5,Generator,Operational,1,1,1.0
98035.37,2,49017.685,16,Armored Vehicle,Maintenance,0,0,0.0
188762.98,7,26966.140000000003,1,Tank,Operational,0,0,0.025
127904.15,3,42634.71666666667,8,Armored Vehicle,Operational,0,0,0.0
245424.43,6,40904.07166666666,18,Truck,Maintenance,0,0,0.0
112558.19,3,37519.39666666667,12,Drone,Operational,0,0,0.0
81656.52,3,27218.84,12,Missile Launcher,Operational,0,0,0.0
79209.61,3,26403.20333333333,20,Radar,Operational,0,0,0.0
784621.82,19,41295.88526315789,12,Truck,Operational,1,1,1.0
141318.98,3,47106.32666666667,15,Communication System,Operational,0,0,0.0
213644.45,9,23738.272222222226,13,Tank,Operational,1,1,0.995
487553.75,18,27086.319444444445,14,Missile Launcher,Maintenance,1,1,1.0
34697.99,1,34697.99,1,Generator,Maintenance,0,0,0.0
133568.34,8,16696.0425,8,Drone,Operational,1,1,0.99
152298.97,8,19037.37125,15,Communication System,Out of Service,1,1,0.985
362418.09,9,40268.676666666666,2,Radar,Operational,1,1,1.0
86429.59,2,43214.795,16,Generator,Operational,0,0,0.0
19003.95,1,19003.95,12,Missile Launcher,Operational,0,0,0.0
0.0,0,0.0,19,Communication System,Maintenance,0,0,0.0
19726.49,1,19726.49,14,Armored Vehicle,Operational,0,0,0.0
225449.73,6,37574.955,8,Communication System,Operational,0,0,0.0
178940.89,4,44735.2225,4,Armored Vehicle,Operational,0,0,0.0
36487.6,2,18243.8,10,Drone,Operational,0,0,0.0
77777.84,2,38888.92,18,Radar,Operational,0,0,0.0
370513.9,11,33683.08181818182,20,Drone,Operational,1,1,1.0
368392.6,10,36839.26,4,Tank,Operational,1,1,1.0
401851.64,20,20092.582,14,Tank,Maintenance,1,1,1.0
109265.4,4,27316.35,4,Missile Launcher,Maintenance,0,0,0.0
684779.83,15,45651.98866666666,15,Radar,Operational,1,1,1.0
35070.19,1,35070.19,6,Generator,Operational,0,0,0.0
17251.48,1,17251.48,13,Communication System,Operational,0,0,0.0
276716.31,9,30746.256666666668,15,Missile Launcher,Operational,1,1,1.0
292202.07,11,26563.824545454547,1,Armored Vehicle,Operational,1,1,1.0
77498.86,4,19374.715,14,Communication System,Operational,0,0,0.0
145785.91,5,29157.182,6,Communication System,Operational,0,0,0.0
715216.56,17,42071.56235294118,7,Truck,Operational,1,1,1.0
361531.24,8,45191.405,3,Armored Vehicle,Operational,1,1,1.0
186195.37,5,37239.074,9,Tank,Out of Service,0,0,0.0
31013.8,1,31013.8,17,Truck,Out of Service,0,0,0.0
122116.97,5,24423.394,18,Truck,Operational,0,0,0.0
91540.77,2,45770.385,7,Drone,Operational,0,0,0.0
337910.91,13,25993.14692307692,10,Generator,Operational,1,1,1.0
725884.68,20,36294.234,9,Radar,Operational,1,1,1.0
53753.1,2,26876.55,6,Armored Vehicle,Operational,0,0,0.0
68533.8,4,17133.45,12,Tank,Out of Service,0,0,0.0
0.0,0,0.0,11,Radar,Operational,0,0,0.0
95699.48,2,47849.74,5,Communication System,Operational,0,0,0.0
153639.24,4,38409.81,16,Tank,Operational,0,0,0.0
461073.55,11,41915.77727272728,15,Armored Vehicle,Operational,1,1,1.0
64617.05,4,16154.2625,1,Generator,Maintenance,0,0,0.005
229690.84,14,16406.48857142857,11,Drone,Operational,1,1,1.0
0.0,0,0.0,7,Drone,Maintenance,0,0,0.0
81755.81,5,16351.162,8,Communication System,Operational,0,0,0.0
459451.65,18,25525.091666666667,4,Armored Vehicle,Operational,1,1,1.0
304231.97,16,19014.498125,4,Communication System,Operational,1,1,1.0
688820.92,20,34441.046,7,Truck,Operational,1,1,1.0
173810.99,4,43452.7475,4,Communication System,Operational,0,0,0.0
125920.45,4,31480.1125,2,Drone,Operational,0,0,0.0
551081.39,12,45923.449166666665,8,Generator,Operational,1,1,1.0
136908.94,3,45636.31333333333,19,Missile Launcher,Operational,0,0,0.0
139780.31,4,34945.0775,7,Generator,Operational,0,0,0.0
326907.25,17,19229.83823529412,12,Generator,Operational,1,1,1.0
36500.85,1,36500.85,17,Communication System,Maintenance,0,0,0.0
0.0,0,0.0,11,Drone,Operational,0,0,0.0
198586.79,7,28369.54142857143,8,Truck,Operational,0,0,0.01
72290.85,4,18072.7125,8,Communication System,Operational,0,0,0.0
78904.63,3,26301.54333333333,4,Tank,Operational,0,0,0.0
50085.15,3,16695.05,18,Truck,Out of Service,0,0,0.0
201022.0,5,40204.4,9,Radar,Operational,0,0,0.0
117032.98,3,39010.99333333333,20,Missile Launcher,Out of Service,0,0,0.0
15016.98,1,15016.98,4,Truck,Operational,0,0,0.005
179655.92,4,44913.98,21,Generator,Maintenance,0,0,0.0
596553.49,13,45888.73,14,Truck,Maintenance,1,1,1.0
183524.57,4,45881.1425,7,Generator,Operational,0,0,0.0
511913.5,12,42659.458333333336,16,Missile Launcher,Out of Service,1,1,1.0
304317.02,17,17901.00117647059,16,Tank,Maintenance,1,1,1.0
80375.27,3,26791.756666666668,17,Communication System,Operational,0,0,0.0
0.0,0,0.0,10,Armored Vehicle,Operational,0,0,0.0
540559.64,20,27027.982,7,Radar,Maintenance,1,1,1.0
50714.02,3,16904.673333333332,2,Truck,Operational,0,0,0.0
77119.42,2,38559.71,3,Missile Launcher,Operational,0,0,0.0
125343.0,5,25068.6,7,Generator,Operational,0,0,0.0
0.0,0,0.0,19,Tank,Operational,0,0,0.0
286920.51,18,15940.028333333334,9,Communication System,Operational,1,1,1.0
548877.79,18,30493.21055555556,21,Communication System,Out of Service,1,1,1.0
103207.68,4,25801.92,5,Communication System,Maintenance,0,0,0.005
100685.19,3,33561.73,7,Communication System,Operational,0,0,0.0
105128.75,3,35042.916666666664,13,Missile Launcher,Operational,0,0,0.0
84679.36,2,42339.68,12,Armored Vehicle,Operational,0,0,0.0
134157.52,3,44719.17333333333,10,Missile Launcher,Operational,0,0,0.0
93663.3,3,31221.1,9,Tank,Operational,0,0,0.0
294931.93,6,49155.32166666666,7,Communication System,Operational,0,0,0.015
196377.18,10,19637.718,12,Generator,Operational,1,1,1.0
87666.92,4,21916.73,10,Armored Vehicle,Operational,0,0,0.0
192813.4,6,32135.566666666666,20,Drone,Operational,0,0,0.0
351480.13,20,17574.0065,2,Communication System,Maintenance,1,1,1.0
0.0,0,0.0,19,Missile Launcher,Operational,0,0,0.0
117994.92,3,39331.64,11,Tank,Maintenance,0,0,0.0
107303.51,3,35767.83666666666,11,Generator,Operational,0,0,0.0
348511.0,13,26808.53846153846,11,Communication System,Maintenance,1,1,0.995
49145.51,2,24572.755,18,Missile Launcher,Maintenance,0,0,0.0
78023.94,2,39011.97,9,Radar,Operational,0,0,0.0
239040.05,5,47808.01,20,Radar,Out of Service,0,0,0.0
54872.84,2,27436.42,7,Truck,Out of Service,0,0,0.0
478000.35,17,28117.66764705882,20,Truck,Operational,1,1,1.0
114234.52,4,28558.63,12,Generator,Operational,0,0,0.0
32076.27,1,32076.27,6,Generator,Operational,0,0,0.0
182446.63,4,45611.6575,4,Tank,Operational,0,0,0.0
388840.71,9,43204.52333333334,7,Truck,Operational,1,1,1.0
295521.07,17,17383.592352941178,5,Generator,Maintenance,1,1,1.0
76105.16,2,38052.58,21,Armored Vehicle,Maintenance,0,0,0.0
152586.9,7,21798.12857142857,11,Drone,Operational,0,0,0.0
315949.45,9,35105.49444444445,3,Armored Vehicle,Operational,1,1,1.0
0.0,0,0.0,7,Truck,Operational,0,0,0.0
162750.21,4,40687.5525,2,Armored Vehicle,Operational,0,0,0.005
942927.64,19,49627.77052631579,4,Truck,Operational,1,1,1.0
40562.3,1,40562.3,12,Tank,Operational,0,0,0.0
156062.5,4,39015.625,12,Communication System,Operational,0,0,0.0
186450.59,4,46612.6475,14,Missile Launcher,Operational,0,0,0.0
0.0,0,0.0,19,Communication System,Operational,0,0,0.0
81772.88,2,40886.44,5,Generator,Operational,0,0,0.0
353764.3,8,44220.5375,19,Radar,Out of Service,1,1,1.0
59288.5,2,29644.25,13,Generator,Operational,0,0,0.0
97817.02,2,48908.51,19,Radar,Operational,0,0,0.0
369824.15,9,41091.57222222223,6,Generator,Operational,1,1,1.0
516469.27,20,25823.4635,2,Radar,Operational,1,1,1.0
140644.41,4,35161.1025,14,Missile Launcher,Operational,0,0,0.0
160861.11,4,40215.2775,3,Drone,Maintenance,0,0,0.0
315579.19,14,22541.370714285717,12,Radar,Operational,1,1,1.0
253355.94,6,42225.99,8,Armored Vehicle,Maintenance,0,0,0.005
542838.88,20,27141.944,7,Generator,Operational,1,1,1.0
175177.89,10,17517.789,9,Truck,Operational,1,1,1.0
72107.0,4,18026.75,16,Truck,Out of Service,0,0,0.0
544810.96,12,45400.91333333333,12,Generator,Operational,1,1,1.0
53870.4,2,26935.2,16,Armored Vehicle,Maintenance,0,0,0.0
0.0,0,0.0,4,Generator,Operational,0,0,0.0
138243.5,8,17280.4375,13,Armored Vehicle,Operational,1,1,1.0
85630.87,3,28543.623333333333,15,Drone,Operational,0,0,0.0
0.0,0,0.0,4,Radar,Operational,0,0,0.0
82394.37,3,27464.79,5,Drone,Operational,0,0,0.0
256131.43,8,32016.42875,16,Missile Launcher,Operational,1,1,1.0
239177.63,8,29897.20375,14,Missile Launcher,Operational,1,1,0.99
39795.11,2,19897.555,13,Radar,Operational,0,0,0.0
415283.48,16,25955.2175,13,Truck,Operational,1,1,1.0
555148.85,13,42703.75769230769,10,Tank,Operational,1,1,1.0
123129.94,7,17589.99142857143,21,Drone,Operational,0,0,0.03
100692.07,4,25173.0175,11,Generator,Operational,0,0,0.0
35587.69,1,35587.69,15,Tank,Operational,0,0,0.0
39475.68,2,19737.84,9,Communication System,Operational,0,0,0.0
103636.38,4,25909.095,16,Truck,Operational,0,0,0.0
263972.09,8,32996.51125,17,Generator,Maintenance,1,1,0.99
159277.03,4,39819.2575,13,Missile Launcher,Operational,0,0,0.0
250280.88,12,20856.74,9,Radar,Operational,1,1,1.0
190572.78,5,38114.556,19,Radar,Operational,0,0,0.0
194258.13,8,24282.26625,9,Missile Launcher,Operational,1,1,1.0
83230.12,3,27743.373333333333,3,Missile Launcher,Operational,0,0,0.0
371883.93,8,46485.49125,18,Generator,Maintenance,1,1,1.0
654208.6,16,40888.0375,8,Communication System,Operational,1,1,1.0
435693.45,11,39608.49545454545,4,Communication System,Maintenance,1,1,1.0
710811.28,16,44425.705,1,Tank,Operational,1,1,1.0
246259.15,6,41043.191666666666,12,Armored Vehicle,Operational,0,0,0.0
128945.97,6,21490.995,6,Armored Vehicle,Operational,0,0,0.0
140597.38,3,46865.793333333335,11,Armored Vehicle,Maintenance,0,0,0.0
787580.83,16,49223.801875,11,Radar,Operational,1,1,1.0
135169.81,5,27033.962,21,Truck,Operational,0,0,0.005
44707.98,1,44707.98,20,Armored Vehicle,Operational,0,0,0.0
81337.36,3,27112.45333333333,14,Radar,Maintenance,0,0,0.0
64771.03,3,21590.34333333333,19,Truck,Operational,0,0,0.0
256301.68,8,32037.71,12,Drone,Operational,1,1,1.0
371244.06,14,26517.432857142856,14,Missile Launcher,Operational,1,1,1.0
0.0,0,0.0,1,Missile Launcher,Maintenance,0,0,0.005
314166.27,13,24166.63615384616,10,Missile Launcher,Out of Service,1,1,0.995
0.0,0,0.0,5,Drone,Operational,0,0,0.0
146155.86,3,48718.62,15,Drone,Operational,0,0,0.0
365440.06,9,40604.45111111111,13,Radar,Operational,1,1,1.0
0.0,0,0.0,5,Armored Vehicle,Operational,0,0,0.0
188953.95,8,23619.24375,19,Generator,Out of Service,1,1,0.99
231557.17,8,28944.64625,2,Communication System,Out of Service,1,1,0.97
89959.12,2,44979.56,7,Truck,Operational,0,0,0.0
16577.93,1,16577.93,21,Tank,Operational,0,0,0.0
411324.74,10,41132.474,6,Communication System,Operational,1,1,1.0
196001.27,5,39200.254,13,Armored Vehicle,Operational,0,0,0.0
40271.16,2,20135.58,12,Communication System,Operational,0,0,0.0
93278.73,3,31092.91,9,Armored Vehicle,Operational,0,0,0.0
108486.31,7,15498.044285714286,7,Communication System,Operational,0,0,0.0
732215.81,19,38537.67421052632,16,Generator,Maintenance,1,1,1.0
508793.19,19,26778.588947368426,16,Missile Launcher,Maintenance,1,1,1.0
33828.49,1,33828.49,2,Missile Launcher,Operational,0,0,0.0
132496.04,7,18928.005714285715,14,Missile Launcher,Operational,0,0,0.0
112891.05,5,22578.21,6,Communication System,Operational,0,0,0.0
130293.48,4,32573.37,1,Generator,Maintenance,0,0,0.0
193556.01,6,32259.335000000003,16,Missile Launcher,Maintenance,0,0,0.0
16229.01,1,16229.01,19,Truck,Operational,0,0,0.0
316563.71,15,21104.247333333336,12,Radar,Operational,1,1,1.0
292167.65,6,48694.60833333334,17,Communication System,Maintenance,0,0,0.005
623291.0,15,41552.73333333333,21,Communication System,Maintenance,1,1,1.0
42762.39,1,42762.39,11,Generator,Operational,0,0,0.0
351542.27,8,43942.78375,21,Generator,Operational,1,1,1.0
107594.02,6,17932.336666666666,15,Generator,Operational,0,0,0.0
171289.41,5,34257.882,13,Drone,Operational,0,0,0.0
0.0,0,0.0,6,Drone,Operational,0,0,0.0
75111.39,5,15022.278,12,Generator,Operational,0,0,0.0
55840.72,2,27920.36,11,Generator,Operational,0,0,0.0
470947.03,18,26163.72388888889,12,Armored Vehicle,Operational,1,1,1.0
61260.24,4,15315.06,6,Tank,Operational,0,0,0.0
67575.18,4,16893.795,5,Missile Launcher,Operational,0,0,0.0
177677.05,8,22209.63125,11,Armored Vehicle,Maintenance,1,1,0.985
28294.19,1,28294.19,5,Generator,Operational,0,0,0.0
746626.83,17,43919.22529411764,6,Missile Launcher,Maintenance,1,1,1.0
776469.16,17,45674.65647058824,3,Tank,Operational,1,1,1.0
104569.41,4,26142.3525,11,Communication System,Operational,0,0,0.0
28150.19,1,28150.19,5,Radar,Operational,0,0,0.0
65406.03,3,21802.01,7,Communication System,Operational,0,0,0.0
57328.46,3,19109.486666666668,5,Tank,Out of Service,0,0,0.0
0.0,0,0.0,12,Radar,Maintenance,0,0,0.0
84519.29,2,42259.645,7,Communication System,Operational,0,0,0.0
147693.87,3,49231.29,16,Tank,Operational,0,0,0.0
79900.78,3,26633.59333333333,12,Truck,Operational,0,0,0.0
58484.11,3,19494.70333333333,13,Truck,Maintenance,0,0,0.0
226814.02,6,37802.33666666666,18,Truck,Out of Service,0,0,0.0
131592.78,3,43864.26,3,Truck,Operational,0,0,0.0
161172.54,4,40293.135,2,Drone,Operational,0,0,0.0
269092.6,10,26909.26,11,Truck,Operational,1,1,1.0
164716.31,8,20589.53875,14,Drone,Operational,1,1,1.0
746725.19,18,41484.732777777775,2,Armored Vehicle,Operational,1,1,1.0
91815.43,3,30605.14333333333,5,Generator,Operational,0,0,0.0
621426.26,14,44387.59,4,Armored Vehicle,Operational,1,1,1.0
42500.59,2,21250.295,18,Communication System,Operational,0,0,0.0
345558.68,7,49365.52571428572,18,Generator,Maintenance,0,0,0.035
157498.74,4,39374.685,10,Armored Vehicle,Operational,0,0,0.0
0.0,0,0.0,12,Missile Launcher,Operational,0,0,0.0
255162.82,9,28351.424444444445,8,Generator,Operational,1,1,1.0
291816.93,8,36477.11625,10,Communication System,Operational,1,1,0.99
211317.26,9,23479.69555555556,3,Radar,Operational,1,1,1.0
803236.31,19,42275.5952631579,21,Missile Launcher,Out of Service,1,1,0.99
79318.59,5,15863.718,17,Tank,Operational,0,0,0.005
85120.63,2,42560.315,20,Generator,Out of Service,0,0,0.0
64712.28,2,32356.14,12,Drone,Operational,0,0,0.0
52144.72,3,17381.573333333334,20,Generator,Operational,0,0,0.0
419062.45,9,46562.49444444445,19,Armored Vehicle,Out of Service,1,1,0.995
76640.19,2,38320.095,20,Tank,Maintenance,0,0,0.0
122656.82,3,40885.60666666667,3,Tank,Operational,0,0,0.0
162672.66,4,40668.165,1,Tank,Operational,0,0,0.0
111555.21,3,37185.07,20,Tank,Operational,0,0,0.0
0.0,0,0.0,16,Truck,Operational,0,0,0.0
144345.87,3,48115.29,9,Missile Launcher,Operational,0,0,0.0
167171.3,5,33434.259999999995,16,Generator,Operational,0,0,0.0
0.0,0,0.0,3,Armored Vehicle,Operational,0,0,0.0
76742.87,4,19185.7175,11,Truck,Operational,0,0,0.0
111097.41,4,27774.3525,1,Truck,Operational,0,0,0.0
573319.18,17,33724.657647058826,13,Tank,Operational,1,1,1.0
841621.54,17,49507.14941176471,4,Truck,Operational,1,1,1.0
470662.91,20,23533.1455,18,Tank,Out of Service,1,1,0.995
134048.96,3,44682.98666666666,12,Drone,Operational,0,0,0.0
249943.13,6,41657.18833333333,13,Truck,Operational,0,0,0.005
125387.68,4,31346.92,14,Radar,Operational,0,0,0.0
79901.95,4,19975.4875,13,Drone,Operational,0,0,0.0
87920.1,3,29306.7,18,Missile Launcher,Maintenance,0,0,0.0
222780.08,8,27847.51,15,Missile Launcher,Operational,1,1,0.99
204558.4,9,22728.71111111111,15,Missile Launcher,Operational,1,1,1.0
0.0,0,0.0,5,Truck,Operational,0,0,0.0
30029.15,2,15014.575,2,Radar,Operational,0,0,0.005
242484.31,7,34640.61571428571,20,Missile Launcher,Operational,0,0,0.0
313074.58,7,44724.94,19,Armored Vehicle,Operational,0,0,0.005
306097.42,18,17005.41222222222,7,Radar,Operational,1,1,1.0
196851.75,9,21872.416666666668,9,Generator,Maintenance,1,1,1.0
343203.46,7,49029.06571428572,5,Generator,Operational,0,0,0.0
265539.4,8,33192.425,1,Truck,Operational,1,1,1.0
142806.56,5,28561.312,18,Radar,Operational,0,0,0.0
520758.79,18,28931.04388888889,5,Drone,Operational,1,1,1.0
115997.42,7,16571.06,10,Truck,Operational,0,0,0.0
357269.41,9,39696.60111111111,11,Drone,Operational,1,1,1.0
388777.52,14,27769.82285714286,15,Radar,Out of Service,1,1,1.0
280178.46,6,46696.41,3,Communication System,Maintenance,0,0,0.015
572256.65,18,31792.036111111112,10,Radar,Operational,1,1,1.0
0.0,0,0.0,10,Truck,Operational,0,0,0.0
30920.78,1,30920.78,4,Communication System,Operational,0,0,0.0
265844.7,12,22153.725,6,Tank,Operational,1,1,1.0
85646.83,5,17129.366,10,Armored Vehicle,Operational,0,0,0.0
80697.48,5,16139.496,6,Tank,Operational,0,0,0.0
103157.13,4,25789.2825,7,Armored Vehicle,Operational,0,0,0.0
397104.89,14,28364.635,17,Generator,Operational,1,1,1.0
249371.19,12,20780.9325,9,Truck,Operational,1,1,1.0
40985.83,1,40985.83,19,Generator,Maintenance,0,0,0.0
83759.44,4,20939.86,15,Communication System,Operational,0,0,0.0
291410.58,8,36426.3225,8,Drone,Operational,1,1,0.995
68715.59,2,34357.795,5,Truck,Operational,0,0,0.0
91590.64,2,45795.32,15,Tank,Maintenance,0,0,0.0
291897.88,6,48649.64666666667,1,Armored Vehicle,Out of Service,0,0,0.045
29037.71,1,29037.71,2,Generator,Operational,0,0,0.005
24822.53,1,24822.53,6,Tank,Operational,0,0,0.0
47246.07,2,23623.035,16,Communication System,Maintenance,0,0,0.0
717444.19,19,37760.22052631579,6,Armored Vehicle,Operational,1,1,1.0
184246.77,4,46061.6925,6,Drone,Operational,0,0,0.0
72001.44,2,36000.72,18,Missile Launcher,Out of Service,0,0,0.0
190825.36,4,47706.34,2,Missile Launcher,Operational,0,0,0.0
264412.01,8,33051.50125,4,Armored Vehicle,Operational,1,1,1.0
250027.77,10,25002.777,20,Missile Launcher,Maintenance,1,1,1.0
147858.96,5,29571.792,14,Missile Launcher,Operational,0,0,0.0
629136.59,18,34952.03277777778,5,Drone,Operational,1,1,1.0
217657.4,9,24184.155555555557,21,Generator,Maintenance,1,1,0.995
0.0,0,0.0,11,Radar,Operational,0,0,0.0
215034.56,6,35839.09333333333,1,Tank,Operational,0,0,0.0
109437.61,3,36479.20333333333,13,Truck,Operational,0,0,0.0
0.0,0,0.0,11,Truck,Out of Service,0,0,0.0
79827.77,3,26609.256666666668,10,Armored Vehicle,Operational,0,0,0.0
21661.3,1,21661.3,4,Generator,Operational,0,0,0.0
67674.3,3,22558.1,1,Tank,Operational,0,0,0.0
432297.7,9,48033.07777777778,14,Tank,Maintenance,1,1,0.995
269851.36,6,44975.22666666666,10,Communication System,Operational,0,0,0.0
535451.65,15,35696.776666666665,11,Tank,Operational,1,1,1.0
217169.95,11,19742.72272727273,12,Missile Launcher,Operational,1,1,1.0
0.0,0,0.0,6,Truck,Operational,0,0,0.0
666175.32,15,44411.688,20,Generator,Operational,1,1,1.0
0.0,0,0.0,19,Missile Launcher,Maintenance,0,0,0.0
27260.53,1,27260.53,4,Missile Launcher,Operational,0,0,0.0
304915.96,9,33879.55111111111,2,Drone,Out of Service,1,1,1.0
70083.4,2,35041.7,11,Generator,Operational,0,0,0.0
471811.66,20,23590.583,19,Armored Vehicle,Operational,1,1,1.0
45429.69,3,15143.23,19,Truck,Maintenance,0,0,0.0
132045.04,5,26409.008,5,Tank,Operational,0,0,0.0
84216.35,4,21054.0875,17,Missile Launcher,Maintenance,0,0,0.0
106046.59,4,26511.6475,18,Tank,Operational,0,0,0.0
387675.68,19,20403.983157894738,5,Truck,Operational,1,1,1.0
127987.52,4,31996.88,19,Drone,Maintenance,0,0,0.0
625776.19,18,34765.343888888885,11,Communication System,Operational,1,1,1.0
832286.21,17,48958.01235294117,2,Drone,Operational,1,1,1.0
270938.08,12,22578.173333333336,11,Radar,Operational,1,1,1.0
66765.59,2,33382.795,18,Missile Launcher,Maintenance,0,0,0.0
255124.82,7,36446.40285714286,16,Generator,Out of Service,0,0,0.025
96998.05,2,48499.025,18,Missile Launcher,Operational,0,0,0.0
153535.56,8,19191.945,4,Generator,Operational,1,1,0.99
534814.74,14,38201.05285714286,9,Generator,Out of Service,1,1,1.0
115992.11,3,38664.03666666667,18,Tank,Out of Service,0,0,0.0
28081.21,1,28081.21,7,Armored Vehicle,Operational,0,0,0.0
340551.39,7,48650.19857142858,3,Armored Vehicle,Operational,0,0,0.015
303621.43,8,37952.67875,8,Armored Vehicle,Maintenance,1,1,0.99
92157.89,3,30719.296666666665,13,Generator,Operational,0,0,0.0
150676.48,4,37669.12,7,Tank,Operational,0,0,0.0
421847.71,12,35153.97583333334,10,Communication System,Operational,1,1,1.0
165638.01,4,41409.5025,7,Armored Vehicle,Operational,0,0,0.0
197092.48,7,28156.06857142857,4,Tank,Operational,0,0,0.01
233842.87,6,38973.81166666667,14,Drone,Operational,0,0,0.0
289463.38,6,48243.89666666667,2,Communication System,Maintenance,0,0,0.015
108692.35,4,27173.0875,7,Missile Launcher,Operational,0,0,0.0
941726.73,20,47086.3365,15,Generator,Operational,1,1,1.0
801906.25,19,42205.59210526316,17,Generator,Operational,1,1,1.0
593478.37,13,45652.18230769231,9,Truck,Operational,1,1,1.0
375516.32,11,34137.847272727275,11,Drone,Out of Service,1,1,1.0
180518.88,9,20057.653333333332,17,Truck,Operational,1,1,1.0
0.0,0,0.0,18,Generator,Operational,0,0,0.0
311564.57,7,44509.224285714285,10,Communication System,Operational,0,0,0.005
89754.61,3,29918.20333333333,17,Truck,Out of Service,0,0,0.0
416623.08,20,20831.154,17,Tank,Operational,1,1,1.0
0.0,0,0.0,1,Drone,Operational,0,0,0.0
0.0,0,0.0,9,Truck,Maintenance,0,0,0.0
0.0,0,0.0,3,Missile Launcher,Operational,0,0,0.0
19278.49,1,19278.49,9,Tank,Operational,0,0,0.0
237217.45,9,26357.494444444445,14,Communication System,Operational,1,1,1.0
335809.42,8,41976.1775,7,Missile Launcher,Operational,1,1,0.99
97090.51,3,32363.50333333333,3,Radar,Operational,0,0,0.0
521631.08,14,37259.362857142856,20,Truck,Operational,1,1,1.0
18545.35,1,18545.35,14,Tank,Operational,0,0,0.0
300677.56,16,18792.3475,5,Drone,Operational,1,1,1.0
41847.8,1,41847.8,7,Tank,Operational,0,0,0.0
238703.23,5,47740.646,14,Truck,Operational,0,0,0.0
239015.69,5,47803.138,18,Tank,Operational,0,0,0.0
143272.8,4,35818.2,18,Truck,Maintenance,0,0,0.0
109874.18,3,36624.72666666666,21,Missile Launcher,Operational,0,0,0.0
0.0,0,0.0,17,Armored Vehicle,Operational,0,0,0.0
117611.47,4,29402.8675,21,Drone,Operational,0,0,0.005
208851.45,7,29835.92142857143,17,Radar,Out of Service,0,0,0.005
391850.88,9,43538.98666666666,11,Tank,Operational,1,1,1.0
441876.31,12,36823.02583333333,2,Armored Vehicle,Operational,1,1,1.0
223174.1,5,44634.82,10,Truck,Operational,0,0,0.0
368529.98,9,40947.77555555556,14,Truck,Maintenance,1,1,1.0
124880.23,3,41626.74333333333,9,Generator,Out of Service,0,0,0.0
636362.44,13,48950.95692307692,21,Missile Launcher,Maintenance,1,1,1.0
458500.62,13,35269.27846153846,4,Truck,Operational,1,1,1.0
120464.97,4,30116.2425,13,Truck,Operational,0,0,0.0
51214.28,3,17071.426666666666,15,Armored Vehicle,Operational,0,0,0.0
257511.16,8,32188.895,19,Armored Vehicle,Operational,1,1,1.0
93441.65,4,23360.4125,3,Truck,Operational,0,0,0.0
93366.1,2,46683.05,6,Drone,Operational,0,0,0.0
325686.84,13,25052.833846153848,6,Radar,Operational,1,1,1.0
62990.09,2,31495.045,14,Drone,Operational,0,0,0.0
0.0,0,0.0,16,Truck,Maintenance,0,0,0.0
217089.83,8,27136.22875,17,Truck,Out of Service,1,1,0.98
0.0,0,0.0,1,Missile Launcher,Operational,0,0,0.0
182699.32,4,45674.83,20,Communication System,Maintenance,0,0,0.005
91787.7,5,18357.54,21,Generator,Maintenance,0,0,0.0
39504.61,2,19752.305,7,Radar,Maintenance,0,0,0.0
0.0,0,0.0,19,Truck,Maintenance,0,0,0.0
377062.25,10,37706.225,18,Armored Vehicle,Operational,1,1,1.0
71627.33,2,35813.665,5,Generator,Operational,0,0,0.0
311025.87,8,38878.23375,10,Communication System,Out of Service,1,1,0.965
171622.87,9,19069.207777777778,14,Communication System,Operational,1,1,1.0
312149.32,17,18361.724705882352,7,Truck,Operational,1,1,1.0
99911.94,3,33303.98,1,Radar,Operational,0,0,0.0
114720.96,7,16388.70857142857,17,Drone,Out of Service,0,0,0.005
37577.31,1,37577.31,17,Truck,Out of Service,0,0,0.0
103065.01,3,34355.003333333334,2,Drone,Operational,0,0,0.0
767703.19,19,40405.431052631575,21,Tank,Maintenance,1,1,0.995
63409.12,4,15852.28,15,Tank,Operational,0,0,0.0
284540.98,7,40648.71142857143,5,Truck,Operational,0,0,0.005
231707.26,5,46341.452000000005,19,Armored Vehicle,Operational,0,0,0.0
86519.76,3,28839.92,13,Generator,Operational,0,0,0.0
112764.2,4,28191.05,4,Armored Vehicle,Out of Service,0,0,0.0
294354.46,7,42050.63714285714,10,Missile Launcher,Maintenance,0,0,0.015
89198.4,2,44599.2,12,Armored Vehicle,Operational,0,0,0.0
228821.12,5,45764.224,21,Tank,Operational,0,0,0.0
105956.22,4,26489.055,16,Armored Vehicle,Maintenance,0,0,0.0
196629.15,12,16385.7625,9,Communication System,Operational,1,1,1.0
93344.12,2,46672.06,2,Truck,Operational,0,0,0.0
35138.07,2,17569.035,16,Generator,Operational,0,0,0.0
283834.09,9,31537.121111111115,19,Truck,Maintenance,1,1,1.0
170317.58,4,42579.395,3,Communication System,Operational,0,0,0.0
663281.77,15,44218.78466666667,3,Missile Launcher,Operational,1,1,1.0
27390.05,1,27390.05,15,Communication System,Operational,0,0,0.0
86863.26,2,43431.63,15,Tank,Operational,0,0,0.0
60092.0,3,20030.666666666668,10,Missile Launcher,Maintenance,0,0,0.0
183285.82,4,45821.455,10,Missile Launcher,Operational,0,0,0.0
75849.41,3,25283.13666666667,5,Drone,Operational,0,0,0.0
243457.5,7,34779.642857142855,11,Communication System,Operational,0,0,0.005
185151.37,5,37030.274,8,Armored Vehicle,Operational,0,0,0.0
249927.24,8,31240.905,14,Armored Vehicle,Operational,1,1,0.98
184120.98,7,26302.997142857144,21,Armored Vehicle,Operational,0,0,0.005
33955.88,1,33955.88,18,Armored Vehicle,Maintenance,0,0,0.0
24683.82,1,24683.82,2,Tank,Operational,0,0,0.0
184902.06,5,36980.412,8,Tank,Maintenance,0,0,0.0
180527.74,9,20058.637777777774,16,Armored Vehicle,Operational,1,1,0.995
310563.87,9,34507.096666666665,2,Drone,Operational,1,1,1.0
285940.04,8,35742.505,12,Drone,Operational,1,1,0.995
98855.9,2,49427.95,20,Missile Launcher,Operational,0,0,0.0
141434.47,4,35358.6175,10,Radar,Operational,0,0,0.0
739203.51,15,49280.234,17,Tank,Operational,1,1,1.0
903331.26,20,45166.563,20,Generator,Operational,1,1,1.0
194725.43,4,48681.3575,11,Armored Vehicle,Operational,0,0,0.0
148016.99,3,49338.996666666666,12,Missile Launcher,Operational,0,0,0.0
130269.08,5,26053.816,4,Truck,Operational,0,0,0.0
231933.07,5,46386.614,12,Drone,Operational,0,0,0.0
182751.77,9,20305.75222222222,5,Truck,Operational,1,1,1.0
215355.7,7,30765.1,14,Missile Launcher,Operational,0,0,0.0
29435.96,1,29435.96,2,Communication System,Operational,0,0,0.0
0.0,0,0.0,9,Missile Launcher,Operational,0,0,0.0
126027.64,3,42009.21333333333,9,Radar,Operational,0,0,0.0
196619.52,4,49154.88,13,Radar,Operational,0,0,0.0
23178.88,1,23178.88,10,Radar,Operational,0,0,0.0
97427.33,2,48713.665,19,Armored Vehicle,Maintenance,0,0,0.0
40875.92,2,20437.96,19,Generator,Maintenance,0,0,0.0
313258.48,8,39157.31,15,Drone,Maintenance,1,1,0.995
210663.46,10,21066.346,16,Drone,Operational,1,1,1.0
461821.5,17,27165.970588235294,11,Drone,Out of Service,1,1,1.0
179884.38,4,44971.095,9,Tank,Operational,0,0,0.0
69097.32,3,23032.44,7,Generator,Operational,0,0,0.0
498965.18,11,45360.47090909091,16,Missile Launcher,Operational,1,1,1.0
192659.19,4,48164.7975,4,Tank,Operational,0,0,0.0
246249.18,5,49249.836,18,Missile Launcher,Maintenance,0,0,0.0
0.0,0,0.0,21,Communication System,Operational,0,0,0.0
100486.78,3,33495.59333333333,7,Communication System,Operational,0,0,0.0
53751.78,2,26875.89,11,Armored Vehicle,Operational,0,0,0.0
0.0,0,0.0,20,Generator,Maintenance,0,0,0.0
221096.23,7,31585.17571428572,6,Missile Launcher,Operational,0,0,0.0
773285.89,17,45487.40529411765,10,Truck,Operational,1,1,1.0
339789.1,14,24270.65,13,Tank,Operational,1,1,1.0
352272.74,9,39141.41555555556,12,Missile Launcher,Operational,1,1,1.0
481428.94,19,25338.36526315789,2,Generator,Operational,1,1,1.0
48549.12,1,48549.12,17,Missile Launcher,Operational,0,0,0.0
179958.56,9,19995.395555555555,19,Missile Launcher,Operational,1,1,1.0
240956.53,15,16063.768666666669,10,Drone,Operational,1,1,1.0
785737.91,18,43652.10611111111,9,Communication System,Operational,1,1,1.0
189246.35,4,47311.5875,15,Armored Vehicle,Out of Service,0,0,0.0
89224.7,5,17844.94,6,Tank,Operational,0,0,0.0
261160.98,11,23741.907272727272,13,Tank,Operational,1,1,1.0
153867.85,4,38466.9625,12,Truck,Operational,0,0,0.0
118302.69,3,39434.23,20,Drone,Maintenance,0,0,0.0
72789.89,2,36394.945,10,Armored Vehicle,Operational,0,0,0.0
48470.1,2,24235.05,2,Tank,Operational,0,0,0.0
222742.62,5,44548.524,6,Generator,Operational,0,0,0.0
63217.51,4,15804.3775,12,Truck,Operational,0,0,0.0
506345.07,11,46031.37,5,Generator,Out of Service,1,1,1.0
197416.39,7,28202.34142857143,16,Generator,Operational,0,0,0.01
236956.42,5,47391.284,2,Generator,Operational,0,0,0.0
648661.63,19,34140.085789473684,16,Drone,Maintenance,1,1,1.0
60182.68,2,30091.34,14,Generator,Operational,0,0,0.0
44686.25,2,22343.125,19,Radar,Operational,0,0,0.0
32732.76,2,16366.38,18,Truck,Operational,0,0,0.0
400796.7,12,33399.725,11,Missile Launcher,Operational,1,1,1.0
637292.69,13,49022.51461538461,7,Truck,Operational,1,1,1.0
0.0,0,0.0,12,Tank,Operational,0,0,0.0
111352.38,3,37117.46,21,Armored Vehicle,Maintenance,0,0,0.0
582326.4,16,36395.4,12,Communication System,Operational,1,1,1.0
281441.93,7,40205.99,3,Missile Launcher,Operational,0,0,0.005
415986.11,14,29713.29357142857,9,Armored Vehicle,Operational,1,1,1.0
72915.95,2,36457.975,15,Missile Launcher,Operational,0,0,0.0
29250.25,1,29250.25,20,Drone,Maintenance,0,0,0.0
493247.04,12,41103.92,8,Tank,Operational,1,1,1.0
31218.49,1,31218.49,18,Generator,Maintenance,0,0,0.0
30182.23,1,30182.23,9,Truck,Operational,0,0,0.0
147010.3,9,16334.477777777776,12,Truck,Operational,1,1,0.995
233973.02,8,29246.6275,9,Radar,Operational,1,1,0.995
75002.69,2,37501.345,20,Missile Launcher,Out of Service,0,0,0.0
80640.7,3,26880.233333333334,21,Drone,Maintenance,0,0,0.0
164863.67,4,41215.9175,10,Drone,Operational,0,0,0.0
386908.19,9,42989.79888888889,13,Missile Launcher,Operational,1,1,1.0
23752.65,1,23752.65,17,Truck,Operational,0,0,0.0
150523.25,5,30104.65,16,Armored Vehicle,Operational,0,0,0.0
69055.03,3,23018.34333333333,16,Tank,Operational,0,0,0.0
59194.09,3,19731.36333333333,4,Truck,Operational,0,0,0.0
229376.99,5,45875.398,5,Radar,Operational,0,0,0.0
434117.87,9,48235.31888888889,19,Generator,Out of Service,1,1,0.995
348409.38,7,49772.76857142857,15,Tank,Operational,0,0,0.025
222696.42,6,37116.07,16,Tank,Out of Service,0,0,0.005
99778.58,2,49889.29,2,Generator,Operational,0,0,0.0
190110.65,4,47527.6625,21,Drone,Out of Service,0,0,0.005
168508.24,4,42127.06,9,Communication System,Maintenance,0,0,0.0
68842.01,4,17210.5025,21,Drone,Operational,0,0,0.0
172112.66,4,43028.165,17,Missile Launcher,Operational,0,0,0.0
123885.68,8,15485.71,3,Armored Vehicle,Operational,1,1,0.99
792540.19,16,49533.761875,13,Armored Vehicle,Operational,1,1,1.0
227797.84,7,32542.54857142857,19,Missile Launcher,Out of Service,0,0,0.0
204985.43,11,18635.03909090909,1,Truck,Operational,1,1,1.0
52045.29,3,17348.43,19,Generator,Out of Service,0,0,0.0
94177.75,6,15696.291666666666,12,Generator,Operational,0,0,0.0
42627.53,2,21313.765,19,Armored Vehicle,Operational,0,0,0.0
230566.49,7,32938.07,10,Radar,Operational,0,0,0.005
167385.89,9,18598.432222222225,8,Tank,Operational,1,1,1.0
140138.33,9,15570.925555555554,16,Generator,Operational,1,1,1.0
63122.44,2,31561.22,12,Armored Vehicle,Operational,0,0,0.0
39658.39,2,19829.195,1,Truck,Operational,0,0,0.0
206896.51,8,25862.06375,18,Truck,Operational,1,1,0.99
48780.84,3,16260.28,21,Tank,Operational,0,0,0.0
172788.77,4,43197.1925,3,Communication System,Operational,0,0,0.0
635200.6,16,39700.0375,19,Generator,Operational,1,1,1.0
0.0,0,0.0,6,Armored Vehicle,Operational,0,0,0.0
167810.84,10,16781.084,18,Missile Launcher,Operational,1,1,1.0
44874.04,2,22437.02,9,Generator,Operational,0,0,0.0
740501.62,15,49366.77466666666,15,Radar,Operational,1,1,1.0
98960.14,2,49480.07,21,Truck,Operational,0,0,0.005
362052.89,12,30171.07416666667,9,Missile Launcher,Operational,1,1,1.0
88103.96,2,44051.98,15,Radar,Operational,0,0,0.0
170006.22,4,42501.555,19,Generator,Operational,0,0,0.0
90304.53,2,45152.265,12,Truck,Operational,0,0,0.0
250790.99,6,41798.49833333333,14,Communication System,Operational,0,0,0.0
701498.91,20,35074.9455,19,Armored Vehicle,Operational,1,1,1.0
199631.35,6,33271.89166666667,2,Tank,Operational,0,0,0.0
0.0,0,0.0,13,Tank,Operational,0,0,0.0
220957.12,6,36826.18666666667,21,Communication System,Maintenance,0,0,0.0
110940.8,4,27735.2,10,Communication System,Out of Service,0,0,0.0
38356.58,1,38356.58,5,Missile Launcher,Operational,0,0,0.0
590630.53,18,32812.807222222225,7,Truck,Operational,1,1,1.0
0.0,0,0.0,20,Tank,Operational,0,0,0.0
210781.59,7,30111.655714285716,20,Missile Launcher,Operational,0,0,0.005
94799.27,4,23699.8175,7,Missile Launcher,Operational,0,0,0.0
54084.1,2,27042.05,13,Tank,Operational,0,0,0.0
181333.01,6,30222.16833333333,8,Armored Vehicle,Operational,0,0,0.005
433122.27,17,25477.78058823529,11,Truck,Operational,1,1,1.0
629627.91,15,41975.194,8,Tank,Operational,1,1,1.0
343574.6,11,31234.054545454543,5,Drone,Operational,1,1,1.0
48448.97,2,24224.485,11,Radar,Operational,0,0,0.0
722351.23,17,42491.24882352941,15,Armored Vehicle,Operational,1,1,1.0
466919.86,18,25939.992222222223,8,Armored Vehicle,Operational,1,1,1.0
34228.95,1,34228.95,4,Radar,Maintenance,0,0,0.0
327495.99,7,46785.14142857143,7,Radar,Operational,0,0,0.005
312630.74,20,15631.537,5,Communication System,Operational,1,1,1.0
561125.29,12,46760.44083333333,11,Drone,Operational,1,1,1.0
123720.89,6,20620.14833333333,4,Tank,Operational,0,0,0.0
672848.62,15,44856.57466666667,16,Radar,Maintenance,1,1,1.0
202139.7,8,25267.4625,6,Tank,Operational,1,1,0.995
647616.91,17,38095.11235294118,12,Missile Launcher,Operational,1,1,1.0
445849.35,9,49538.816666666666,9,Truck,Operational,1,1,0.995
200332.29,6,33388.715000000004,5,Drone,Maintenance,0,0,0.0
182629.0,9,20292.11111111111,5,Truck,Operational,1,1,1.0
715606.11,15,47707.074,2,Missile Launcher,Operational,1,1,1.0
155680.08,4,38920.02,11,Generator,Operational,0,0,0.0
199934.9,4,49983.725,18,Armored Vehicle,Maintenance,0,0,0.0
109237.08,3,36412.36,3,Armored Vehicle,Operational,0,0,0.0
466419.56,12,38868.29666666667,10,Tank,Maintenance,1,1,1.0
85371.78,4,21342.945,19,Tank,Out of Service,0,0,0.0
79122.66,2,39561.33,17,Drone,Operational,0,0,0.0
237476.11,5,47495.222,11,Generator,Operational,0,0,0.0
97724.8,3,32574.93333333333,17,Communication System,Out of Service,0,0,0.0
90248.2,4,22562.05,15,Truck,Operational,0,0,0.0
51978.17,2,25989.085,13,Radar,Operational,0,0,0.0
358508.13,11,32591.648181818186,3,Drone,Operational,1,1,1.0
187877.21,6,31312.86833333333,1,Radar,Operational,0,0,0.0
187312.23,4,46828.0575,11,Drone,Operational,0,0,0.0
27478.26,1,27478.26,2,Truck,Operational,0,0,0.0
45980.58,1,45980.58,4,Radar,Operational,0,0,0.0
117790.78,3,39263.59333333333,4,Drone,Maintenance,0,0,0.0
401328.47,12,33444.03916666666,13,Truck,Operational,1,1,1.0
188659.33,7,26951.332857142854,10,Drone,Operational,0,0,0.005
151669.9,9,16852.21111111111,16,Drone,Operational,1,1,0.995
71581.86,2,35790.93,16,Generator,Operational,0,0,0.0
89342.87,5,17868.574,15,Tank,Operational,0,0,0.0
780969.11,17,45939.35941176471,8,Armored Vehicle,Maintenance,1,1,0.99
138749.06,3,46249.68666666667,13,Missile Launcher,Operational,0,0,0.0
105082.3,4,26270.575,6,Truck,Operational,0,0,0.0
401843.8,12,33486.98333333333,19,Drone,Maintenance,1,1,1.0
312580.9,8,39072.6125,14,Radar,Maintenance,1,1,0.975
55323.46,2,27661.73,7,Drone,Operational,0,0,0.0
17713.56,1,17713.56,17,Truck,Out of Service,0,0,0.0
62291.11,4,15572.7775,18,Generator,Operational,0,0,0.0
141803.37,4,35450.8425,16,Radar,Operational,0,0,0.0
45967.96,2,22983.98,21,Radar,Maintenance,0,0,0.0
130540.85,6,21756.80833333333,20,Drone,Maintenance,0,0,0.005
174550.35,4,43637.5875,9,Communication System,Operational,0,0,0.0
97979.14,2,48989.57,6,Missile Launcher,Operational,0,0,0.0
75098.0,3,25032.666666666668,21,Radar,Operational,0,0,0.0
190759.71,12,15896.6425,21,Missile Launcher,Maintenance,1,1,0.975
77807.74,3,25935.91333333333,10,Tank,Operational,0,0,0.0
547452.44,12,45621.03666666666,9,Drone,Operational,1,1,1.0
0.0,0,0.0,17,Radar,Operational,0,0,0.0
229502.15,5,45900.43,15,Armored Vehicle,Operational,0,0,0.0
22320.19,1,22320.19,17,Missile Launcher,Out of Service,0,0,0.0
25781.17,1,25781.17,17,Drone,Maintenance,0,0,0.0
73784.43,2,36892.215,16,Communication System,Out of Service,0,0,0.0
223564.5,5,44712.9,15,Tank,Operational,0,0,0.0
123713.75,7,17673.39285714286,6,Radar,Operational,0,0,0.005
92063.06,4,23015.765,20,Tank,Operational,0,0,0.0
24382.39,1,24382.39,19,Tank,Operational,0,0,0.0
398523.31,9,44280.36777777778,9,Armored Vehicle,Operational,1,1,1.0
567591.25,13,43660.86538461538,8,Generator,Out of Service,1,1,1.0
178599.85,11,16236.35,16,Missile Launcher,Operational,1,1,1.0
223759.38,9,24862.153333333332,11,Truck,Operational,1,1,1.0
45992.12,3,15330.706666666669,1,Generator,Maintenance,0,0,0.015
865884.09,18,48104.67166666666,4,Communication System,Operational,1,1,1.0
122443.96,5,24488.792,1,Missile Launcher,Operational,0,0,0.0
143205.94,4,35801.485,1,Armored Vehicle,Maintenance,0,0,0.0
116570.29,3,38856.76333333333,17,Communication System,Operational,0,0,0.0
34644.13,1,34644.13,2,Radar,Operational,0,0,0.0
239805.75,7,34257.96428571428,20,Missile Launcher,Maintenance,0,0,0.015
97996.93,2,48998.465,3,Radar,Operational,0,0,0.0
0.0,0,0.0,7,Drone,Operational,0,0,0.0
214597.39,7,30656.77,2,Generator,Operational,0,0,0.015
89040.36,3,29680.12,9,Generator,Operational,0,0,0.0
345873.36,9,38430.37333333333,11,Communication System,Operational,1,1,1.0
36408.66,2,18204.33,7,Missile Launcher,Maintenance,0,0,0.0
136668.17,6,22778.028333333332,19,Drone,Operational,0,0,0.0
237307.59,9,26367.51,9,Generator,Maintenance,1,1,1.0
180877.1,7,25839.58571428572,14,Missile Launcher,Operational,0,0,0.005
410340.71,13,31564.67,18,Radar,Operational,1,1,1.0
549398.7,20,27469.935,8,Tank,Operational,1,1,1.0
302567.09,7,43223.87,3,Tank,Operational,0,0,0.025
18509.7,1,18509.7,16,Generator,Operational,0,0,0.0
964038.5,20,48201.925,2,Tank,Operational,1,1,1.0
148210.15,3,49403.38333333333,7,Radar,Maintenance,0,0,0.0
183502.52,9,20389.16888888889,7,Armored Vehicle,Operational,1,1,1.0
526690.42,17,30981.78941176471,4,Generator,Operational,1,1,1.0
0.0,0,0.0,9,Radar,Operational,0,0,0.0
19254.2,1,19254.2,15,Tank,Operational,0,0,0.0
47760.46,1,47760.46,17,Tank,Operational,0,0,0.0
195668.01,8,24458.50125,7,Generator,Operational,1,1,1.0
195510.09,5,39102.018,11,Generator,Operational,0,0,0.0
31933.29,1,31933.29,4,Tank,Operational,0,0,0.0
59748.52,3,19916.17333333333,14,Armored Vehicle,Operational,0,0,0.0
58249.86,3,19416.62,1,Communication System,Operational,0,0,0.0
600431.32,14,42887.95142857143,7,Missile Launcher,Operational,1,1,1.0
102490.66,4,25622.665,20,Radar,Out of Service,0,0,0.0
143008.88,4,35752.22,20,Armored Vehicle,Operational,0,0,0.0
80372.89,3,26790.963333333333,6,Communication System,Operational,0,0,0.0
337447.38,8,42180.9225,7,Tank,Operational,1,1,1.0
139959.1,3,46653.03333333333,17,Tank,Maintenance,0,0,0.0
91357.8,3,30452.6,18,Communication System,Out of Service,0,0,0.0
300289.01,9,33365.445555555554,18,Armored Vehicle,Operational,1,1,1.0
86066.05,2,43033.025,7,Radar,Operational,0,0,0.0
18290.16,1,18290.16,6,Generator,Operational,0,0,0.0
679829.05,15,45321.93666666667,14,Generator,Operational,1,1,1.0
35335.12,2,17667.56,5,Generator,Operational,0,0,0.0
322309.17,7,46044.16714285714,18,Truck,Operational,0,0,0.005
35527.97,1,35527.97,11,Armored Vehicle,Operational,0,0,0.0
87957.88,3,29319.29333333333,6,Generator,Out of Service,0,0,0.0
85604.09,5,17120.818,15,Radar,Maintenance,0,0,0.0
163340.47,8,20417.55875,19,Communication System,Operational,1,1,0.995
96126.94,3,32042.31333333333,2,Communication System,Operational,0,0,0.0
191669.49,4,47917.3725,15,Tank,Operational,0,0,0.0
306445.34,8,38305.6675,15,Armored Vehicle,Operational,1,1,0.995
99591.22,3,33197.073333333334,7,Missile Launcher,Operational,0,0,0.0
133383.1,3,44461.03333333333,15,Truck,Operational,0,0,0.0
65910.61,4,16477.6525,10,Radar,Operational,0,0,0.0
31759.22,2,15879.61,18,Tank,Maintenance,0,0,0.0
60956.58,2,30478.29,7,Tank,Operational,0,0,0.0
603890.73,15,40259.382,11,Tank,Operational,1,1,1.0
130012.92,3,43337.64,18,Missile Launcher,Operational,0,0,0.0
48790.74,3,16263.58,7,Communication System,Operational,0,0,0.0
55672.3,2,27836.15,9,Armored Vehicle,Operational,0,0,0.0
0.0,0,0.0,8,Tank,Operational,0,0,0.0
176075.3,5,35215.06,4,Truck,Operational,0,0,0.0
120610.28,4,30152.57,18,Truck,Operational,0,0,0.0
147347.43,3,49115.81,18,Missile Launcher,Maintenance,0,0,0.0
21577.09,1,21577.09,8,Armored Vehicle,Operational,0,0,0.0
38230.95,2,19115.475,3,Radar,Maintenance,0,0,0.005
238959.42,5,47791.884000000005,3,Armored Vehicle,Operational,0,0,0.01
0.0,0,0.0,19,Communication System,Operational,0,0,0.0
175051.5,4,43762.875,15,Armored Vehicle,Operational,0,0,0.0
379275.62,8,47409.4525,10,Communication System,Operational,1,1,1.0
88599.74,5,17719.948,10,Missile Launcher,Operational,0,0,0.0
263947.43,15,17596.495333333332,5,Tank,Maintenance,1,1,1.0
80267.81,2,40133.905,6,Radar,Operational,0,0,0.0
31132.88,1,31132.88,10,Radar,Operational,0,0,0.0
206359.41,8,25794.92625,17,Armored Vehicle,Maintenance,1,1,0.99
76981.77,2,38490.885,17,Armored Vehicle,Maintenance,0,0,0.0
186132.73,4,46533.1825,12,Radar,Maintenance,0,0,0.0
0.0,0,0.0,16,Radar,Operational,0,0,0.0
66008.32,4,16502.08,1,Communication System,Operational,0,0,0.0
0.0,0,0.0,11,Radar,Operational,0,0,0.0
139088.4,5,27817.68,1,Communication System,Operational,0,0,0.0
340015.14,9,37779.46,18,Missile Launcher,Operational,1,1,1.0
642609.97,15,42840.66466666666,16,Missile Launcher,Operational,1,1,1.0
163990.46,8,20498.8075,15,Generator,Operational,1,1,1.0
903377.44,20,45168.872,6,Generator,Operational,1,1,1.0
175505.35,4,43876.3375,8,Missile Launcher,Operational,0,0,0.0
215870.06,5,43174.012,4,Truck,Operational,0,0,0.005
393194.03,9,43688.22555555556,18,Radar,Operational,1,1,1.0
372987.12,17,21940.418823529413,8,Generator,Operational,1,1,1.0
91628.33,3,30542.77666666667,1,Missile Launcher,Operational,0,0,0.0
168081.42,7,24011.63142857143,20,Truck,Maintenance,0,0,0.0
134431.67,4,33607.9175,2,Communication System,Out of Service,0,0,0.0
386552.15,8,48319.01875,16,Tank,Operational,1,1,1.0
0.0,0,0.0,17,Communication System,Maintenance,0,0,0.0
54238.48,3,18079.493333333336,2,Armored Vehicle,Operational,0,0,0.0
0.0,0,0.0,9,Generator,Operational,0,0,0.0
91070.85,2,45535.425,5,Generator,Operational,0,0,0.0
77963.41,2,38981.705,5,Drone,Operational,0,0,0.0
38004.41,1,38004.41,17,Armored Vehicle,Maintenance,0,0,0.0
115200.14,6,19200.02333333333,14,Missile Launcher,Operational,0,0,0.0
27598.71,1,27598.71,3,Radar,Operational,0,0,0.0
145674.35,4,36418.5875,19,Truck,Maintenance,0,0,0.0
67621.75,2,33810.875,18,Generator,Operational,0,0,0.005
183633.52,4,45908.38,10,Armored Vehicle,Operational,0,0,0.0
600489.81,19,31604.726842105265,5,Generator,Maintenance,1,1,1.0
543653.14,14,38832.36714285715,13,Armored Vehicle,Operational,1,1,1.0
197714.75,8,24714.34375,19,Truck,Maintenance,1,1,0.975
288345.15,6,48057.525,8,Generator,Maintenance,0,0,0.0
387213.51,9,43023.723333333335,21,Tank,Operational,1,1,1.0
122868.57,4,30717.1425,6,Radar,Operational,0,0,0.0
788511.16,20,39425.558000000005,4,Drone,Operational,1,1,1.0
158695.14,5,31739.028,6,Generator,Out of Service,0,0,0.0
249666.32,8,31208.29,16,Drone,Operational,1,1,0.99
665283.4,16,41580.2125,11,Missile Launcher,Operational,1,1,1.0
102000.47,6,17000.078333333335,8,Generator,Operational,0,0,0.005
102868.25,4,25717.0625,14,Truck,Operational,0,0,0.0
175586.55,8,21948.31875,13,Radar,Operational,1,1,1.0
156736.3,4,39184.075,10,Tank,Operational,0,0,0.0
220084.96,7,31440.70857142857,11,Radar,Operational,0,0,0.0
87541.81,4,21885.4525,2,Communication System,Operational,0,0,0.0
344871.12,9,38319.013333333336,17,Generator,Out of Service,1,1,1.0
292833.81,7,41833.40142857143,5,Drone,Operational,0,0,0.005
465046.15,12,38753.84583333333,4,Tank,Maintenance,1,1,0.995
57623.55,3,19207.85,14,Communication System,Operational,0,0,0.0
383757.73,14,27411.266428571427,3,Generator,Operational,1,1,1.0
372844.69,8,46605.58625,17,Radar,Maintenance,1,1,1.0
279015.34,6,46502.55666666667,1,Armored Vehicle,Operational,0,0,0.0
513051.88,13,39465.52923076923,11,Generator,Operational,1,1,1.0
23157.24,1,23157.24,20,Tank,Operational,0,0,0.0
166638.11,6,27773.01833333333,13,Armored Vehicle,Operational,0,0,0.0
158078.11,4,39519.5275,5,Generator,Out of Service,0,0,0.0
558579.41,12,46548.28416666667,16,Missile Launcher,Operational,1,1,1.0
64832.82,2,32416.41,20,Drone,Maintenance,0,0,0.0
38036.0,1,38036.0,9,Armored Vehicle,Operational,0,0,0.0
45819.7,2,22909.85,16,Generator,Out of Service,0,0,0.0
125839.65,4,31459.9125,7,Radar,Operational,0,0,0.0
75119.2,2,37559.6,6,Generator,Operational,0,0,0.0
612046.3,15,40803.08666666667,21,Radar,Maintenance,1,1,1.0
79998.25,3,26666.08333333333,16,Drone,Operational,0,0,0.0
292775.68,6,48795.94666666666,12,Tank,Operational,0,0,0.005
372783.74,16,23298.98375,7,Truck,Operational,1,1,1.0
66269.23,2,33134.615,11,Armored Vehicle,Operational,0,0,0.0
359898.4,17,21170.49411764706,9,Radar,Maintenance,1,1,1.0
0.0,0,0.0,10,Radar,Operational,0,0,0.0
157999.46,4,39499.865,4,Truck,Operational,0,0,0.0
196206.86,5,39241.372,14,Communication System,Operational,0,0,0.0
753569.38,18,41864.96555555556,11,Generator,Operational,1,1,1.0
153823.57,5,30764.714,19,Radar,Out of Service,0,0,0.01
91378.35,2,45689.175,13,Drone,Operational,0,0,0.0
0.0,0,0.0,7,Radar,Operational,0,0,0.0
610374.99,19,32124.99947368421,10,Drone,Operational,1,1,1.0
692666.14,17,40745.06705882353,17,Tank,Operational,1,1,1.0
227390.48,9,25265.60888888889,15,Truck,Operational,1,1,1.0
29211.46,1,29211.46,6,Drone,Operational,0,0,0.0
340175.04,9,37797.22666666666,5,Armored Vehicle,Operational,1,1,1.0
0.0,0,0.0,2,Truck,Out of Service,0,0,0.0
111322.96,4,27830.74,12,Tank,Operational,0,0,0.0
493829.91,15,32921.994,5,Tank,Operational,1,1,1.0
542402.57,19,28547.50368421052,9,Tank,Operational,1,1,1.0
47518.71,3,15839.57,9,Radar,Operational,0,0,0.0
37833.78,2,18916.89,16,Tank,Operational,0,0,0.0
35031.62,1,35031.62,9,Radar,Operational,0,0,0.0
440668.41,9,48963.15666666666,7,Missile Launcher,Operational,1,1,0.995
147399.54,4,36849.885,20,Truck,Maintenance,0,0,0.0
366029.2,8,45753.65,4,Radar,Operational,1,1,1.0
42848.31,2,21424.155,20,Drone,Out of Service,0,0,0.0
132229.14,4,33057.285,7,Generator,Operational,0,0,0.0
531682.0,14,37977.28571428572,6,Drone,Operational,1,1,1.0
246348.25,8,30793.53125,20,Radar,Maintenance,1,1,0.98
149150.21,3,49716.73666666666,10,Drone,Operational,0,0,0.0
0.0,0,0.0,7,Radar,Maintenance,0,0,0.0
134997.48,5,26999.496000000003,6,Tank,Out of Service,0,0,0.0
165528.99,5,33105.797999999995,15,Tank,Operational,0,0,0.0
0.0,0,0.0,12,Drone,Operational,0,0,0.0
219920.19,12,18326.6825,9,Drone,Maintenance,1,1,1.0
34372.12,1,34372.12,2,Generator,Operational,0,0,0.0
87026.35,4,21756.5875,15,Drone,Operational,0,0,0.0
226847.62,9,25205.29111111111,16,Tank,Out of Service,1,1,1.0
387848.0,18,21547.11111111111,19,Generator,Operational,1,1,1.0
65015.25,2,32507.625,17,Drone,Maintenance,0,0,0.0
663312.79,18,36850.71055555556,4,Communication System,Operational,1,1,1.0
102328.56,3,34109.52,21,Drone,Operational,0,0,0.0
69100.58,2,34550.29,4,Communication System,Maintenance,0,0,0.0
549295.1,13,42253.46923076923,4,Generator,Operational,1,1,1.0
82701.49,2,41350.745,20,Tank,Maintenance,0,0,0.0
181201.66,4,45300.415,8,Generator,Operational,0,0,0.0
261479.39,12,21789.94916666667,14,Drone,Maintenance,1,1,1.0
104395.86,3,34798.62,4,Radar,Operational,0,0,0.0
188973.05,4,47243.2625,7,Radar,Operational,0,0,0.0
293441.61,9,32604.623333333333,9,Armored Vehicle,Operational,1,1,1.0
99582.54,2,49791.27,3,Truck,Operational,0,0,0.0
131081.71,5,26216.342,21,Radar,Maintenance,0,0,0.0
91411.23,3,30470.41,4,Tank,Operational,0,0,0.0
738736.67,19,38880.877368421054,9,Tank,Operational,1,1,1.0
112486.57,4,28121.6425,4,Communication System,Operational,0,0,0.0
241574.43,8,30196.80375,8,Generator,Operational,1,1,1.0
451643.13,20,22582.1565,20,Armored Vehicle,Operational,1,1,1.0
193334.65,8,24166.83125,9,Truck,Operational,1,1,0.99
377586.82,18,20977.04555555556,3,Missile Launcher,Operational,1,1,1.0
24268.39,1,24268.39,18,Radar,Out of Service,0,0,0.0
543834.35,16,33989.646875,6,Generator,Operational,1,1,1.0
293662.78,8,36707.8475,2,Drone,Operational,1,1,0.985
0.0,0,0.0,16,Radar,Out of Service,0,0,0.0
43952.89,1,43952.89,15,Truck,Maintenance,0,0,0.0
91165.28,6,15194.213333333331,2,Generator,Operational,0,0,0.0
26115.62,1,26115.62,20,Truck,Out of Service,0,0,0.0
125231.45,3,41743.816666666666,19,Missile Launcher,Out of Service,0,0,0.0
80473.27,2,40236.635,1,Radar,Operational,0,0,0.0
30801.11,1,30801.11,16,Generator,Operational,0,0,0.0
178426.68,5,35685.336,19,Communication System,Operational,0,0,0.0
68410.21,2,34205.105,15,Drone,Operational,0,0,0.0
548284.82,13,42175.75538461538,3,Armored Vehicle,Operational,1,1,1.0
449017.72,15,29934.514666666662,16,Missile Launcher,Operational,1,1,1.0
35912.71,1,35912.71,3,Armored Vehicle,Operational,0,0,0.0
245766.54,9,27307.393333333333,1,Tank,Operational,1,1,1.0
126846.45,7,18120.92142857143,21,Drone,Maintenance,0,0,0.01
381985.45,19,20104.497368421053,18,Radar,Maintenance,1,1,1.0
113545.52,7,16220.788571428571,18,Missile Launcher,Operational,0,0,0.0
231783.95,5,46356.79,19,Missile Launcher,Maintenance,0,0,0.005
144640.37,4,36160.0925,9,Drone,Operational,0,0,0.0
363930.42,8,45491.3025,5,Drone,Operational,1,1,1.0
321276.96,7,45896.70857142857,14,Communication System,Operational,0,0,0.0
141516.79,5,28303.358,8,Generator,Operational,0,0,0.0
298389.11,16,18649.319375,17,Armored Vehicle,Maintenance,1,1,1.0
298091.74,7,42584.53428571428,17,Armored Vehicle,Operational,0,0,0.005
0.0,0,0.0,9,Drone,Operational,0,0,0.0
564916.88,15,37661.12533333334,12,Radar,Operational,1,1,1.0
0.0,0,0.0,7,Missile Launcher,Maintenance,0,0,0.0
754056.75,16,47128.546875,7,Missile Launcher,Operational,1,1,1.0
190470.08,5,38094.016,15,Truck,Operational,0,0,0.0
267661.52,7,38237.36,19,Drone,Operational,0,0,0.01
0.0,0,0.0,14,Armored Vehicle,Operational,0,0,0.0
103233.13,3,34411.043333333335,12,Drone,Maintenance,0,0,0.0
0.0,0,0.0,5,Missile Launcher,Operational,0,0,0.0
280277.66,8,35034.7075,21,Tank,Operational,1,1,1.0
59403.43,2,29701.715,8,Truck,Operational,0,0,0.0
37908.57,1,37908.57,12,Communication System,Operational,0,0,0.0
126310.23,4,31577.5575,6,Generator,Operational,0,0,0.0
204231.09,10,20423.109,17,Truck,Operational,1,1,1.0
203485.14,12,16957.095,1,Tank,Operational,1,1,1.0
94174.18,2,47087.09,1,Communication System,Operational,0,0,0.0
585877.22,12,48823.10166666666,1,Communication System,Maintenance,1,1,0.995
19388.64,1,19388.64,11,Radar,Out of Service,0,0,0.0
19539.51,1,19539.51,7,Missile Launcher,Operational,0,0,0.0
320130.74,18,17785.04111111111,4,Drone,Operational,1,1,1.0
87269.05,5,17453.81,3,Drone,Maintenance,0,0,0.0
86711.49,4,21677.8725,17,Communication System,Operational,0,0,0.0
30848.56,1,30848.56,15,Communication System,Operational,0,0,0.0
30184.52,2,15092.26,19,Drone,Maintenance,0,0,0.0
81547.96,2,40773.98,7,Armored Vehicle,Operational,0,0,0.0
60550.3,2,30275.15,14,Truck,Operational,0,0,0.0
0.0,0,0.0,17,Communication System,Operational,0,0,0.0
70388.33,2,35194.165,14,Generator,Operational,0,0,0.0
50820.7,3,16940.233333333334,1,Radar,Operational,0,0,0.0
383394.37,9,42599.374444444446,2,Truck,Operational,1,1,1.0
278624.73,8,34828.09125,16,Radar,Out of Service,1,1,0.99
259906.82,6,43317.80333333334,4,Generator,Out of Service,0,0,0.0
18463.39,1,18463.39,3,Truck,Operational,0,0,0.0
172574.05,5,34514.81,5,Armored Vehicle,Operational,0,0,0.0
141953.1,8,17744.1375,11,Tank,Operational,1,1,0.99
413554.07,9,45950.45222222222,7,Tank,Operational,1,1,1.0
18330.04,1,18330.04,4,Communication System,Out of Service,0,0,0.0
101561.45,6,16926.908333333333,17,Armored Vehicle,Maintenance,0,0,0.0
308402.31,9,34266.92333333333,1,Missile Launcher,Maintenance,1,1,0.99
23990.31,1,23990.31,10,Generator,Operational,0,0,0.0
0.0,0,0.0,15,Tank,Operational,0,0,0.0
239564.56,6,39927.426666666666,12,Tank,Operational,0,0,0.0
447243.12,10,44724.312,15,Generator,Operational,1,1,1.0
650013.83,19,34211.25421052631,1,Missile Launcher,Operational,1,1,1.0
112716.94,4,28179.235,3,Drone,Operational,0,0,0.0
290821.96,8,36352.745,2,Missile Launcher,Operational,1,1,0.99
402296.27,14,28735.44785714286,2,Missile Launcher,Operational,1,1,1.0
160709.58,6,26784.93,11,Generator,Operational,0,0,0.0
274986.02,9,30554.002222222225,6,Communication System,Operational,1,1,0.995
137611.9,3,45870.63333333333,14,Generator,Operational,0,0,0.0
121529.6,5,24305.92,13,Missile Launcher,Operational,0,0,0.005
409562.58,11,37232.96181818182,17,Communication System,Maintenance,1,1,1.0
0.0,0,0.0,13,Truck,Operational,0,0,0.0
20119.8,1,20119.8,10,Armored Vehicle,Operational,0,0,0.0
149059.4,5,29811.88,2,Drone,Out of Service,0,0,0.0
169918.12,6,28319.686666666665,2,Tank,Operational,0,0,0.0
0.0,0,0.0,3,Missile Launcher,Operational,0,0,0.0
295260.99,7,42180.14142857143,18,Drone,Operational,0,0,0.005
357862.75,9,39762.52777777778,9,Truck,Operational,1,1,1.0
238802.02,7,34114.57428571428,2,Armored Vehicle,Operational,0,0,0.0
290306.87,10,29030.687,5,Radar,Operational,1,1,1.0
43630.27,2,21815.135,4,Truck,Operational,0,0,0.0
99620.8,5,19924.16,9,Communication System,Operational,0,0,0.0
78408.71,3,26136.236666666668,7,Communication System,Operational,0,0,0.0
317073.48,12,26422.79,6,Communication System,Operational,1,1,0.995
79747.77,3,26582.59,10,Truck,Operational,0,0,0.0
375509.1,12,31292.425,9,Generator,Operational,1,1,1.0
106480.91,3,35493.636666666665,7,Truck,Operational,0,0,0.0
352433.69,11,32039.426363636365,19,Generator,Out of Service,1,1,1.0
117399.14,4,29349.785,7,Communication System,Operational,0,0,0.0
45385.92,2,22692.96,6,Missile Launcher,Operational,0,0,0.0
25288.24,1,25288.24,18,Armored Vehicle,Maintenance,0,0,0.0
35847.88,1,35847.88,7,Communication System,Operational,0,0,0.0
65691.0,2,32845.5,21,Radar,Maintenance,0,0,0.0
683791.61,16,42736.975625,8,Missile Launcher,Operational,1,1,1.0
150243.6,4,37560.9,17,Armored Vehicle,Maintenance,0,0,0.005
812469.09,17,47792.2994117647,11,Truck,Operational,1,1,1.0
0.0,0,0.0,21,Missile Launcher,Operational,0,0,0.0
174822.98,4,43705.745,12,Armored Vehicle,Operational,0,0,0.0
15743.8,1,15743.8,21,Communication System,Maintenance,0,0,0.0
0.0,0,0.0,13,Missile Launcher,Operational,0,0,0.0
18778.91,1,18778.91,7,Truck,Operational,0,0,0.0
112551.2,3,37517.066666666666,20,Missile Launcher,Operational,0,0,0.0
485935.06,13,37379.62,21,Missile Launcher,Operational,1,1,1.0
151867.12,5,30373.424,20,Drone,Maintenance,0,0,0.0
103829.52,4,25957.38,12,Communication System,Operational,0,0,0.005
20180.2,1,20180.2,7,Missile Launcher,Operational,0,0,0.0
339630.36,9,37736.706666666665,2,Communication System,Maintenance,1,1,0.995
53141.11,2,26570.555,13,Generator,Operational,0,0,0.0
480650.11,12,40054.175833333335,17,Tank,Maintenance,1,1,1.0
245252.69,6,40875.44833333333,12,Tank,Operational,0,0,0.0
614242.67,16,38390.166875,5,Communication System,Operational,1,1,1.0
181411.72,7,25915.96,14,Drone,Operational,0,0,0.0
88227.82,2,44113.91,21,Truck,Operational,0,0,0.0
111631.9,4,27907.975,21,Generator,Maintenance,0,0,0.0
81812.96,4,20453.24,15,Missile Launcher,Maintenance,0,0,0.0
257199.52,6,42866.58666666666,2,Armored Vehicle,Maintenance,0,0,0.025
181770.25,5,36354.05,9,Truck,Operational,0,0,0.0
107904.69,5,21580.938,17,Truck,Out of Service,0,0,0.0
134787.6,3,44929.2,21,Tank,Operational,0,0,0.0
66879.7,4,16719.925,2,Drone,Operational,0,0,0.0
80707.21,3,26902.403333333332,16,Drone,Out of Service,0,0,0.0
369080.33,8,46135.04125,21,Missile Launcher,Operational,1,1,0.98
58782.86,2,29391.43,7,Communication System,Operational,0,0,0.0
132184.4,3,44061.46666666667,11,Communication System,Operational,0,0,0.0
969206.49,20,48460.3245,10,Armored Vehicle,Operational,1,1,1.0
518286.35,20,25914.3175,11,Radar,Operational,1,1,1.0
480294.54,10,48029.454,16,Tank,Operational,1,1,1.0
270116.43,13,20778.186923076923,2,Armored Vehicle,Operational,1,1,1.0
66470.55,2,33235.275,6,Drone,Operational,0,0,0.0
409539.09,14,29252.792142857143,19,Missile Launcher,Operational,1,1,1.0
970410.83,20,48520.5415,20,Armored Vehicle,Maintenance,1,1,1.0
0.0,0,0.0,19,Missile Launcher,Operational,0,0,0.0
0.0,0,0.0,1,Tank,Maintenance,0,0,0.0
110273.98,4,27568.495,10,Tank,Operational,0,0,0.0
545934.35,11,49630.395454545454,2,Armored Vehicle,Operational,1,1,1.0
639234.56,13,49171.88923076924,13,Missile Launcher,Operational,1,1,1.0
154082.43,4,38520.6075,4,Armored Vehicle,Operational,0,0,0.0
135925.16,4,33981.29,17,Missile Launcher,Maintenance,0,0,0.0
208203.75,5,41640.75,8,Generator,Operational,0,0,0.0
180447.06,6,30074.51,13,Truck,Out of Service,0,0,0.005
376155.59,16,23509.724375,2,Generator,Out of Service,1,1,1.0
22574.01,1,22574.01,5,Missile Launcher,Operational,0,0,0.0
103868.79,6,17311.465,19,Missile Launcher,Out of Service,0,0,0.0
81094.16,3,27031.38666666667,9,Truck,Operational,0,0,0.0
284400.03,7,40628.57571428572,15,Tank,Operational,0,0,0.0
286398.72,8,35799.84,17,Missile Launcher,Operational,1,1,0.985
142622.3,4,35655.575,5,Radar,Operational,0,0,0.0
207283.83,6,34547.305,18,Truck,Operational,0,0,0.0
48304.01,2,24152.005,21,Drone,Maintenance,0,0,0.0
0.0,0,0.0,6,Drone,Operational,0,0,0.0
57832.06,2,28916.03,2,Drone,Operational,0,0,0.0
73590.29,2,36795.145,3,Communication System,Operational,0,0,0.0
464525.87,20,23226.2935,1,Truck,Operational,1,1,1.0
443284.41,15,29552.294,18,Radar,Operational,1,1,1.0
300720.68,11,27338.24363636364,13,Truck,Out of Service,1,1,1.0
578514.83,18,32139.71277777777,21,Armored Vehicle,Operational,1,1,1.0
205994.98,6,34332.496666666666,19,Tank,Operational,0,0,0.0
132143.91,5,26428.782,11,Radar,Operational,0,0,0.0
108391.7,7,15484.528571428573,11,Tank,Operational,0,0,0.005
121889.72,3,40629.90666666667,13,Truck,Operational,0,0,0.005
232643.29,14,16617.37785714286,16,Drone,Out of Service,1,1,1.0
33236.08,1,33236.08,4,Drone,Operational,0,0,0.0
70896.31,2,35448.155,19,Communication System,Maintenance,0,0,0.0
227400.84,7,32485.834285714285,18,Drone,Maintenance,0,0,0.0
80845.51,4,20211.3775,13,Missile Launcher,Operational,0,0,0.0
574693.0,17,33805.470588235294,4,Drone,Operational,1,1,1.0
932349.24,19,49071.01263157895,17,Missile Launcher,Maintenance,1,1,0.995
99568.72,3,33189.573333333334,8,Tank,Operational,0,0,0.0
296156.41,8,37019.55125,2,Truck,Operational,1,1,0.99
34831.24,1,34831.24,16,Generator,Operational,0,0,0.0
34785.36,2,17392.68,14,Drone,Operational,0,0,0.0
117289.46,5,23457.892,21,Drone,Operational,0,0,0.0
195050.37,8,24381.29625,13,Drone,Operational,1,1,1.0
333110.02,20,16655.501,13,Generator,Operational,1,1,1.0
56183.48,3,18727.826666666668,21,Armored Vehicle,Maintenance,0,0,0.005
562112.09,20,28105.6045,20,Generator,Operational,1,1,1.0
0.0,0,0.0,15,Truck,Operational,0,0,0.0
0.0,0,0.0,15,Communication System,Operational,0,0,0.0
248141.52,5,49628.304,19,Drone,Operational,0,0,0.0
83609.74,2,41804.87,6,Armored Vehicle,Operational,0,0,0.0
24260.05,1,24260.05,1,Tank,Operational,0,0,0.0
0.0,0,0.0,15,Missile Launcher,Operational,0,0,0.0
33929.07,1,33929.07,13,Tank,Operational,0,0,0.0
46311.57,1,46311.57,13,Armored Vehicle,Operational,0,0,0.0
848020.35,20,42401.0175,9,Armored Vehicle,Operational,1,1,1.0
98521.01,2,49260.505,9,Radar,Operational,0,0,0.0
73449.58,2,36724.79,21,Truck,Operational,0,0,0.0
125437.78,5,25087.556,7,Tank,Operational,0,0,0.0
28255.78,1,28255.78,20,Truck,Operational,0,0,0.0
50271.9,2,25135.95,18,Drone,Maintenance,0,0,0.0
665182.63,20,33259.1315,18,Generator,Operational,1,1,1.0
131488.4,3,43829.46666666667,19,Missile Launcher,Maintenance,0,0,0.0
86951.95,2,43475.975,14,Communication System,Operational,0,0,0.0
103258.67,4,25814.6675,4,Generator,Operational,0,0,0.0
277946.77,13,21380.52076923077,8,Generator,Operational,1,1,1.0
730935.23,16,45683.451875,16,Radar,Maintenance,1,1,1.0
123104.42,3,41034.80666666666,4,Drone,Maintenance,0,0,0.0
0.0,0,0.0,2,Drone,Operational,0,0,0.0
135220.58,4,33805.145,8,Communication System,Operational,0,0,0.0
48561.65,2,24280.825,19,Missile Launcher,Out of Service,0,0,0.0
121061.38,7,17294.48285714286,15,Radar,Operational,0,0,0.005
281440.54,8,35180.0675,18,Radar,Operational,1,1,1.0
104753.6,6,17458.933333333334,17,Tank,Maintenance,0,0,0.0
158967.0,6,26494.5,12,Drone,Operational,0,0,0.005
70773.65,2,35386.825,9,Radar,Operational,0,0,0.0
371165.27,16,23197.829375,6,Tank,Operational,1,1,1.0
50129.67,2,25064.835,6,Tank,Out of Service,0,0,0.0
247198.69,5,49439.738,7,Drone,Out of Service,0,0,0.01
135731.05,3,45243.68333333333,10,Tank,Operational,0,0,0.0
27634.42,1,27634.42,4,Truck,Operational,0,0,0.0
448489.77,19,23604.724736842105,14,Drone,Operational,1,1,1.0
76627.89,2,38313.945,16,Armored Vehicle,Maintenance,0,0,0.0
572585.33,19,30136.07,16,Truck,Maintenance,1,1,1.0
103244.53,3,34414.84333333333,19,Drone,Maintenance,0,0,0.0
416469.24,18,23137.18,3,Tank,Operational,1,1,1.0
42247.7,2,21123.85,13,Missile Launcher,Operational,0,0,0.0
108043.51,3,36014.503333333334,15,Generator,Operational,0,0,0.0
502596.98,15,33506.46533333333,2,Missile Launcher,Operational,1,1,0.995
147739.11,4,36934.7775,8,Communication System,Out of Service,0,0,0.0
203023.16,5,40604.632,3,Armored Vehicle,Operational,0,0,0.0
0.0,0,0.0,9,Armored Vehicle,Maintenance,0,0,0.0
317027.42,8,39628.4275,8,Communication System,Operational,1,1,1.0
104548.55,3,34849.51666666667,1,Tank,Operational,0,0,0.0
128740.68,4,32185.17,13,Communication System,Operational,0,0,0.0
46663.21,2,23331.605,5,Drone,Maintenance,0,0,0.0
79016.04,5,15803.208,18,Generator,Maintenance,0,0,0.0
672740.47,17,39572.96882352941,19,Drone,Maintenance,1,1,1.0
89966.56,4,22491.64,14,Communication System,Operational,0,0,0.0
505328.82,13,38871.447692307695,13,Drone,Operational,1,1,1.0
188498.08,5,37699.616,17,Truck,Operational,0,0,0.0
44059.21,1,44059.21,16,Tank,Maintenance,0,0,0.0
719843.18,16,44990.19875,16,Missile Launcher,Operational,1,1,1.0
150298.58,4,37574.645,13,Generator,Operational,0,0,0.0
839240.7,19,44170.563157894736,6,Truck,Operational,1,1,1.0
131723.39,4,32930.8475,11,Radar,Operational,0,0,0.0
48343.84,2,24171.92,5,Communication System,Operational,0,0,0.0
246844.25,5,49368.85,2,Radar,Operational,0,0,0.0
156103.95,5,31220.79,16,Truck,Out of Service,0,0,0.0
703467.85,20,35173.3925,18,Drone,Operational,1,1,1.0
162387.38,9,18043.042222222222,20,Generator,Maintenance,1,1,0.99
155631.33,7,22233.04714285714,7,Generator,Operational,0,0,0.01
67360.2,3,22453.4,2,Armored Vehicle,Out of Service,0,0,0.0
317226.02,15,21148.40133333333,13,Tank,Operational,1,1,1.0
130908.19,3,43636.06333333333,18,Armored Vehicle,Out of Service,0,0,0.0
82465.73,3,27488.576666666664,9,Armored Vehicle,Maintenance,0,0,0.0
199222.9,7,28460.414285714283,11,Radar,Operational,0,0,0.0
294768.62,18,16376.034444444444,11,Armored Vehicle,Operational,1,1,1.0
231362.94,12,19280.245,19,Communication System,Maintenance,1,1,1.0
686770.82,17,40398.28352941176,5,Generator,Operational,1,1,1.0
365673.96,9,40630.44,12,Tank,Operational,1,1,1.0
204669.29,9,22741.032222222224,10,Missile Launcher,Operational,1,1,1.0
121826.73,5,24365.346,15,Armored Vehicle,Operational,0,0,0.0
287369.32,7,41052.76,17,Truck,Out of Service,0,0,0.015
310613.64,9,34512.62666666667,16,Truck,Maintenance,1,1,1.0
61926.84,4,15481.71,6,Armored Vehicle,Operational,0,0,0.0
363226.53,19,19117.18578947369,18,Radar,Operational,1,1,1.0
159698.82,5,31939.764000000003,20,Tank,Maintenance,0,0,0.0
151813.3,8,18976.6625,10,Communication System,Operational,1,1,0.98
94158.34,2,47079.17,15,Truck,Operational,0,0,0.0
503475.6,15,33565.04,4,Drone,Operational,1,1,1.0
86505.66,2,43252.83,16,Armored Vehicle,Operational,0,0,0.0
835683.29,20,41784.1645,16,Armored Vehicle,Operational,1,1,0.995
39492.94,1,39492.94,16,Armored Vehicle,Out of Service,0,0,0.0
205579.55,7,29368.507142857143,19,Truck,Maintenance,0,0,0.01
202062.3,5,40412.46,2,Truck,Operational,0,0,0.0
78215.45,4,19553.8625,11,Radar,Operational,0,0,0.0
216508.55,6,36084.75833333333,13,Communication System,Operational,0,0,0.0
39554.87,1,39554.87,8,Tank,Operational,0,0,0.0
0.0,0,0.0,11,Drone,Operational,0,0,0.0
122253.48,4,30563.37,16,Radar,Operational,0,0,0.0
126773.66,5,25354.732,12,Armored Vehicle,Operational,0,0,0.0
0.0,0,0.0,16,Drone,Out of Service,0,0,0.0
227900.57,8,28487.57125,9,Tank,Operational,1,1,0.99
502095.92,12,41841.32666666667,17,Missile Launcher,Maintenance,1,1,1.0
148067.9,3,49355.96666666667,10,Missile Launcher,Operational,0,0,0.0
657881.66,19,34625.35052631579,7,Missile Launcher,Operational,1,1,1.0
145373.26,3,48457.75333333333,9,Missile Launcher,Operational,0,0,0.0
291875.71,10,29187.571000000004,5,Armored Vehicle,Operational,1,1,1.0
219747.94,8,27468.4925,15,Radar,Operational,1,1,0.99
548699.48,16,34293.7175,4,Truck,Operational,1,1,1.0
697674.23,15,46511.615333333335,13,Communication System,Operational,1,1,1.0
92208.61,2,46104.305,4,Tank,Operational,0,0,0.0
337420.28,9,37491.14222222223,1,Communication System,Operational,1,1,0.995
87206.03,3,29068.676666666663,21,Truck,Maintenance,0,0,0.0
122290.52,7,17470.074285714287,15,Truck,Operational,0,0,0.005
168646.68,5,33729.336,6,Radar,Operational,0,0,0.0
103125.55,3,34375.183333333334,6,Tank,Operational,0,0,0.0
38256.31,1,38256.31,15,Armored Vehicle,Out of Service,0,0,0.0
47654.44,1,47654.44,9,Radar,Operational,0,0,0.0
335763.86,9,37307.09555555556,13,Generator,Operational,1,1,1.0
141233.48,4,35308.37,8,Tank,Operational,0,0,0.0
184936.82,5,36987.364,1,Communication System,Operational,0,0,0.0
82945.41,3,27648.47,2,Communication System,Operational,0,0,0.0
145511.27,3,48503.75666666666,6,Truck,Operational,0,0,0.0
82012.27,3,27337.423333333336,17,Truck,Out of Service,0,0,0.0
50350.21,2,25175.105,12,Missile Launcher,Operational,0,0,0.0
70078.73,2,35039.365,19,Truck,Operational,0,0,0.0
99399.41,2,49699.705,1,Tank,Operational,0,0,0.0
60008.03,3,20002.676666666663,8,Truck,Operational,0,0,0.0
330880.54,14,23634.324285714283,19,Drone,Maintenance,1,1,1.0
30366.77,2,15183.385,7,Missile Launcher,Maintenance,0,0,0.01
341749.61,7,48821.37285714286,18,Truck,Maintenance,0,0,0.02
371505.35,9,41278.37222222222,5,Armored Vehicle,Operational,1,1,1.0
511028.04,13,39309.84923076923,5,Drone,Operational,1,1,1.0
23332.26,1,23332.26,3,Truck,Operational,0,0,0.0
99325.39,2,49662.695,2,Radar,Operational,0,0,0.0
718620.74,19,37822.14421052631,14,Generator,Operational,1,1,1.0
0.0,0,0.0,13,Drone,Operational,0,0,0.0
116174.98,7,16596.425714285713,5,Missile Launcher,Operational,0,0,0.0
219615.99,9,24401.776666666665,6,Generator,Operational,1,1,1.0
290936.42,8,36367.0525,11,Tank,Operational,1,1,0.985
258530.8,13,19886.984615384616,16,Radar,Maintenance,1,1,1.0
207014.33,8,25876.79125,15,Communication System,Operational,1,1,0.995
232074.89,9,25786.09888888889,7,Radar,Operational,1,1,1.0
554126.84,19,29164.570526315787,8,Tank,Operational,1,1,1.0
80947.07,2,40473.535,11,Armored Vehicle,Operational,0,0,0.0
0.0,0,0.0,14,Armored Vehicle,Operational,0,0,0.0
479511.54,10,47951.154,4,Drone,Operational,1,1,1.0
21251.0,1,21251.0,20,Drone,Maintenance,0,0,0.0
552756.81,17,32515.10647058824,21,Tank,Maintenance,1,1,1.0
95147.86,3,31715.95333333333,9,Drone,Operational,0,0,0.0
328575.9,7,46939.41428571429,19,Radar,Out of Service,0,0,0.01
16038.97,1,16038.97,10,Armored Vehicle,Operational,0,0,0.0
146122.31,8,18265.28875,14,Radar,Operational,1,1,0.995
505758.24,14,36125.58857142857,8,Generator,Operational,1,1,1.0
194978.31,7,27854.044285714284,13,Tank,Operational,0,0,0.005
122585.35,3,40861.78333333333,14,Truck,Operational,0,0,0.0
34844.91,2,17422.455,18,Tank,Operational,0,0,0.0
518225.54,14,37016.11,1,Tank,Operational,1,1,1.0
37635.31,2,18817.655,15,Generator,Operational,0,0,0.0
155191.66,4,38797.915,16,Missile Launcher,Operational,0,0,0.0
124528.04,4,31132.01,7,Communication System,Operational,0,0,0.0
0.0,0,0.0,20,Armored Vehicle,Operational,0,0,0.0
140710.44,3,46903.48,15,Missile Launcher,Operational,0,0,0.0
85174.47,4,21293.6175,18,Tank,Maintenance,0,0,0.0
313816.52,8,39227.065,14,Tank,Operational,1,1,1.0
0.0,0,0.0,11,Missile Launcher,Operational,0,0,0.0
240815.6,13,18524.276923076923,13,Radar,Maintenance,1,1,1.0
634366.32,14,45311.88,5,Generator,Out of Service,1,1,1.0
88156.49,2,44078.245,6,Truck,Operational,0,0,0.0
186803.07,4,46700.7675,14,Generator,Operational,0,0,0.0
18143.07,1,18143.07,2,Communication System,Operational,0,0,0.0
37983.31,2,18991.655,9,Tank,Operational,0,0,0.0
0.0,0,0.0,4,Radar,Operational,0,0,0.0
0.0,0,0.0,6,Truck,Operational,0,0,0.0
120922.69,3,40307.56333333333,9,Missile Launcher,Operational,0,0,0.0
162647.34,4,40661.835,16,Missile Launcher,Operational,0,0,0.005
143093.59,8,17886.69875,2,Tank,Maintenance,1,1,0.96
76735.04,2,38367.52,10,Tank,Operational,0,0,0.0
52997.76,2,26498.88,2,Generator,Operational,0,0,0.0
98859.6,2,49429.8,21,Truck,Out of Service,0,0,0.005
64116.11,2,32058.055,12,Missile Launcher,Operational,0,0,0.0
221441.4,9,24604.6,5,Communication System,Operational,1,1,1.0
106515.25,7,15216.464285714286,21,Armored Vehicle,Maintenance,0,0,0.02
475460.28,11,43223.66181818182,13,Radar,Operational,1,1,1.0
448741.44,18,24930.08,16,Missile Launcher,Operational,1,1,1.0
157731.53,6,26288.588333333333,3,Generator,Operational,0,0,0.005
381210.35,9,42356.70555555556,6,Communication System,Operational,1,1,1.0
248943.73,12,20745.310833333333,19,Missile Launcher,Operational,1,1,1.0
82137.45,4,20534.3625,1,Drone,Operational,0,0,0.0
163474.69,10,16347.469,12,Generator,Maintenance,1,1,0.99
28575.71,1,28575.71,14,Tank,Operational,0,0,0.0
150020.25,4,37505.0625,5,Communication System,Operational,0,0,0.0
135396.06,3,45132.02,11,Drone,Operational,0,0,0.0
152164.92,8,19020.615,9,Generator,Operational,1,1,0.995
122710.73,3,40903.57666666667,11,Tank,Maintenance,0,0,0.0
484184.73,20,24209.2365,19,Generator,Out of Service,1,1,1.0
93433.11,6,15572.185,4,Communication System,Operational,0,0,0.0
206376.4,13,15875.107692307693,21,Tank,Out of Service,1,1,1.0
296333.64,10,29633.364,4,Radar,Operational,1,1,1.0
873478.62,19,45972.55894736842,10,Communication System,Operational,1,1,1.0
143922.35,9,15991.372222222222,7,Drone,Operational,1,1,1.0
333416.32,7,47630.90285714286,4,Drone,Operational,0,0,0.0
32288.85,2,16144.425,5,Missile Launcher,Operational,0,0,0.0
38573.74,1,38573.74,19,Communication System,Maintenance,0,0,0.0
101374.18,3,33791.39333333333,17,Drone,Maintenance,0,0,0.0
272186.82,8,34023.3525,10,Radar,Operational,1,1,1.0
127533.26,7,18219.03714285714,5,Radar,Operational,0,0,0.005
96062.32,3,32020.77333333333,4,Tank,Operational,0,0,0.0
26465.25,1,26465.25,4,Radar,Operational,0,0,0.0
203823.88,7,29117.697142857145,8,Radar,Out of Service,0,0,0.005
0.0,0,0.0,11,Drone,Operational,0,0,0.0
72331.1,4,18082.775,3,Generator,Operational,0,0,0.0
96229.07,6,16038.178333333335,19,Radar,Operational,0,0,0.01
49441.21,2,24720.605,21,Tank,Operational,0,0,0.0
528692.19,14,37763.72785714285,11,Armored Vehicle,Operational,1,1,1.0
72808.62,2,36404.31,8,Generator,Operational,0,0,0.0
163515.38,7,23359.34,2,Drone,Operational,0,0,0.01
163727.61,8,20465.95125,8,Generator,Operational,1,1,0.99
0.0,0,0.0,1,Missile Launcher,Operational,0,0,0.0
0.0,0,0.0,16,Tank,Operational,0,0,0.0
348164.13,7,49737.73285714286,15,Drone,Operational,0,0,0.02
54241.57,3,18080.52333333333,11,Truck,Operational,0,0,0.0
202655.82,5,40531.164,18,Armored Vehicle,Out of Service,0,0,0.005
349325.39,8,43665.67375,11,Radar,Out of Service,1,1,0.98
296059.17,11,26914.47,10,Communication System,Operational,1,1,1.0
27807.73,1,27807.73,12,Radar,Maintenance,0,0,0.0
49598.2,1,49598.2,9,Armored Vehicle,Operational,0,0,0.0
81411.53,4,20352.8825,10,Radar,Maintenance,0,0,0.0
392188.39,8,49023.54875,15,Drone,Maintenance,1,1,1.0
380702.21,14,27193.015000000003,1,Radar,Operational,1,1,1.0
184685.4,4,46171.35,12,Communication System,Operational,0,0,0.0
326080.96,9,36231.21777777778,2,Communication System,Out of Service,1,1,0.99
0.0,0,0.0,9,Communication System,Operational,0,0,0.0
107634.45,7,15376.35,2,Radar,Operational,0,0,0.005
62732.06,4,15683.015,1,Armored Vehicle,Operational,0,0,0.0
107134.08,6,17855.68,13,Generator,Operational,0,0,0.0
65788.31,2,32894.155,10,Armored Vehicle,Operational,0,0,0.0
401659.84,9,44628.87111111111,17,Armored Vehicle,Out of Service,1,1,0.995
688208.12,19,36221.48,3,Truck,Operational,1,1,1.0
150812.45,4,37703.1125,21,Missile Launcher,Operational,0,0,0.0
215693.14,5,43138.628,2,Radar,Operational,0,0,0.0
196742.31,5,39348.462,9,Truck,Operational,0,0,0.0
328493.27,12,27374.439166666667,6,Radar,Operational,1,1,1.0
582287.24,12,48523.93666666667,7,Truck,Operational,1,1,1.0
190379.15,6,31729.858333333334,2,Tank,Operational,0,0,0.0
30300.6,1,30300.6,17,Tank,Maintenance,0,0,0.0
292643.65,6,48773.94166666667,1,Missile Launcher,Maintenance,0,0,0.015
95487.54,4,23871.885,15,Radar,Operational,0,0,0.0
0.0,0,0.0,11,Truck,Operational,0,0,0.0
362761.57,8,45345.19625,5,Generator,Operational,1,1,0.995
347550.75,7,49650.107142857145,9,Truck,Operational,0,0,0.02
30585.16,1,30585.16,19,Generator,Operational,0,0,0.0
134904.28,3,44968.09333333333,3,Missile Launcher,Operational,0,0,0.0
80623.1,3,26874.36666666667,1,Communication System,Operational,0,0,0.0
161776.12,5,32355.224,2,Communication System,Maintenance,0,0,0.0
36307.96,1,36307.96,14,Missile Launcher,Operational,0,0,0.0
95936.57,3,31978.85666666667,5,Communication System,Operational,0,0,0.0
163350.43,4,40837.6075,3,Drone,Operational,0,0,0.0
541870.57,12,45155.88083333333,1,Missile Launcher,Operational,1,1,0.995
84692.2,4,21173.05,11,Generator,Operational,0,0,0.0
98530.72,2,49265.36,15,Tank,Operational,0,0,0.0
568248.07,15,37883.204666666665,9,Truck,Operational,1,1,1.0
0.0,0,0.0,1,Communication System,Operational,0,0,0.0
118991.58,5,23798.316,13,Missile Launcher,Operational,0,0,0.0
324359.28,7,46337.04,10,Generator,Operational,0,0,0.0
447808.95,13,34446.842307692306,19,Truck,Operational,1,1,1.0
224031.11,8,28003.88875,7,Truck,Out of Service,1,1,0.98
114658.53,3,38219.51,11,Generator,Operational,0,0,0.0
0.0,0,0.0,4,Radar,Operational,0,0,0.0
99536.8,6,16589.466666666667,10,Radar,Operational,0,0,0.0
72917.34,2,36458.67,19,Truck,Operational,0,0,0.0
52553.4,2,26276.7,7,Radar,Operational,0,0,0.0
151868.51,4,37967.1275,11,Communication System,Operational,0,0,0.0
450205.98,12,37517.165,7,Radar,Operational,1,1,1.0
0.0,0,0.0,12,Tank,Operational,0,0,0.0
119687.04,7,17098.14857142857,14,Communication System,Operational,0,0,0.005
68055.74,3,22685.24666666667,15,Tank,Operational,0,0,0.0
42081.25,1,42081.25,7,Missile Launcher,Maintenance,0,0,0.0
70063.07,4,17515.7675,5,Communication System,Maintenance,0,0,0.0
229058.35,12,19088.19583333333,19,Missile Launcher,Out of Service,1,1,1.0
41888.02,1,41888.02,1,Missile Launcher,Operational,0,0,0.0
85466.17,2,42733.085,5,Communication System,Operational,0,0,0.0
32771.43,1,32771.43,18,Drone,Maintenance,0,0,0.0
21534.28,1,21534.28,12,Drone,Operational,0,0,0.0
63598.87,4,15899.7175,15,Drone,Operational,0,0,0.0
156009.82,4,39002.455,19,Truck,Out of Service,0,0,0.0
48966.69,2,24483.345,8,Radar,Maintenance,0,0,0.0
30205.27,2,15102.635,3,Tank,Operational,0,0,0.0
40265.34,1,40265.34,17,Armored Vehicle,Maintenance,0,0,0.0
434242.54,11,39476.59454545454,4,Radar,Operational,1,1,1.0
48899.54,2,24449.77,20,Generator,Maintenance,0,0,0.0
95499.33,2,47749.665,19,Missile Launcher,Out of Service,0,0,0.0
67024.46,2,33512.23,13,Truck,Operational,0,0,0.0
295435.63,12,24619.635833333334,5,Missile Launcher,Out of Service,1,1,1.0
493836.89,13,37987.45307692308,14,Tank,Operational,1,1,1.0
125674.9,3,41891.63333333333,16,Drone,Operational,0,0,0.0
127300.32,4,31825.08,7,Communication System,Operational,0,0,0.0
241544.97,8,30193.12125,8,Truck,Operational,1,1,1.0
55514.46,2,27757.23,20,Generator,Operational,0,0,0.0
407202.54,9,45244.72666666666,7,Truck,Out of Service,1,1,1.0
259579.11,6,43263.185,2,Radar,Operational,0,0,0.005
743834.52,16,46489.6575,15,Generator,Operational,1,1,1.0
47923.28,1,47923.28,7,Generator,Operational,0,0,0.0
0.0,0,0.0,21,Communication System,Operational,0,0,0.0
38990.0,1,38990.0,7,Generator,Operational,0,0,0.0
23482.59,1,23482.59,20,Armored Vehicle,Maintenance,0,0,0.0
426104.06,16,26631.50375,13,Missile Launcher,Out of Service,1,1,1.0
236187.71,7,33741.10142857143,6,Generator,Operational,0,0,0.015
53760.09,2,26880.045,12,Armored Vehicle,Operational,0,0,0.0
121848.95,8,15231.11875,16,Radar,Out of Service,1,1,0.93
204640.47,7,29234.352857142854,13,Generator,Out of Service,0,0,0.0
372055.75,8,46506.96875,1,Radar,Operational,1,1,1.0
0.0,0,0.0,16,Missile Launcher,Maintenance,0,0,0.0
94696.75,2,47348.375,13,Missile Launcher,Maintenance,0,0,0.0
642486.99,13,49422.07615384615,15,Truck,Operational,1,1,1.0
844868.87,18,46937.15944444444,2,Tank,Operational,1,1,1.0
137554.58,8,17194.3225,2,Missile Launcher,Operational,1,1,0.995
0.0,0,0.0,21,Drone,Operational,0,0,0.0
741538.38,20,37076.919,3,Truck,Operational,1,1,1.0
58702.16,3,19567.38666666667,1,Truck,Operational,0,0,0.0
102836.73,4,25709.1825,21,Truck,Maintenance,0,0,0.0
160866.65,9,17874.07222222222,3,Drone,Operational,1,1,1.0
147003.48,3,49001.16,14,Armored Vehicle,Operational,0,0,0.0
91827.44,3,30609.146666666667,5,Generator,Maintenance,0,0,0.005
225306.23,6,37551.03833333334,19,Radar,Maintenance,0,0,0.0
0.0,0,0.0,11,Armored Vehicle,Operational,0,0,0.0
19573.03,1,19573.03,4,Radar,Operational,0,0,0.0
340308.75,7,48615.53571428572,14,Missile Launcher,Maintenance,0,0,0.06
736778.98,18,40932.16555555556,14,Communication System,Operational,1,1,1.0
75120.15,4,18780.0375,19,Radar,Operational,0,0,0.0
115075.65,4,28768.9125,5,Communication System,Operational,0,0,0.0
288134.76,8,36016.845,14,Communication System,Out of Service,1,1,0.98
201063.64,10,20106.364,14,Drone,Operational,1,1,1.0
421204.93,17,24776.76058823529,7,Radar,Operational,1,1,1.0
505732.07,15,33715.471333333335,7,Armored Vehicle,Operational,1,1,1.0
33381.21,1,33381.21,15,Drone,Operational,0,0,0.0
30807.28,1,30807.28,6,Armored Vehicle,Operational,0,0,0.0
38071.27,2,19035.635,17,Generator,Maintenance,0,0,0.0
439556.44,13,33812.03384615385,19,Tank,Operational,1,1,1.0
406572.58,14,29040.898571428574,8,Radar,Operational,1,1,1.0
355064.76,11,32278.614545454548,4,Communication System,Out of Service,1,1,1.0
445462.37,18,24747.909444444445,11,Radar,Operational,1,1,1.0
136101.66,5,27220.332,15,Truck,Operational,0,0,0.0
179877.33,8,22484.66625,21,Generator,Maintenance,1,1,0.995
47737.85,2,23868.925,16,Truck,Operational,0,0,0.0
96989.64,3,32329.88,5,Armored Vehicle,Maintenance,0,0,0.0
107461.13,3,35820.37666666667,3,Drone,Operational,0,0,0.0
295086.55,10,29508.655,1,Generator,Maintenance,1,1,1.0
334722.49,7,47817.49857142857,7,Communication System,Operational,0,0,0.01
300623.65,7,42946.235714285714,20,Truck,Operational,0,0,0.0
115182.34,5,23036.468,19,Generator,Operational,0,0,0.0
651435.97,20,32571.7985,5,Drone,Operational,1,1,1.0
0.0,0,0.0,14,Missile Launcher,Out of Service,0,0,0.0
86736.94,3,28912.31333333333,19,Radar,Operational,0,0,0.0
691228.75,15,46081.91666666666,14,Missile Launcher,Operational,1,1,1.0
0.0,0,0.0,14,Tank,Operational,0,0,0.0
120742.4,4,30185.6,6,Tank,Out of Service,0,0,0.0
206554.61,5,41310.922,7,Truck,Operational,0,0,0.0
51575.38,2,25787.69,20,Generator,Operational,0,0,0.0
456497.2,10,45649.72,19,Drone,Maintenance,1,1,1.0
52759.44,3,17586.48,9,Radar,Operational,0,0,0.0
785368.77,16,49085.548125,10,Missile Launcher,Operational,1,1,1.0
37153.76,2,18576.88,16,Armored Vehicle,Operational,0,0,0.0
93049.39,5,18609.878,6,Tank,Operational,0,0,0.0
167687.17,4,41921.7925,7,Truck,Operational,0,0,0.0
29395.15,1,29395.15,20,Truck,Operational,0,0,0.0
261151.82,8,32643.9775,11,Missile Launcher,Operational,1,1,1.0
65603.38,4,16400.845,16,Drone,Out of Service,0,0,0.0
221638.27,6,36939.71166666666,9,Radar,Operational,0,0,0.0
192756.86,7,27536.69428571428,4,Drone,Maintenance,0,0,0.015
48870.74,2,24435.37,17,Generator,Maintenance,0,0,0.0
0.0,0,0.0,11,Missile Launcher,Operational,0,0,0.0
0.0,0,0.0,17,Drone,Maintenance,0,0,0.0
61781.44,3,20593.81333333333,10,Truck,Operational,0,0,0.0
597125.85,12,49760.4875,14,Drone,Operational,1,1,1.0
194107.43,4,48526.8575,4,Truck,Maintenance,0,0,0.0
488299.25,13,37561.480769230766,6,Generator,Maintenance,1,1,1.0
221479.2,6,36913.2,1,Drone,Operational,0,0,0.0
151368.05,5,30273.61,9,Armored Vehicle,Operational,0,0,0.0
257370.25,6,42895.04166666666,9,Drone,Operational,0,0,0.0
461339.27,15,30755.95133333333,10,Drone,Operational,1,1,1.0
89178.75,2,44589.375,21,Communication System,Maintenance,0,0,0.0
391054.78,17,23003.22235294118,7,Missile Launcher,Operational,1,1,1.0
49351.84,2,24675.92,18,Truck,Operational,0,0,0.0
39315.79,2,19657.895,14,Armored Vehicle,Maintenance,0,0,0.0
119354.88,3,39784.96,21,Generator,Maintenance,0,0,0.0
146875.53,3,48958.51,11,Generator,Operational,0,0,0.0
47667.64,2,23833.82,12,Drone,Operational,0,0,0.0
38050.54,2,19025.27,19,Communication System,Maintenance,0,0,0.0
617775.39,18,34320.855,7,Generator,Operational,1,1,1.0
180744.4,4,45186.1,21,Tank,Out of Service,0,0,0.005
0.0,0,0.0,10,Radar,Operational,0,0,0.0
76975.16,5,15395.032,17,Tank,Operational,0,0,0.005
15131.22,1,15131.22,12,Missile Launcher,Operational,0,0,0.0
0.0,0,0.0,5,Communication System,Maintenance,0,0,0.0
29595.3,1,29595.3,12,Missile Launcher,Operational,0,0,0.0
238678.47,9,26519.83,2,Radar,Operational,1,1,1.0
93885.49,2,46942.745,20,Generator,Out of Service,0,0,0.0
263001.1,9,29222.344444444443,7,Missile Launcher,Operational,1,1,1.0
63823.31,3,21274.436666666665,1,Tank,Operational,0,0,0.0
97069.87,2,48534.935,9,Drone,Operational,0,0,0.0
413560.26,19,21766.32947368421,8,Radar,Operational,1,1,1.0
135978.34,3,45326.113333333335,14,Communication System,Operational,0,0,0.0
277593.13,9,30843.681111111116,6,Armored Vehicle,Operational,1,1,1.0
326490.66,12,27207.555,1,Truck,Operational,1,1,1.0
296061.93,6,49343.655,12,Drone,Operational,0,0,0.005
24633.09,1,24633.09,2,Armored Vehicle,Operational,0,0,0.0
169346.91,4,42336.7275,3,Tank,Operational,0,0,0.0
98427.05,3,32809.01666666667,2,Generator,Operational,0,0,0.0
691904.39,14,49421.74214285715,6,Drone,Operational,1,1,1.0
97603.68,3,32534.56,5,Tank,Out of Service,0,0,0.0
303826.84,8,37978.355,13,Tank,Operational,1,1,0.995
382650.67,15,25510.044666666665,21,Communication System,Maintenance,1,1,1.0
273719.01,7,39102.71571428572,1,Truck,Operational,0,0,0.005
98971.85,4,24742.9625,5,Drone,Maintenance,0,0,0.0
34998.76,2,17499.38,16,Generator,Out of Service,0,0,0.0
436932.35,17,25701.902941176468,16,Communication System,Operational,1,1,1.0
300531.21,7,42933.030000000006,18,Armored Vehicle,Maintenance,0,0,0.015
48948.87,2,24474.435,5,Radar,Operational,0,0,0.0
303316.11,20,15165.8055,17,Radar,Maintenance,1,1,0.995
135557.87,3,45185.956666666665,16,Drone,Out of Service,0,0,0.0
44608.81,1,44608.81,16,Generator,Operational,0,0,0.0
44892.96,1,44892.96,9,Communication System,Operational,0,0,0.0
149506.92,4,37376.73,2,Radar,Operational,0,0,0.0
85581.02,4,21395.255,18,Armored Vehicle,Maintenance,0,0,0.0
0.0,0,0.0,19,Radar,Maintenance,0,0,0.0
820395.61,17,48258.565294117645,2,Generator,Operational,1,1,1.0
271426.65,6,45237.775,16,Drone,Maintenance,0,0,0.0
82802.8,3,27600.93333333333,11,Drone,Operational,0,0,0.0
0.0,0,0.0,6,Generator,Operational,0,0,0.0
278567.1,9,30951.9,16,Radar,Operational,1,1,0.995
21488.85,1,21488.85,9,Generator,Operational,0,0,0.0
292710.2,8,36588.775,1,Generator,Operational,1,1,0.99
142540.45,3,47513.48333333334,6,Communication System,Operational,0,0,0.0
55063.55,3,18354.516666666663,21,Armored Vehicle,Out of Service,0,0,0.005
327647.39,8,40955.92375,1,Radar,Operational,1,1,0.99
240224.94,8,30028.1175,10,Communication System,Operational,1,1,1.0
38824.4,2,19412.2,11,Missile Launcher,Operational,0,0,0.0
184592.6,7,26370.37142857143,18,Truck,Maintenance,0,0,0.01
409467.74,13,31497.51846153846,14,Missile Launcher,Operational,1,1,1.0
351023.76,8,43877.97,10,Truck,Out of Service,1,1,0.99
509939.33,11,46358.12090909091,16,Communication System,Operational,1,1,1.0
65141.38,4,16285.345,7,Communication System,Operational,0,0,0.0
166787.38,8,20848.4225,15,Missile Launcher,Operational,1,1,1.0
533086.34,13,41006.64153846154,4,Armored Vehicle,Operational,1,1,1.0
150238.95,7,21462.707142857143,11,Tank,Maintenance,0,0,0.01
408612.93,17,24036.054705882358,20,Tank,Operational,1,1,1.0
201930.76,7,28847.25142857143,5,Tank,Out of Service,0,0,0.01
40233.41,2,20116.705,4,Tank,Operational,0,0,0.0
151840.17,7,21691.45285714286,8,Generator,Maintenance,0,0,0.03
291106.99,8,36388.37375,9,Radar,Operational,1,1,0.975
253301.9,10,25330.19,13,Armored Vehicle,Operational,1,1,0.995
177372.38,7,25338.911428571428,9,Radar,Operational,0,0,0.0
145361.93,5,29072.386,17,Generator,Maintenance,0,0,0.0
291888.16,7,41698.30857142857,17,Truck,Operational,0,0,0.005
80856.37,4,20214.0925,15,Truck,Operational,0,0,0.0
0.0,0,0.0,3,Truck,Operational,0,0,0.0
201170.33,13,15474.640769230768,19,Missile Launcher,Operational,1,1,1.0
147743.09,4,36935.7725,3,Generator,Operational,0,0,0.0
40825.97,2,20412.985,19,Missile Launcher,Operational,0,0,0.0
317902.39,14,22707.31357142857,8,Generator,Operational,1,1,1.0
293998.31,7,41999.758571428574,12,Truck,Operational,0,0,0.0
0.0,0,0.0,3,Tank,Operational,0,0,0.0
20888.15,1,20888.15,10,Radar,Operational,0,0,0.0
45585.7,3,15195.233333333332,8,Radar,Maintenance,0,0,0.0
105232.72,3,35077.573333333334,10,Generator,Operational,0,0,0.0
72560.56,3,24186.853333333333,10,Armored Vehicle,Operational,0,0,0.0
123899.31,4,30974.8275,17,Communication System,Operational,0,0,0.0
210667.68,9,23407.52,3,Communication System,Operational,1,1,1.0
746401.11,17,43905.94764705882,15,Communication System,Operational,1,1,1.0
295632.53,7,42233.21857142857,21,Tank,Maintenance,0,0,0.02
94497.69,3,31499.23,1,Missile Launcher,Operational,0,0,0.0
615228.7,14,43944.90714285714,8,Generator,Operational,1,1,1.0
672035.51,15,44802.367333333335,7,Communication System,Operational,1,1,1.0
61814.84,3,20604.946666666667,19,Communication System,Operational,0,0,0.0
561426.64,12,46785.55333333334,5,Generator,Maintenance,1,1,1.0
73188.04,3,24396.01333333333,15,Communication System,Operational,0,0,0.0
742056.01,19,39055.57947368421,15,Tank,Operational,1,1,1.0
33360.71,1,33360.71,19,Tank,Maintenance,0,0,0.0
112718.19,3,37572.73,5,Truck,Operational,0,0,0.0
269116.68,6,44852.78,15,Generator,Operational,0,0,0.0
43581.43,2,21790.715,20,Armored Vehicle,Operational,0,0,0.0
143878.05,3,47959.35,16,Radar,Operational,0,0,0.0
149176.26,3,49725.420000000006,4,Radar,Operational,0,0,0.0
97600.96,2,48800.48,15,Communication System,Operational,0,0,0.0
54299.62,2,27149.81,13,Drone,Maintenance,0,0,0.0
139954.05,4,34988.5125,2,Communication System,Operational,0,0,0.0
275038.63,6,45839.77166666667,21,Tank,Out of Service,0,0,0.005
494160.31,10,49416.031,10,Missile Launcher,Operational,1,1,1.0
433913.5,15,28927.566666666666,13,Tank,Operational,1,1,1.0
0.0,0,0.0,10,Missile Launcher,Operational,0,0,0.0
126379.11,4,31594.7775,6,Communication System,Operational,0,0,0.0
138391.11,3,46130.37,18,Missile Launcher,Out of Service,0,0,0.0
347679.84,7,49668.548571428575,3,Armored Vehicle,Operational,0,0,0.0
0.0,0,0.0,15,Generator,Out of Service,0,0,0.0
516398.72,18,28688.81777777777,1,Missile Launcher,Out of Service,1,1,1.0
337842.83,8,42230.35375,1,Missile Launcher,Maintenance,1,1,0.975
294928.13,9,32769.792222222226,14,Tank,Operational,1,1,1.0
572697.16,13,44053.627692307695,5,Armored Vehicle,Operational,1,1,1.0
33225.53,1,33225.53,18,Tank,Operational,0,0,0.0
73815.95,4,18453.9875,14,Armored Vehicle,Operational,0,0,0.0
64062.94,2,32031.47,17,Drone,Operational,0,0,0.0
339807.36,11,30891.578181818182,13,Tank,Operational,1,1,1.0
0.0,0,0.0,21,Truck,Maintenance,0,0,0.0
182437.94,5,36487.588,19,Armored Vehicle,Operational,0,0,0.0
35504.87,2,17752.435,1,Missile Launcher,Operational,0,0,0.0
86532.19,2,43266.095,11,Truck,Maintenance,0,0,0.0
95599.46,4,23899.865,18,Radar,Operational,0,0,0.0
265644.58,8,33205.5725,13,Tank,Operational,1,1,1.0
41043.94,1,41043.94,5,Drone,Maintenance,0,0,0.0
219514.73,6,36585.78833333334,10,Tank,Operational,0,0,0.0
190914.82,4,47728.705,5,Missile Launcher,Operational,0,0,0.0
127309.12,3,42436.37333333333,5,Generator,Operational,0,0,0.0
62167.28,2,31083.64,4,Tank,Operational,0,0,0.0
219671.87,5,43934.374,7,Radar,Operational,0,0,0.0
22373.15,1,22373.15,3,Communication System,Operational,0,0,0.0
221326.38,6,36887.73,2,Radar,Operational,0,0,0.0
0.0,0,0.0,2,Radar,Operational,0,0,0.0
583708.74,18,32428.26333333333,11,Generator,Operational,1,1,1.0
169721.45,5,33944.29,18,Missile Launcher,Maintenance,0,0,0.0
451686.18,10,45168.618,10,Generator,Operational,1,1,1.0
129534.14,4,32383.535,4,Radar,Operational,0,0,0.0
34591.92,1,34591.92,7,Radar,Operational,0,0,0.0
382374.9,18,21243.050000000003,18,Communication System,Operational,1,1,1.0
54346.08,2,27173.04,12,Tank,Operational,0,0,0.0
0.0,0,0.0,14,Communication System,Operational,0,0,0.0
199491.05,8,24936.38125,13,Armored Vehicle,Operational,1,1,0.99
0.0,0,0.0,14,Missile Launcher,Operational,0,0,0.0
305356.38,7,43622.34,15,Truck,Operational,0,0,0.005
244907.7,6,40817.95,6,Communication System,Operational,0,0,0.0
186296.61,4,46574.1525,11,Tank,Operational,0,0,0.0
46870.4,2,23435.2,15,Armored Vehicle,Operational,0,0,0.0
111676.83,6,18612.805,15,Communication System,Operational,0,0,0.0
390808.69,10,39080.869,5,Tank,Operational,1,1,1.0
18562.3,1,18562.3,11,Truck,Operational,0,0,0.0
35668.78,1,35668.78,9,Armored Vehicle,Operational,0,0,0.0
147537.71,5,29507.542,3,Missile Launcher,Operational,0,0,0.0
110011.49,5,22002.298000000003,2,Generator,Operational,0,0,0.0
183054.29,6,30509.048333333336,10,Armored Vehicle,Operational,0,0,0.0
887039.74,20,44351.987,8,Drone,Maintenance,1,1,1.0
87739.37,3,29246.456666666665,13,Tank,Operational,0,0,0.0
74002.17,3,24667.39,8,Generator,Operational,0,0,0.0
61043.34,4,15260.835,15,Armored Vehicle,Operational,0,0,0.0
585699.65,19,30826.297368421056,12,Truck,Operational,1,1,1.0
328227.5,14,23444.821428571428,4,Radar,Maintenance,1,1,0.995
104047.67,4,26011.9175,4,Generator,Operational,0,0,0.0
115258.66,4,28814.665,18,Communication System,Operational,0,0,0.0
25918.3,1,25918.3,3,Generator,Operational,0,0,0.0
20854.74,1,20854.74,13,Communication System,Operational,0,0,0.0
73677.06,4,18419.265,19,Radar,Operational,0,0,0.0
59296.11,2,29648.055,21,Armored Vehicle,Out of Service,0,0,0.0
0.0,0,0.0,19,Drone,Operational,0,0,0.0
111552.2,3,37184.066666666666,12,Armored Vehicle,Operational,0,0,0.0
685443.17,16,42840.198125,1,Truck,Operational,1,1,1.0
150316.51,4,37579.1275,6,Missile Launcher,Operational,0,0,0.0
39885.07,2,19942.535,13,Communication System,Operational,0,0,0.0
288779.98,10,28877.998,21,Missile Launcher,Maintenance,1,1,1.0
279116.66,11,25374.241818181818,21,Armored Vehicle,Operational,1,1,1.0
166985.74,7,23855.105714285717,6,Generator,Maintenance,0,0,0.02
174245.4,7,24892.2,8,Drone,Operational,0,0,0.0
71130.23,2,35565.115,7,Tank,Operational,0,0,0.0
0.0,0,0.0,18,Communication System,Operational,0,0,0.0
0.0,0,0.0,5,Radar,Operational,0,0,0.0
265777.47,7,37968.21,15,Drone,Maintenance,0,0,0.02
61323.29,2,30661.645,18,Radar,Maintenance,0,0,0.0
145924.16,3,48641.386666666665,18,Radar,Operational,0,0,0.0
220685.8,5,44137.16,6,Tank,Operational,0,0,0.0
46679.41,3,15559.803333333335,1,Armored Vehicle,Operational,0,0,0.0
99540.36,5,19908.072,9,Generator,Operational,0,0,0.0
117244.8,4,29311.2,21,Tank,Operational,0,0,0.0
120413.13,3,40137.71,16,Truck,Operational,0,0,0.0
64922.3,2,32461.15,12,Tank,Operational,0,0,0.0
362241.93,9,40249.10333333333,18,Truck,Out of Service,1,1,1.0
38968.97,1,38968.97,8,Tank,Operational,0,0,0.0
62420.13,2,31210.065,19,Armored Vehicle,Operational,0,0,0.0
95020.99,2,47510.495,19,Radar,Operational,0,0,0.0
190067.73,11,17278.884545454548,20,Truck,Operational,1,1,1.0
150756.05,7,21536.57857142857,8,Drone,Maintenance,0,0,0.01
40067.96,1,40067.96,10,Missile Launcher,Operational,0,0,0.0
77576.71,2,38788.355,1,Truck,Operational,0,0,0.0
182111.19,9,20234.576666666668,1,Radar,Operational,1,1,1.0
491926.62,15,32795.108,21,Tank,Operational,1,1,1.0
53889.04,2,26944.52,20,Armored Vehicle,Maintenance,0,0,0.0
750997.44,16,46937.34,2,Truck,Operational,1,1,1.0
377626.23,8,47203.27875,17,Radar,Maintenance,1,1,1.0
95141.85,2,47570.925,4,Tank,Operational,0,0,0.0
135351.68,3,45117.22666666666,21,Communication System,Operational,0,0,0.0
611297.73,14,43664.12357142857,13,Armored Vehicle,Operational,1,1,1.0
34950.81,2,17475.405,9,Generator,Operational,0,0,0.0
248393.14,6,41398.85666666667,12,Communication System,Maintenance,0,0,0.005
0.0,0,0.0,2,Truck,Out of Service,0,0,0.0
90712.22,5,18142.444,7,Tank,Out of Service,0,0,0.0
88319.13,3,29439.710000000003,7,Generator,Operational,0,0,0.0
191120.35,4,47780.0875,17,Missile Launcher,Operational,0,0,0.0
517003.77,13,39769.52076923077,2,Armored Vehicle,Operational,1,1,1.0
379343.79,15,25289.586,20,Truck,Maintenance,1,1,1.0
149936.76,8,18742.095,13,Generator,Maintenance,1,1,0.99
130044.75,3,43348.25,3,Truck,Operational,0,0,0.0
281704.22,7,40243.46,10,Communication System,Operational,0,0,0.005
446485.59,9,49609.51,11,Armored Vehicle,Operational,1,1,1.0
92417.08,3,30805.693333333333,18,Communication System,Operational,0,0,0.0
72806.7,4,18201.675,12,Communication System,Operational,0,0,0.0
149182.14,6,24863.69,17,Communication System,Out of Service,0,0,0.005
127637.07,4,31909.2675,2,Generator,Operational,0,0,0.0
262100.42,6,43683.403333333335,5,Drone,Operational,0,0,0.0
88627.3,2,44313.65,9,Communication System,Operational,0,0,0.0
0.0,0,0.0,13,Armored Vehicle,Operational,0,0,0.0
755614.42,19,39769.18,5,Missile Launcher,Operational,1,1,1.0
289767.55,6,48294.59166666667,21,Missile Launcher,Maintenance,0,0,0.015
0.0,0,0.0,15,Tank,Operational,0,0,0.0
290580.75,13,22352.365384615383,10,Missile Launcher,Maintenance,1,1,0.995
0.0,0,0.0,9,Missile Launcher,Operational,0,0,0.0
124439.88,4,31109.97,9,Communication System,Operational,0,0,0.0
78283.34,2,39141.67,17,Generator,Out of Service,0,0,0.0
178371.96,6,29728.66,6,Communication System,Operational,0,0,0.0
98425.28,2,49212.64,3,Communication System,Operational,0,0,0.0
43603.43,2,21801.715,17,Armored Vehicle,Maintenance,0,0,0.0
34256.53,1,34256.53,2,Drone,Maintenance,0,0,0.0
425684.84,9,47298.31555555556,11,Tank,Operational,1,1,1.0
542114.14,13,41701.087692307694,4,Armored Vehicle,Operational,1,1,1.0
327092.37,7,46727.48142857143,3,Drone,Operational,0,0,0.01
78578.82,5,15715.764,1,Radar,Operational,0,0,0.0
366161.94,8,45770.2425,20,Armored Vehicle,Operational,1,1,1.0
62014.09,2,31007.045,5,Armored Vehicle,Operational,0,0,0.0
633870.84,13,48759.29538461538,7,Missile Launcher,Maintenance,1,1,1.0
86075.41,2,43037.705,1,Tank,Operational,0,0,0.0
0.0,0,0.0,14,Generator,Operational,0,0,0.0
54723.94,3,18241.31333333333,12,Radar,Maintenance,0,0,0.0
345312.87,9,38368.096666666665,21,Drone,Operational,1,1,1.0
530564.24,12,44213.68666666667,5,Armored Vehicle,Operational,1,1,1.0
133630.29,7,19090.04142857143,1,Radar,Operational,0,0,0.0
128986.89,8,16123.36125,13,Generator,Operational,1,1,1.0
76327.97,3,25442.656666666662,8,Communication System,Operational,0,0,0.0
33518.92,1,33518.92,4,Drone,Operational,0,0,0.0
184964.1,4,46241.025,15,Communication System,Operational,0,0,0.0
245481.24,6,40913.54,13,Armored Vehicle,Operational,0,0,0.0
393632.02,18,21868.44555555556,18,Drone,Operational,1,1,1.0
147941.61,5,29588.322,18,Missile Launcher,Out of Service,0,0,0.0
77356.7,4,19339.175,9,Tank,Out of Service,0,0,0.0
71372.38,2,35686.19,12,Generator,Operational,0,0,0.0
167597.05,4,41899.2625,3,Truck,Maintenance,0,0,0.0
22100.56,1,22100.56,15,Missile Launcher,Operational,0,0,0.0
670062.16,15,44670.81066666667,20,Drone,Maintenance,1,1,1.0
120126.23,3,40042.07666666667,5,Drone,Out of Service,0,0,0.0
188422.32,4,47105.58,15,Armored Vehicle,Operational,0,0,0.0
47175.97,2,23587.985,11,Missile Launcher,Maintenance,0,0,0.0
37305.2,1,37305.2,15,Armored Vehicle,Operational,0,0,0.0
331343.22,9,36815.91333333333,15,Radar,Operational,1,1,1.0
54933.04,3,18311.01333333333,5,Armored Vehicle,Operational,0,0,0.0
58580.48,2,29290.24,9,Truck,Operational,0,0,0.0
157591.31,9,17510.145555555555,2,Generator,Operational,1,1,1.0
45502.23,1,45502.23,19,Truck,Operational,0,0,0.0
37366.89,1,37366.89,8,Truck,Operational,0,0,0.0
250066.21,8,31258.27625,15,Drone,Operational,1,1,0.99
566589.24,15,37772.616,1,Communication System,Operational,1,1,1.0
86975.94,2,43487.97,15,Armored Vehicle,Operational,0,0,0.0
0.0,0,0.0,2,Radar,Maintenance,0,0,0.0
126311.24,7,18044.46285714286,14,Armored Vehicle,Operational,0,0,0.0
71966.67,2,35983.335,10,Armored Vehicle,Operational,0,0,0.0
0.0,0,0.0,5,Missile Launcher,Maintenance,0,0,0.0
0.0,0,0.0,9,Tank,Operational,0,0,0.0
66060.46,3,22020.153333333332,2,Truck,Operational,0,0,0.0
44114.84,1,44114.84,20,Radar,Maintenance,0,0,0.0
152651.55,4,38162.8875,6,Communication System,Maintenance,0,0,0.0
143575.39,5,28715.078,20,Armored Vehicle,Maintenance,0,0,0.0
153348.83,5,30669.766,18,Armored Vehicle,Out of Service,0,0,0.0
135393.68,3,45131.22666666666,21,Armored Vehicle,Maintenance,0,0,0.0
254613.59,6,42435.598333333335,5,Generator,Out of Service,0,0,0.005
46687.09,3,15562.363333333333,2,Tank,Operational,0,0,0.0
170655.7,9,18961.744444444445,21,Armored Vehicle,Maintenance,1,1,0.985
223093.48,9,24788.164444444446,4,Generator,Out of Service,1,1,0.99
0.0,0,0.0,18,Generator,Operational,0,0,0.0
73981.2,3,24660.4,17,Communication System,Out of Service,0,0,0.0
199095.62,5,39819.124,20,Drone,Maintenance,0,0,0.0
115158.99,3,38386.33,19,Generator,Out of Service,0,0,0.0
271742.11,8,33967.76375,5,Radar,Operational,1,1,1.0
249822.82,8,31227.8525,7,Generator,Operational,1,1,0.995
55408.18,3,18469.393333333333,10,Truck,Operational,0,0,0.0
90671.45,6,15111.908333333333,7,Tank,Operational,0,0,0.0
146203.29,7,20886.184285714287,20,Generator,Operational,0,0,0.0
176656.7,4,44164.175,15,Communication System,Operational,0,0,0.0
108760.92,5,21752.184,2,Generator,Maintenance,0,0,0.0
369511.39,8,46188.92375,16,Communication System,Operational,1,1,1.0
55467.99,3,18489.33,7,Armored Vehicle,Operational,0,0,0.0
24863.29,1,24863.29,12,Tank,Out of Service,0,0,0.005
145797.57,6,24299.595,18,Generator,Operational,0,0,0.0
0.0,0,0.0,1,Generator,Operational,0,0,0.0
29413.7,1,29413.7,15,Tank,Operational,0,0,0.0
31215.95,2,15607.975,9,Armored Vehicle,Operational,0,0,0.0
39216.61,1,39216.61,4,Drone,Operational,0,0,0.0
123582.07,3,41194.02333333334,10,Communication System,Operational,0,0,0.0
420914.91,15,28060.994,10,Drone,Operational,1,1,1.0
63407.9,2,31703.95,11,Drone,Operational,0,0,0.0
144025.38,9,16002.82,9,Missile Launcher,Operational,1,1,1.0
246388.01,6,41064.668333333335,16,Drone,Maintenance,0,0,0.005
116532.15,5,23306.43,15,Truck,Operational,0,0,0.0
46462.28,1,46462.28,20,Truck,Operational,0,0,0.0
258119.78,6,43019.96333333333,19,Truck,Operational,0,0,0.0
188529.89,6,31421.64833333333,12,Generator,Operational,0,0,0.0
149362.74,3,49787.58,15,Armored Vehicle,Operational,0,0,0.0
402837.6,11,36621.6,12,Drone,Operational,1,1,1.0
340962.88,9,37884.764444444445,15,Truck,Maintenance,1,1,0.995
200052.54,5,40010.508,9,Radar,Maintenance,0,0,0.005
118115.23,3,39371.74333333333,21,Drone,Maintenance,0,0,0.0
59332.43,3,19777.476666666666,14,Missile Launcher,Out of Service,0,0,0.0
143003.99,3,47667.996666666666,4,Communication System,Operational,0,0,0.0
94070.91,2,47035.455,3,Armored Vehicle,Operational,0,0,0.0
505420.81,17,29730.63588235294,7,Truck,Operational,1,1,1.0
0.0,0,0.0,15,Armored Vehicle,Out of Service,0,0,0.0
219241.14,5,43848.228,19,Tank,Operational,0,0,0.0
309571.14,8,38696.3925,9,Generator,Operational,1,1,1.0
59630.51,3,19876.836666666662,3,Armored Vehicle,Operational,0,0,0.0
36068.21,1,36068.21,4,Armored Vehicle,Operational,0,0,0.0
68837.51,2,34418.755,13,Truck,Operational,0,0,0.0
52835.27,3,17611.756666666664,14,Armored Vehicle,Operational,0,0,0.0
196609.64,9,21845.51555555556,15,Truck,Operational,1,1,1.0
146069.55,6,24344.925,12,Truck,Operational,0,0,0.0
128267.15,3,42755.71666666667,19,Communication System,Out of Service,0,0,0.005
62954.26,4,15738.565,7,Generator,Operational,0,0,0.0
204911.64,9,22767.960000000003,18,Communication System,Operational,1,1,1.0
187239.69,4,46809.9225,16,Drone,Operational,0,0,0.0
292054.3,14,20861.02142857143,17,Generator,Maintenance,1,1,0.995
226197.71,5,45239.542,2,Tank,Operational,0,0,0.0
261015.19,6,43502.53166666667,12,Armored Vehicle,Operational,0,0,0.0
716835.48,19,37728.18315789474,21,Tank,Maintenance,1,1,1.0
118532.18,3,39510.72666666666,14,Generator,Operational,0,0,0.0
184572.1,9,20508.01111111111,11,Communication System,Operational,1,1,1.0
241428.93,5,48285.786,3,Truck,Operational,0,0,0.0
89470.75,2,44735.375,7,Radar,Operational,0,0,0.0
699980.23,18,38887.79055555556,7,Tank,Out of Service,1,1,1.0
100259.92,3,33419.973333333335,21,Tank,Operational,0,0,0.0
79132.74,4,19783.185,20,Drone,Maintenance,0,0,0.0
102879.01,3,34293.003333333334,15,Communication System,Operational,0,0,0.0
148959.96,3,49653.32,2,Generator,Operational,0,0,0.0
104540.94,3,34846.98,10,Drone,Operational,0,0,0.0
65479.58,4,16369.895,19,Generator,Maintenance,0,0,0.0
0.0,0,0.0,6,Communication System,Operational,0,0,0.0
317791.42,7,45398.77428571428,11,Truck,Operational,0,0,0.0
92798.68,4,23199.67,4,Generator,Operational,0,0,0.0
348709.42,14,24907.815714285716,4,Tank,Operational,1,1,1.0
56423.67,2,28211.835,14,Generator,Maintenance,0,0,0.0
279437.06,7,39919.58,18,Armored Vehicle,Operational,0,0,0.005
340101.47,9,37789.05222222222,21,Generator,Operational,1,1,0.995
78693.46,2,39346.73,2,Generator,Operational,0,0,0.0
48400.43,1,48400.43,3,Drone,Operational,0,0,0.0
58879.19,2,29439.595,8,Armored Vehicle,Operational,0,0,0.0
173128.17,7,24732.595714285715,9,Tank,Operational,0,0,0.0
93486.93,3,31162.31,9,Missile Launcher,Operational,0,0,0.0
67583.57,2,33791.785,11,Tank,Operational,0,0,0.0
260070.72,10,26007.072,6,Missile Launcher,Out of Service,1,1,0.985
69278.35,4,17319.5875,19,Drone,Maintenance,0,0,0.0
268790.66,7,38398.66571428571,15,Generator,Operational,0,0,0.0
287735.26,7,41105.037142857145,21,Tank,Out of Service,0,0,0.02
42430.22,1,42430.22,20,Tank,Operational,0,0,0.0
75566.85,2,37783.425,10,Radar,Maintenance,0,0,0.0
685103.57,19,36058.08263157895,5,Communication System,Operational,1,1,1.0
20934.01,1,20934.01,17,Missile Launcher,Operational,0,0,0.0
367594.16,13,28276.473846153844,9,Missile Launcher,Operational,1,1,1.0
830396.17,18,46133.12055555556,17,Armored Vehicle,Operational,1,1,1.0
121398.73,4,30349.6825,20,Missile Launcher,Maintenance,0,0,0.0
436633.47,9,48514.83,3,Communication System,Operational,1,1,1.0
108423.47,4,27105.8675,15,Tank,Operational,0,0,0.0
200917.88,6,33486.31333333333,20,Armored Vehicle,Operational,0,0,0.0
0.0,0,0.0,8,Armored Vehicle,Operational,0,0,0.0
180075.94,8,22509.4925,6,Tank,Operational,1,1,1.0
57708.7,3,19236.233333333334,7,Truck,Operational,0,0,0.0
66339.61,2,33169.805,10,Armored Vehicle,Operational,0,0,0.0
57006.86,3,19002.286666666667,17,Radar,Maintenance,0,0,0.0
51273.14,2,25636.57,12,Missile Launcher,Operational,0,0,0.0
679827.56,18,37768.19777777778,18,Truck,Maintenance,1,1,1.0
61810.36,4,15452.59,9,Missile Launcher,Operational,0,0,0.0
282388.79,7,40341.25571428571,7,Truck,Out of Service,0,0,0.02
96805.35,3,32268.45,4,Truck,Maintenance,0,0,0.0
148883.62,4,37220.905,13,Truck,Operational,0,0,0.005
143309.59,3,47769.863333333335,20,Generator,Operational,0,0,0.0
239706.82,7,34243.83142857143,13,Radar,Operational,0,0,0.0
205050.47,5,41010.094,5,Generator,Operational,0,0,0.0
181562.36,7,25937.48,1,Missile Launcher,Operational,0,0,0.02
184259.9,6,30709.983333333334,17,Communication System,Operational,0,0,0.0
86823.06,4,21705.765,13,Radar,Out of Service,0,0,0.0
321711.34,7,45958.76285714286,21,Missile Launcher,Operational,0,0,0.01
24815.59,1,24815.59,15,Tank,Operational,0,0,0.0
479698.27,11,43608.93363636364,20,Missile Launcher,Operational,1,1,1.0
161882.46,5,32376.492,10,Missile Launcher,Out of Service,0,0,0.005
513605.84,14,36686.13142857143,9,Drone,Maintenance,1,1,1.0
96641.04,3,32213.68,19,Drone,Maintenance,0,0,0.0
31137.22,1,31137.22,18,Tank,Operational,0,0,0.0
182755.35,5,36551.07,17,Generator,Maintenance,0,0,0.0
0.0,0,0.0,5,Radar,Operational,0,0,0.0
298939.22,7,42705.60285714285,14,Radar,Operational,0,0,0.005
42139.21,2,21069.605,17,Truck,Out of Service,0,0,0.0
33082.54,1,33082.54,3,Tank,Operational,0,0,0.0
184476.15,4,46119.0375,5,Drone,Operational,0,0,0.0
346221.92,13,26632.455384615383,9,Communication System,Operational,1,1,0.995
214335.67,8,26791.95875,1,Tank,Operational,1,1,0.99
110032.24,3,36677.41333333334,2,Truck,Operational,0,0,0.0
465600.32,10,46560.032,16,Armored Vehicle,Operational,1,1,0.995
36276.68,2,18138.34,21,Missile Launcher,Maintenance,0,0,0.0
226128.48,10,22612.848,21,Armored Vehicle,Operational,1,1,1.0
175370.66,6,29228.443333333333,7,Missile Launcher,Operational,0,0,0.0
232307.13,7,33186.73285714286,11,Missile Launcher,Operational,0,0,0.01
269765.54,9,29973.948888888888,20,Tank,Operational,1,1,1.0
45084.83,2,22542.415,6,Drone,Operational,0,0,0.0
278682.38,6,46447.06333333333,4,Generator,Operational,0,0,0.0
42860.85,1,42860.85,7,Armored Vehicle,Operational,0,0,0.0
33810.12,1,33810.12,12,Truck,Maintenance,0,0,0.0
210692.69,6,35115.448333333334,19,Drone,Operational,0,0,0.0
31016.93,2,15508.465,17,Truck,Operational,0,0,0.005
47225.01,3,15741.67,14,Missile Launcher,Operational,0,0,0.0
375743.89,14,26838.84928571429,15,Missile Launcher,Operational,1,1,1.0
127780.36,7,18254.337142857144,12,Drone,Operational,0,0,0.005
268196.63,17,15776.272352941176,17,Tank,Maintenance,1,1,1.0
90382.81,4,22595.7025,15,Armored Vehicle,Operational,0,0,0.0
533799.79,20,26689.989500000003,19,Communication System,Operational,1,1,1.0
90420.38,5,18084.076,15,Communication System,Maintenance,0,0,0.0
73039.69,3,24346.56333333333,19,Radar,Operational,0,0,0.0
127592.21,3,42530.73666666667,4,Truck,Maintenance,0,0,0.0
412303.67,18,22905.759444444444,1,Generator,Operational,1,1,1.0
207628.18,6,34604.69666666666,6,Communication System,Operational,0,0,0.0
32034.61,2,16017.305,5,Drone,Operational,0,0,0.0
19116.52,1,19116.52,14,Armored Vehicle,Operational,0,0,0.0
257402.19,8,32175.27375,6,Missile Launcher,Operational,1,1,0.995
141395.0,3,47131.66666666666,2,Drone,Operational,0,0,0.0
62191.55,4,15547.8875,13,Radar,Operational,0,0,0.0
0.0,0,0.0,14,Missile Launcher,Operational,0,0,0.0
154373.62,6,25728.936666666665,3,Tank,Operational,0,0,0.0
33591.31,1,33591.31,19,Armored Vehicle,Maintenance,0,0,0.0
46358.61,3,15452.87,21,Drone,Maintenance,0,0,0.005
58534.7,3,19511.566666666666,3,Truck,Operational,0,0,0.0
498108.27,19,26216.224736842105,1,Generator,Maintenance,1,1,1.0
116189.52,3,38729.84,10,Truck,Operational,0,0,0.0
184442.46,4,46110.615,18,Armored Vehicle,Maintenance,0,0,0.0
236865.96,8,29608.245,1,Radar,Operational,1,1,0.99
197234.52,6,32872.42,5,Generator,Operational,0,0,0.005
162773.34,4,40693.335,12,Truck,Operational,0,0,0.0
172470.96,4,43117.74,1,Communication System,Operational,0,0,0.0
0.0,0,0.0,2,Generator,Operational,0,0,0.0
125955.73,3,41985.24333333333,11,Generator,Operational,0,0,0.0
396614.2,8,49576.775,2,Missile Launcher,Operational,1,1,0.995
59447.14,3,19815.713333333333,12,Missile Launcher,Operational,0,0,0.0
148505.95,4,37126.4875,21,Truck,Maintenance,0,0,0.0
189728.14,6,31621.35666666667,4,Generator,Operational,0,0,0.0
238333.99,9,26481.55444444444,14,Tank,Operational,1,1,1.0
48412.75,3,16137.583333333334,5,Missile Launcher,Operational,0,0,0.0
61053.49,2,30526.745,9,Missile Launcher,Maintenance,0,0,0.0
65984.02,3,21994.673333333336,6,Communication System,Operational,0,0,0.0
348216.45,9,38690.71666666667,15,Tank,Operational,1,1,1.0
394659.67,8,49332.45875,17,Generator,Out of Service,1,1,0.995
436585.39,11,39689.58090909091,10,Missile Launcher,Operational,1,1,1.0
35081.36,2,17540.68,13,Drone,Operational,0,0,0.0
112649.12,4,28162.28,19,Drone,Operational,0,0,0.0
94049.85,2,47024.925,8,Radar,Operational,0,0,0.0
113435.2,3,37811.73333333333,2,Truck,Operational,0,0,0.0
147790.58,3,49263.526666666665,5,Armored Vehicle,Operational,0,0,0.0
67589.17,3,22529.72333333333,13,Missile Launcher,Operational,0,0,0.0
155122.55,7,22160.364285714284,18,Missile Launcher,Maintenance,0,0,0.04
80045.44,3,26681.81333333333,2,Radar,Operational,0,0,0.0
195634.24,9,21737.137777777774,7,Drone,Out of Service,1,1,0.995
107683.41,3,35894.47,5,Generator,Operational,0,0,0.0
339478.87,7,48496.98142857143,13,Armored Vehicle,Operational,0,0,0.02
33959.26,1,33959.26,1,Armored Vehicle,Maintenance,0,0,0.0
97020.7,6,16170.116666666669,15,Truck,Operational,0,0,0.0
171901.75,8,21487.71875,10,Truck,Operational,1,1,0.99
0.0,0,0.0,10,Armored Vehicle,Operational,0,0,0.0
154087.51,4,38521.8775,11,Missile Launcher,Operational,0,0,0.0
481610.07,14,34400.71928571429,19,Drone,Operational,1,1,1.0
24230.15,1,24230.15,1,Armored Vehicle,Maintenance,0,0,0.0
253387.48,7,36198.21142857143,3,Communication System,Operational,0,0,0.01
51047.38,2,25523.69,2,Missile Launcher,Operational,0,0,0.0
73810.49,3,24603.49666666667,7,Tank,Operational,0,0,0.0
127657.09,4,31914.2725,11,Communication System,Operational,0,0,0.0
54711.09,2,27355.545,12,Tank,Maintenance,0,0,0.0
39997.03,2,19998.515,18,Truck,Operational,0,0,0.0
91976.8,6,15329.466666666667,8,Truck,Operational,0,0,0.0
390399.66,13,30030.743076923078,9,Tank,Operational,1,1,1.0
557735.84,17,32807.99058823529,10,Radar,Operational,1,1,1.0
129494.64,4,32373.66,13,Armored Vehicle,Operational,0,0,0.0
162088.81,4,40522.2025,15,Missile Launcher,Operational,0,0,0.0
0.0,0,0.0,7,Generator,Operational,0,0,0.0
449513.65,14,32108.117857142857,19,Armored Vehicle,Maintenance,1,1,1.0
220151.37,12,18345.9475,13,Communication System,Operational,1,1,1.0
595658.51,14,42547.03642857143,14,Radar,Operational,1,1,1.0
49249.16,3,16416.38666666667,18,Communication System,Maintenance,0,0,0.0
68851.75,4,17212.9375,15,Tank,Operational,0,0,0.0
33566.59,2,16783.295,20,Truck,Maintenance,0,0,0.0
74986.05,3,24995.35,21,Tank,Operational,0,0,0.0
90729.14,3,30243.046666666665,7,Armored Vehicle,Operational,0,0,0.005
74331.16,2,37165.58,16,Generator,Operational,0,0,0.0
85430.86,3,28476.95333333333,8,Truck,Operational,0,0,0.0
35509.44,1,35509.44,3,Communication System,Operational,0,0,0.0
72749.19,2,36374.595,12,Communication System,Operational,0,0,0.0
267927.16,7,38275.30857142857,21,Armored Vehicle,Operational,0,0,0.015
119657.96,6,19942.993333333336,12,Drone,Operational,0,0,0.0
16269.65,1,16269.65,9,Missile Launcher,Operational,0,0,0.0
422013.95,12,35167.82916666667,4,Drone,Operational,1,1,1.0
0.0,0,0.0,4,Generator,Operational,0,0,0.0
68091.13,2,34045.565,2,Truck,Out of Service,0,0,0.0
145917.67,3,48639.223333333335,1,Drone,Operational,0,0,0.0
97250.45,4,24312.6125,14,Tank,Operational,0,0,0.0
542018.9,14,38715.63571428572,5,Drone,Maintenance,1,1,1.0
67408.83,3,22469.61,7,Tank,Operational,0,0,0.0
255329.09,7,36475.584285714285,18,Tank,Operational,0,0,0.015
182438.98,6,30406.49666666667,9,Armored Vehicle,Operational,0,0,0.0
166666.22,9,18518.46888888889,19,Armored Vehicle,Out of Service,1,1,0.975
601427.81,15,40095.187333333335,4,Drone,Operational,1,1,1.0
591817.85,12,49318.15416666667,21,Truck,Operational,1,1,0.995
216227.59,9,24025.287777777776,17,Tank,Operational,1,1,0.995
151200.57,5,30240.114,1,Missile Launcher,Operational,0,0,0.0
189902.88,4,47475.72,13,Missile Launcher,Operational,0,0,0.0
122125.18,3,40708.39333333333,6,Missile Launcher,Operational,0,0,0.0
340020.98,16,21251.31125,14,Radar,Operational,1,1,1.0
0.0,0,0.0,15,Drone,Maintenance,0,0,0.0
0.0,0,0.0,10,Drone,Operational,0,0,0.0
256040.16,9,28448.906666666662,13,Drone,Operational,1,1,1.0
377774.77,9,41974.97444444445,11,Missile Launcher,Operational,1,1,0.995
138899.9,4,34724.975,5,Communication System,Operational,0,0,0.0
634066.32,15,42271.088,18,Truck,Out of Service,1,1,0.995
245243.5,10,24524.35,12,Radar,Maintenance,1,1,1.0
173822.4,4,43455.6,14,Missile Launcher,Operational,0,0,0.0
136559.62,9,15173.29111111111,4,Generator,Operational,1,1,0.99
475543.44,17,27973.143529411765,14,Communication System,Operational,1,1,1.0
34057.08,2,17028.54,6,Tank,Operational,0,0,0.0
239698.6,8,29962.325,11,Truck,Operational,1,1,0.995
833851.76,20,41692.588,10,Communication System,Operational,1,1,1.0
613714.67,15,40914.31133333334,9,Armored Vehicle,Operational,1,1,1.0
639460.79,14,45675.77071428572,7,Radar,Operational,1,1,1.0
144275.23,7,20610.747142857144,8,Truck,Out of Service,0,0,0.01
394007.32,13,30308.255384615382,2,Generator,Operational,1,1,1.0
113668.07,4,28417.0175,17,Drone,Maintenance,0,0,0.0
397496.71,18,22083.15055555556,12,Generator,Operational,1,1,1.0
114232.61,4,28558.1525,5,Armored Vehicle,Operational,0,0,0.0
39142.96,1,39142.96,2,Generator,Operational,0,0,0.0
698739.51,18,38818.86166666666,15,Missile Launcher,Operational,1,1,0.995
0.0,0,0.0,5,Truck,Operational,0,0,0.0
0.0,0,0.0,1,Missile Launcher,Operational,0,0,0.0
87208.11,3,29069.37,7,Generator,Operational,0,0,0.0
320050.03,8,40006.25375,11,Radar,Operational,1,1,0.995
443126.97,11,40284.27,9,Truck,Maintenance,1,1,1.0
145272.8,3,48424.26666666666,18,Missile Launcher,Operational,0,0,0.0
70750.74,2,35375.37,4,Missile Launcher,Operational,0,0,0.0
256904.67,7,36700.66714285714,14,Armored Vehicle,Operational,0,0,0.015
134750.41,4,33687.6025,9,Radar,Operational,0,0,0.0
500037.19,13,38464.39923076923,10,Missile Launcher,Operational,1,1,1.0
37275.38,1,37275.38,9,Radar,Operational,0,0,0.0
153799.55,8,19224.94375,21,Communication System,Maintenance,1,1,0.975
528799.99,11,48072.72636363637,17,Armored Vehicle,Operational,1,1,1.0
201647.58,5,40329.516,14,Communication System,Operational,0,0,0.005
226617.55,7,32373.93571428571,15,Drone,Operational,0,0,0.0
0.0,0,0.0,4,Missile Launcher,Operational,0,0,0.0
31067.73,1,31067.73,3,Armored Vehicle,Operational,0,0,0.0
633504.9,17,37264.99411764706,18,Drone,Maintenance,1,1,1.0
248890.75,5,49778.15,11,Armored Vehicle,Operational,0,0,0.0
61405.76,2,30702.88,16,Communication System,Maintenance,0,0,0.0
61667.69,2,30833.845,17,Truck,Operational,0,0,0.0
645223.16,17,37954.303529411765,14,Generator,Operational,1,1,1.0
115213.71,5,23042.742,15,Drone,Operational,0,0,0.0
351857.73,11,31987.06636363636,2,Truck,Out of Service,1,1,1.0
124264.19,3,41421.39666666667,20,Communication System,Operational,0,0,0.005
207956.83,8,25994.60375,3,Generator,Operational,1,1,0.995
75439.29,3,25146.43,7,Armored Vehicle,Operational,0,0,0.0
0.0,0,0.0,8,Radar,Maintenance,0,0,0.0
0.0,0,0.0,5,Generator,Operational,0,0,0.0
532212.61,19,28011.19,16,Truck,Maintenance,1,1,1.0
440698.71,10,44069.871,1,Truck,Operational,1,1,1.0
650048.3,14,46432.02142857143,1,Tank,Out of Service,1,1,0.995
820679.82,20,41033.991,9,Armored Vehicle,Operational,1,1,1.0
571856.43,15,38123.762,15,Drone,Operational,1,1,1.0
61113.62,4,15278.405,1,Radar,Operational,0,0,0.0
135100.01,4,33775.0025,9,Missile Launcher,Operational,0,0,0.0
0.0,0,0.0,17,Drone,Maintenance,0,0,0.0
89493.9,4,22373.475,15,Tank,Operational,0,0,0.0
15545.49,1,15545.49,11,Armored Vehicle,Operational,0,0,0.0
210562.59,5,42112.518,1,Generator,Out of Service,0,0,0.01
755128.14,19,39743.58631578947,17,Radar,Maintenance,1,1,1.0
74163.48,2,37081.74,10,Armored Vehicle,Operational,0,0,0.0
164028.77,4,41007.1925,12,Missile Launcher,Operational,0,0,0.0
148993.43,6,24832.23833333333,13,Armored Vehicle,Operational,0,0,0.0
225136.39,9,25015.154444444444,14,Armored Vehicle,Operational,1,1,0.995
202535.38,5,40507.076,4,Radar,Operational,0,0,0.0
89218.82,2,44609.41,18,Missile Launcher,Operational,0,0,0.0
70308.83,4,17577.2075,3,Communication System,Operational,0,0,0.0
568998.88,12,47416.57333333333,8,Generator,Operational,1,1,1.0
501592.15,18,27866.23055555556,9,Missile Launcher,Out of Service,1,1,1.0
100223.29,4,25055.8225,10,Armored Vehicle,Operational,0,0,0.0
34649.19,2,17324.595,17,Truck,Operational,0,0,0.0
228139.46,5,45627.892,9,Generator,Operational,0,0,0.0
182224.41,4,45556.1025,1,Communication System,Operational,0,0,0.0
215927.93,9,23991.992222222223,18,Generator,Maintenance,1,1,0.995
346354.29,17,20373.78176470588,9,Truck,Operational,1,1,1.0
195658.94,9,21739.882222222222,8,Tank,Operational,1,1,1.0
95247.14,4,23811.785,8,Radar,Operational,0,0,0.0
606665.35,13,46666.56538461538,6,Armored Vehicle,Operational,1,1,1.0
171945.07,7,24563.58142857143,15,Communication System,Operational,0,0,0.0
17323.93,1,17323.93,16,Missile Launcher,Operational,0,0,0.005
40716.45,1,40716.45,4,Tank,Operational,0,0,0.0
0.0,0,0.0,20,Armored Vehicle,Operational,0,0,0.0
272914.35,16,17057.146875,20,Missile Launcher,Operational,1,1,1.0
214339.61,6,35723.26833333333,20,Armored Vehicle,Operational,0,0,0.005
118739.26,3,39579.75333333333,13,Radar,Operational,0,0,0.0
117814.39,3,39271.46333333333,19,Armored Vehicle,Maintenance,0,0,0.0
65753.75,2,32876.875,19,Missile Launcher,Operational,0,0,0.0
125278.23,4,31319.5575,4,Generator,Operational,0,0,0.0
289574.92,7,41367.84571428572,21,Armored Vehicle,Operational,0,0,0.005
294058.71,6,49009.785,17,Tank,Operational,0,0,0.005
0.0,0,0.0,8,Tank,Operational,0,0,0.0
279477.88,6,46579.64666666667,9,Missile Launcher,Maintenance,0,0,0.005
123645.0,5,24729.0,20,Missile Launcher,Operational,0,0,0.0
145358.87,7,20765.55285714285,5,Armored Vehicle,Operational,0,0,0.005
216276.8,6,36046.13333333333,19,Truck,Operational,0,0,0.0
338404.87,9,37600.54111111111,14,Tank,Operational,1,1,1.0
111310.2,6,18551.7,21,Generator,Operational,0,0,0.005
192549.38,4,48137.345,14,Missile Launcher,Operational,0,0,0.0
94216.03,3,31405.34333333333,8,Generator,Operational,0,0,0.0
336746.13,8,42093.26625,11,Armored Vehicle,Operational,1,1,1.0
66850.09,2,33425.045,7,Missile Launcher,Out of Service,0,0,0.0
132990.07,8,16623.75875,8,Armored Vehicle,Operational,1,1,0.995
62033.24,2,31016.62,1,Tank,Maintenance,0,0,0.0
406609.03,15,27107.268666666667,14,Generator,Operational,1,1,1.0
327618.17,8,40952.27125,3,Communication System,Operational,1,1,0.98
123438.48,3,41146.16,3,Generator,Operational,0,0,0.0
405681.14,9,45075.68222222223,9,Drone,Operational,1,1,1.0
45523.24,3,15174.413333333332,18,Truck,Operational,0,0,0.0
182838.96,8,22854.87,11,Missile Launcher,Operational,1,1,0.995
498553.74,17,29326.69058823529,17,Generator,Operational,1,1,1.0
153875.53,8,19234.44125,18,Truck,Operational,1,1,0.995
248806.62,6,41467.77,12,Truck,Operational,0,0,0.005
415331.41,14,29666.529285714285,2,Missile Launcher,Operational,1,1,1.0
457312.06,20,22865.603,18,Radar,Out of Service,1,1,1.0
112125.75,4,28031.4375,3,Radar,Operational,0,0,0.0
59169.22,3,19723.073333333334,2,Armored Vehicle,Operational,0,0,0.0
0.0,0,0.0,11,Radar,Operational,0,0,0.0
165051.56,4,41262.89,4,Truck,Maintenance,0,0,0.0
292744.61,6,48790.76833333333,4,Drone,Maintenance,0,0,0.005
58780.73,2,29390.365,14,Communication System,Operational,0,0,0.0
77282.67,3,25760.89,18,Missile Launcher,Out of Service,0,0,0.0
0.0,0,0.0,1,Armored Vehicle,Maintenance,0,0,0.0
432784.55,11,39344.05,10,Armored Vehicle,Operational,1,1,1.0
193691.57,5,38738.314,8,Communication System,Operational,0,0,0.0
95810.49,2,47905.245,11,Missile Launcher,Operational,0,0,0.0
297651.56,9,33072.39555555556,8,Communication System,Operational,1,1,1.0
0.0,0,0.0,9,Communication System,Operational,0,0,0.0
54900.17,2,27450.085,12,Missile Launcher,Operational,0,0,0.0
431439.86,11,39221.80545454545,9,Communication System,Operational,1,1,1.0
251959.67,7,35994.23857142857,5,Generator,Operational,0,0,0.0
500080.4,13,38467.72307692308,15,Radar,Operational,1,1,1.0
152151.69,10,15215.169,3,Generator,Out of Service,1,1,0.965
92482.61,2,46241.305,14,Missile Launcher,Operational,0,0,0.0
62432.5,2,31216.25,15,Radar,Operational,0,0,0.0
521712.25,16,32607.015625,15,Truck,Maintenance,1,1,1.0
398163.92,9,44240.43555555555,8,Armored Vehicle,Operational,1,1,1.0
412123.89,14,29437.42071428572,5,Communication System,Operational,1,1,1.0
72335.09,2,36167.545,8,Drone,Operational,0,0,0.0
68789.37,4,17197.3425,9,Armored Vehicle,Operational,0,0,0.0
440259.7,17,25897.629411764705,21,Generator,Operational,1,1,1.0
30169.78,2,15084.89,12,Radar,Out of Service,0,0,0.005
138367.97,4,34591.9925,3,Radar,Operational,0,0,0.0
271230.02,6,45205.00333333333,9,Missile Launcher,Maintenance,0,0,0.005
0.0,0,0.0,6,Tank,Operational,0,0,0.0
308530.94,9,34281.21555555556,7,Tank,Operational,1,1,1.0
72301.35,2,36150.675,20,Generator,Maintenance,0,0,0.0
275859.54,15,18390.636,2,Generator,Operational,1,1,1.0
109121.68,4,27280.42,6,Generator,Operational,0,0,0.0
36384.42,2,18192.21,9,Truck,Operational,0,0,0.0
234744.26,8,29343.0325,9,Communication System,Operational,1,1,0.99
35851.25,2,17925.625,20,Communication System,Maintenance,0,0,0.0
0.0,0,0.0,12,Armored Vehicle,Operational,0,0,0.0
111124.07,3,37041.35666666667,9,Missile Launcher,Operational,0,0,0.0
305549.86,7,43649.98,14,Communication System,Operational,0,0,0.005
107821.17,3,35940.39,8,Radar,Operational,0,0,0.0
297489.7,7,42498.52857142857,20,Drone,Operational,0,0,0.01
27231.28,1,27231.28,10,Generator,Operational,0,0,0.0
152722.16,5,30544.432,18,Communication System,Maintenance,0,0,0.0
329337.98,8,41167.2475,15,Armored Vehicle,Operational,1,1,0.995
0.0,0,0.0,14,Armored Vehicle,Operational,0,0,0.0
126934.45,7,18133.492857142857,2,Communication System,Out of Service,0,0,0.02
532146.27,15,35476.418,2,Communication System,Operational,1,1,1.0
349611.84,7,49944.548571428575,8,Truck,Operational,0,0,0.035
390428.93,8,48803.61625,12,Truck,Operational,1,1,1.0
365013.25,14,26072.375,14,Truck,Operational,1,1,1.0
234799.47,11,21345.406363636364,4,Drone,Operational,1,1,1.0
150394.89,4,37598.7225,15,Armored Vehicle,Operational,0,0,0.0
69002.29,2,34501.145,2,Truck,Out of Service,0,0,0.0
827748.67,18,45986.03722222222,21,Drone,Operational,1,1,1.0
152847.36,4,38211.84,9,Generator,Out of Service,0,0,0.0
81619.79,3,27206.596666666665,4,Generator,Operational,0,0,0.0
120339.69,3,40113.23,1,Communication System,Operational,0,0,0.0
98175.4,2,49087.7,7,Armored Vehicle,Operational,0,0,0.0
91037.78,2,45518.89,1,Radar,Operational,0,0,0.0
66199.0,4,16549.75,5,Tank,Operational,0,0,0.0
240684.04,6,40114.00666666667,20,Generator,Operational,0,0,0.0
111180.9,4,27795.225,9,Generator,Operational,0,0,0.0
135184.33,8,16898.04125,20,Tank,Operational,1,1,0.98
146749.98,8,18343.7475,11,Armored Vehicle,Operational,1,1,0.985
441407.58,11,40127.96181818182,4,Drone,Operational,1,1,1.0
30678.74,2,15339.37,19,Missile Launcher,Out of Service,0,0,0.0
584081.03,14,41720.07357142858,10,Radar,Operational,1,1,1.0
22290.69,1,22290.69,20,Armored Vehicle,Operational,0,0,0.0
133393.36,4,33348.34,21,Drone,Operational,0,0,0.0
293131.95,12,24427.6625,9,Armored Vehicle,Operational,1,1,1.0
72488.63,2,36244.315,5,Radar,Operational,0,0,0.0
97852.74,3,32617.58,12,Missile Launcher,Operational,0,0,0.0
137361.2,3,45787.06666666667,15,Drone,Operational,0,0,0.0
166722.71,5,33344.542,19,Truck,Out of Service,0,0,0.0
350961.98,9,38995.77555555556,6,Tank,Operational,1,1,1.0
68124.28,3,22708.09333333333,6,Truck,Operational,0,0,0.0
424204.74,10,42420.474,7,Truck,Operational,1,1,1.0
98996.79,2,49498.395,7,Missile Launcher,Operational,0,0,0.0
141994.05,6,23665.675,20,Generator,Out of Service,0,0,0.0
790146.3,17,46479.194117647065,21,Radar,Operational,1,1,1.0
190819.95,12,15901.6625,20,Radar,Out of Service,1,1,0.995
63864.24,4,15966.06,20,Generator,Operational,0,0,0.0
54392.76,2,27196.38,16,Truck,Out of Service,0,0,0.0
321586.35,17,18916.84411764706,2,Tank,Maintenance,1,1,1.0
826765.11,19,43513.953157894735,19,Communication System,Operational,1,1,1.0
806152.12,19,42429.05894736842,19,Drone,Maintenance,1,1,1.0
295552.48,7,42221.78285714285,15,Generator,Operational,0,0,0.0
0.0,0,0.0,14,Generator,Operational,0,0,0.0
139657.27,8,17457.15875,8,Generator,Maintenance,1,1,0.98
352115.8,9,39123.97777777778,9,Radar,Operational,1,1,1.0
285930.56,14,20423.61142857143,15,Drone,Maintenance,1,1,1.0
33172.15,1,33172.15,17,Communication System,Operational,0,0,0.0
269508.48,14,19250.605714285717,3,Missile Launcher,Maintenance,1,1,0.99
36147.7,2,18073.85,7,Communication System,Operational,0,0,0.0
384945.85,8,48118.23125,6,Truck,Operational,1,1,1.0
240465.64,5,48093.128,2,Communication System,Operational,0,0,0.005
196873.16,4,49218.29,20,Missile Launcher,Operational,0,0,0.0
199730.42,4,49932.605,10,Radar,Operational,0,0,0.0
738837.31,15,49255.820666666674,18,Missile Launcher,Operational,1,1,1.0
441489.65,9,49054.40555555556,11,Missile Launcher,Out of Service,1,1,0.995
40917.61,2,20458.805,18,Communication System,Out of Service,0,0,0.0
143299.71,4,35824.9275,9,Generator,Operational,0,0,0.0
0.0,0,0.0,4,Communication System,Operational,0,0,0.0
130470.9,3,43490.3,19,Drone,Out of Service,0,0,0.0
348525.12,7,49789.30285714286,21,Truck,Out of Service,0,0,0.105
358362.73,8,44795.34125,7,Missile Launcher,Operational,1,1,1.0
142891.56,4,35722.89,20,Truck,Maintenance,0,0,0.0
971615.1,20,48580.755,8,Truck,Operational,1,1,1.0
89304.62,4,22326.155,4,Truck,Operational,0,0,0.0
216038.03,5,43207.606,5,Generator,Out of Service,0,0,0.0
106882.78,5,21376.556,6,Tank,Out of Service,0,0,0.0
35243.74,2,17621.87,13,Drone,Operational,0,0,0.0
152316.95,8,19039.61875,10,Drone,Operational,1,1,1.0
42961.18,1,42961.18,19,Armored Vehicle,Maintenance,0,0,0.0
280755.06,16,17547.19125,9,Missile Launcher,Operational,1,1,1.0
163369.77,4,40842.4425,21,Truck,Operational,0,0,0.0
299860.54,9,33317.83777777778,1,Armored Vehicle,Operational,1,1,0.995
355205.63,9,39467.29222222223,7,Truck,Operational,1,1,1.0
132122.6,4,33030.65,17,Communication System,Operational,0,0,0.0
528252.83,20,26412.6415,4,Radar,Operational,1,1,1.0
148770.12,8,18596.265,14,Communication System,Operational,1,1,0.99
138518.59,5,27703.718,10,Tank,Operational,0,0,0.0
107368.22,4,26842.055,8,Armored Vehicle,Operational,0,0,0.0
78728.79,2,39364.395,15,Drone,Operational,0,0,0.0
831591.86,18,46199.54777777778,6,Truck,Operational,1,1,1.0
96923.22,2,48461.61,20,Drone,Operational,0,0,0.0
58813.37,3,19604.45666666667,8,Tank,Operational,0,0,0.0
60131.97,2,30065.985,17,Tank,Operational,0,0,0.0
243366.38,9,27040.70888888889,20,Tank,Out of Service,1,1,0.99
0.0,0,0.0,3,Armored Vehicle,Operational,0,0,0.0
114275.63,7,16325.09,18,Drone,Out of Service,0,0,0.005
99644.34,2,49822.17,6,Communication System,Out of Service,0,0,0.005
114966.78,3,38322.26,11,Missile Launcher,Operational,0,0,0.0
320024.24,7,45717.74857142857,18,Tank,Operational,0,0,0.005
278417.44,7,39773.92,21,Truck,Maintenance,0,0,0.025
179566.88,6,29927.81333333333,9,Communication System,Operational,0,0,0.0
86363.91,3,28787.97,6,Tank,Operational,0,0,0.0
551686.81,16,34480.425625,4,Tank,Operational,1,1,1.0
15947.59,1,15947.59,11,Tank,Operational,0,0,0.0
287878.47,7,41125.49571428571,3,Truck,Operational,0,0,0.0
885314.03,18,49184.11277777778,8,Truck,Operational,1,1,1.0
0.0,0,0.0,7,Truck,Operational,0,0,0.0
165973.58,8,20746.6975,18,Drone,Maintenance,1,1,0.995
621309.28,15,41420.61866666667,17,Drone,Out of Service,1,1,1.0
427787.36,9,47531.92888888888,11,Armored Vehicle,Operational,1,1,1.0
153113.33,4,38278.3325,1,Radar,Maintenance,0,0,0.0
116495.69,3,38831.89666666667,14,Tank,Operational,0,0,0.0
100509.47,3,33503.15666666667,5,Communication System,Maintenance,0,0,0.0
427121.9,14,30508.707142857143,12,Radar,Operational,1,1,1.0
43856.26,1,43856.26,4,Tank,Maintenance,0,0,0.0
661006.65,15,44067.11,5,Drone,Operational,1,1,1.0
407021.05,9,45224.56111111111,9,Generator,Operational,1,1,1.0
119493.72,3,39831.24,8,Radar,Operational,0,0,0.0
23297.27,1,23297.27,9,Communication System,Operational,0,0,0.0
269909.74,7,38558.53428571428,19,Tank,Maintenance,0,0,0.005
98591.96,3,32863.98666666667,20,Communication System,Maintenance,0,0,0.0
102273.87,6,17045.645,21,Truck,Operational,0,0,0.0
114794.95,3,38264.98333333333,7,Communication System,Operational,0,0,0.0
71460.21,2,35730.105,16,Truck,Operational,0,0,0.0
974239.57,20,48711.9785,9,Generator,Operational,1,1,1.0
123474.18,6,20579.03,7,Missile Launcher,Operational,0,0,0.0
37448.14,1,37448.14,9,Drone,Operational,0,0,0.0
0.0,0,0.0,2,Missile Launcher,Operational,0,0,0.0
436109.52,10,43610.952000000005,6,Missile Launcher,Operational,1,1,1.0
310364.0,7,44337.71428571428,16,Drone,Maintenance,0,0,0.005
467028.84,15,31135.256,8,Generator,Maintenance,1,1,1.0
568686.25,12,47390.520833333336,7,Armored Vehicle,Operational,1,1,1.0
573818.59,15,38254.57266666667,18,Drone,Operational,1,1,1.0
106368.57,3,35456.19,1,Tank,Operational,0,0,0.0
529485.6,20,26474.28,9,Drone,Operational,1,1,1.0
98421.35,5,19684.27,4,Generator,Operational,0,0,0.0
331837.38,8,41479.6725,20,Tank,Operational,1,1,1.0
33967.22,2,16983.61,10,Radar,Operational,0,0,0.0
57441.25,2,28720.625,14,Communication System,Operational,0,0,0.0
0.0,0,0.0,9,Missile Launcher,Operational,0,0,0.0
310824.3,12,25902.025,10,Generator,Operational,1,1,1.0
33354.08,2,16677.04,21,Tank,Operational,0,0,0.0
251527.12,9,27947.457777777778,4,Truck,Operational,1,1,0.995
346691.38,12,28890.948333333334,2,Tank,Operational,1,1,1.0
309150.73,7,44164.39,16,Truck,Operational,0,0,0.0
219871.61,9,24430.178888888888,6,Missile Launcher,Maintenance,1,1,0.995
161539.09,7,23077.012857142858,2,Missile Launcher,Operational,0,0,0.0
76411.6,2,38205.8,19,Communication System,Operational,0,0,0.0
276874.02,9,30763.78,21,Communication System,Operational,1,1,1.0
0.0,0,0.0,2,Drone,Operational,0,0,0.0
153825.23,4,38456.3075,9,Missile Launcher,Out of Service,0,0,0.0
224772.09,6,37462.015,9,Radar,Operational,0,0,0.0
82979.61,3,27659.87,12,Drone,Operational,0,0,0.0
651615.64,15,43441.04266666667,11,Truck,Operational,1,1,1.0
381762.43,8,47720.30375,15,Armored Vehicle,Maintenance,1,1,1.0
47447.81,3,15815.936666666666,18,Armored Vehicle,Maintenance,0,0,0.0
68416.39,2,34208.195,5,Drone,Operational,0,0,0.0
71054.52,2,35527.26,1,Drone,Operational,0,0,0.0
136912.41,8,17114.05125,21,Armored Vehicle,Maintenance,1,1,0.97
0.0,0,0.0,5,Generator,Out of Service,0,0,0.0
121467.75,3,40489.25,17,Missile Launcher,Maintenance,0,0,0.0
62578.87,3,20859.623333333333,20,Drone,Maintenance,0,0,0.0
302124.11,8,37765.51375,12,Communication System,Operational,1,1,1.0
64512.69,4,16128.1725,12,Truck,Operational,0,0,0.0
285305.14,16,17831.57125,9,Armored Vehicle,Operational,1,1,1.0
76945.99,3,25648.66333333333,14,Communication System,Operational,0,0,0.0
135208.73,6,22534.78833333333,8,Drone,Operational,0,0,0.0
0.0,0,0.0,18,Tank,Operational,0,0,0.0
718183.14,15,47878.876,3,Generator,Operational,1,1,1.0
294754.78,9,32750.531111111115,11,Tank,Operational,1,1,1.0
178504.86,7,25500.69428571428,6,Drone,Operational,0,0,0.0
705931.11,17,41525.35941176471,4,Communication System,Operational,1,1,1.0
122705.77,5,24541.154,11,Armored Vehicle,Operational,0,0,0.0
517413.87,17,30436.11,16,Armored Vehicle,Operational,1,1,1.0
646880.8,13,49760.061538461545,10,Drone,Operational,1,1,1.0
371055.59,11,33732.32636363636,15,Truck,Operational,1,1,1.0
41718.99,2,20859.495,13,Armored Vehicle,Operational,0,0,0.0
182562.1,8,22820.2625,8,Missile Launcher,Operational,1,1,1.0
0.0,0,0.0,14,Truck,Operational,0,0,0.0
25947.45,1,25947.45,8,Communication System,Operational,0,0,0.0
809699.65,20,40484.9825,7,Tank,Operational,1,1,1.0
166007.79,4,41501.9475,16,Missile Launcher,Out of Service,0,0,0.005
109257.26,7,15608.179999999998,9,Armored Vehicle,Operational,0,0,0.0
247316.42,6,41219.403333333335,9,Communication System,Operational,0,0,0.0
147544.07,8,18443.00875,17,Tank,Operational,1,1,1.0
208474.49,6,34745.74833333333,7,Truck,Operational,0,0,0.0
154122.87,6,25687.145,9,Generator,Operational,0,0,0.0
31825.78,1,31825.78,19,Generator,Out of Service,0,0,0.0
96420.96,2,48210.48,8,Tank,Operational,0,0,0.0
113935.78,4,28483.945,4,Generator,Operational,0,0,0.0
37878.46,1,37878.46,14,Radar,Out of Service,0,0,0.0
453752.45,15,30250.16333333333,18,Communication System,Operational,1,1,1.0
86165.21,2,43082.605,3,Drone,Maintenance,0,0,0.0
112800.99,6,18800.165,13,Radar,Operational,0,0,0.0
45424.78,1,45424.78,1,Truck,Operational,0,0,0.0
277746.0,7,39678.0,17,Generator,Out of Service,0,0,0.005
208901.51,11,18991.046363636364,13,Missile Launcher,Operational,1,1,1.0
220221.9,5,44044.38,17,Missile Launcher,Out of Service,0,0,0.0
255117.2,9,28346.35555555556,13,Armored Vehicle,Operational,1,1,1.0
75568.92,2,37784.46,12,Armored Vehicle,Operational,0,0,0.0
82578.62,2,41289.31,20,Drone,Operational,0,0,0.0
0.0,0,0.0,10,Armored Vehicle,Out of Service,0,0,0.0
102962.11,6,17160.351666666666,19,Radar,Operational,0,0,0.0
69107.07,4,17276.7675,10,Truck,Operational,0,0,0.0
403792.93,18,22432.94055555556,8,Tank,Operational,1,1,1.0
24108.09,1,24108.09,7,Radar,Operational,0,0,0.0
362450.11,15,24163.340666666667,9,Tank,Operational,1,1,1.0
377232.88,13,29017.91384615385,9,Generator,Operational,1,1,1.0
144871.49,6,24145.248333333333,15,Missile Launcher,Maintenance,0,0,0.005
494690.15,10,49469.015,10,Radar,Operational,1,1,1.0
263193.01,8,32899.12625,18,Tank,Maintenance,1,1,1.0
54792.72,2,27396.36,4,Radar,Operational,0,0,0.0
971129.98,20,48556.499,3,Generator,Operational,1,1,1.0
96546.92,2,48273.46,2,Communication System,Operational,0,0,0.0
445215.31,20,22260.7655,5,Generator,Maintenance,1,1,1.0
96911.46,2,48455.73,17,Truck,Out of Service,0,0,0.0
303320.72,7,43331.53142857143,15,Tank,Operational,0,0,0.01
293025.17,8,36628.14625,2,Truck,Operational,1,1,1.0
156415.18,8,19551.8975,14,Missile Launcher,Operational,1,1,1.0
598161.32,20,29908.066,18,Tank,Maintenance,1,1,1.0
184478.64,4,46119.66,9,Armored Vehicle,Operational,0,0,0.0
33695.25,1,33695.25,19,Communication System,Operational,0,0,0.0
65828.3,3,21942.766666666663,2,Communication System,Out of Service,0,0,0.0
41796.38,2,20898.19,21,Radar,Operational,0,0,0.0
40632.46,2,20316.23,9,Generator,Out of Service,0,0,0.0
0.0,0,0.0,3,Generator,Operational,0,0,0.0
79458.65,2,39729.325,7,Tank,Operational,0,0,0.0
170500.43,4,42625.1075,3,Generator,Operational,0,0,0.0
247112.21,6,41185.36833333333,20,Armored Vehicle,Operational,0,0,0.0
39427.75,2,19713.875,18,Armored Vehicle,Operational,0,0,0.0
153902.82,7,21986.117142857143,12,Communication System,Operational,0,0,0.015
111728.32,6,18621.38666666667,21,Armored Vehicle,Operational,0,0,0.0
267403.99,8,33425.49875,12,Drone,Operational,1,1,0.995
304740.06,7,43534.29428571429,19,Communication System,Maintenance,0,0,0.025
262540.71,7,37505.81571428572,3,Armored Vehicle,Operational,0,0,0.0
86660.85,3,28886.95,7,Communication System,Operational,0,0,0.0
72807.6,3,24269.2,12,Generator,Operational,0,0,0.0
84830.73,3,28276.91,18,Drone,Operational,0,0,0.0
230027.04,6,38337.84,7,Armored Vehicle,Operational,0,0,0.0
141669.1,4,35417.275,13,Truck,Operational,0,0,0.0
59191.22,2,29595.61,13,Generator,Out of Service,0,0,0.0
160471.07,4,40117.7675,13,Armored Vehicle,Operational,0,0,0.0
369699.04,18,20538.835555555557,6,Tank,Operational,1,1,1.0
45285.37,2,22642.685,8,Tank,Operational,0,0,0.0
0.0,0,0.0,20,Tank,Operational,0,0,0.0
301525.09,8,37690.63625,9,Armored Vehicle,Operational,1,1,1.0
22373.89,1,22373.89,2,Drone,Operational,0,0,0.0
88367.16,3,29455.72,15,Radar,Operational,0,0,0.0
50745.66,3,16915.22,12,Tank,Out of Service,0,0,0.0
176641.15,4,44160.2875,16,Communication System,Maintenance,0,0,0.0
155018.66,4,38754.665,1,Radar,Out of Service,0,0,0.0
446014.06,20,22300.703,10,Radar,Operational,1,1,1.0
0.0,0,0.0,12,Armored Vehicle,Operational,0,0,0.0
135710.94,3,45236.98,3,Drone,Maintenance,0,0,0.0
0.0,0,0.0,12,Communication System,Operational,0,0,0.0
64568.45,2,32284.225,14,Tank,Operational,0,0,0.0
15429.81,1,15429.81,2,Missile Launcher,Operational,0,0,0.005
30314.09,1,30314.09,15,Communication System,Operational,0,0,0.0
109452.3,3,36484.1,19,Drone,Operational,0,0,0.0
90795.82,4,22698.955,18,Missile Launcher,Maintenance,0,0,0.0
0.0,0,0.0,15,Tank,Operational,0,0,0.0
108328.23,5,21665.646,21,Truck,Maintenance,0,0,0.0
71085.76,2,35542.88,5,Generator,Maintenance,0,0,0.0
138306.9,3,46102.3,12,Armored Vehicle,Operational,0,0,0.0
152925.85,4,38231.4625,18,Missile Launcher,Out of Service,0,0,0.0
87322.99,3,29107.66333333333,13,Armored Vehicle,Operational,0,0,0.0
168100.77,4,42025.1925,5,Armored Vehicle,Operational,0,0,0.0
180350.77,10,18035.077,14,Missile Launcher,Maintenance,1,1,1.0
541881.31,18,30104.517222222225,7,Tank,Out of Service,1,1,1.0
156902.96,4,39225.74,8,Armored Vehicle,Operational,0,0,0.0
120673.45,6,20112.241666666665,2,Missile Launcher,Operational,0,0,0.0
76179.81,2,38089.905,11,Armored Vehicle,Operational,0,0,0.0
168851.63,9,18761.292222222222,5,Communication System,Operational,1,1,1.0
70956.62,4,17739.155,2,Tank,Operational,0,0,0.0
273001.95,6,45500.325,14,Radar,Maintenance,0,0,0.005
127611.26,4,31902.815,21,Missile Launcher,Operational,0,0,0.0
68040.74,2,34020.37,13,Communication System,Operational,0,0,0.0
263193.2,6,43865.53333333333,14,Drone,Operational,0,0,0.0
73486.69,3,24495.56333333333,20,Drone,Out of Service,0,0,0.0
237821.54,14,16987.25285714286,21,Communication System,Operational,1,1,0.99
815543.38,19,42923.33578947368,2,Missile Launcher,Operational,1,1,1.0
37492.59,1,37492.59,13,Generator,Out of Service,0,0,0.0
25893.78,1,25893.78,4,Drone,Operational,0,0,0.0
66431.71,3,22143.903333333332,8,Generator,Operational,0,0,0.0
81709.53,3,27236.51,3,Armored Vehicle,Out of Service,0,0,0.0
95495.29,2,47747.645,12,Armored Vehicle,Operational,0,0,0.0
160018.04,9,17779.782222222224,2,Communication System,Operational,1,1,1.0
346269.04,8,43283.63,5,Tank,Operational,1,1,0.995
126803.83,5,25360.766,2,Missile Launcher,Operational,0,0,0.0
96660.33,4,24165.0825,21,Radar,Operational,0,0,0.0
121077.96,7,17296.85142857143,18,Tank,Operational,0,0,0.005
74159.28,2,37079.64,1,Armored Vehicle,Operational,0,0,0.0
471703.91,14,33693.13642857143,5,Truck,Operational,1,1,1.0
233750.45,8,29218.80625,12,Drone,Maintenance,1,1,0.97
18082.89,1,18082.89,6,Armored Vehicle,Operational,0,0,0.0
263571.83,7,37653.118571428575,2,Radar,Operational,0,0,0.015
707663.5,20,35383.175,16,Drone,Operational,1,1,1.0
47150.22,1,47150.22,14,Truck,Operational,0,0,0.0
964640.32,20,48232.016,12,Tank,Operational,1,1,1.0
393122.15,8,49140.26875,8,Communication System,Maintenance,1,1,0.99
93787.91,6,15631.318333333336,14,Missile Launcher,Operational,0,0,0.0
147822.24,3,49274.08,5,Truck,Operational,0,0,0.0
237051.38,13,18234.721538461537,5,Drone,Operational,1,1,1.0
108044.91,4,27011.2275,20,Truck,Out of Service,0,0,0.0
438203.33,12,36516.94416666667,16,Drone,Out of Service,1,1,1.0
258810.33,6,43135.055,21,Tank,Out of Service,0,0,0.005
342703.2,16,21418.95,21,Communication System,Operational,1,1,1.0
104506.39,6,17417.731666666667,2,Drone,Operational,0,0,0.0
448759.03,9,49862.11444444445,15,Tank,Operational,1,1,1.0
47640.21,1,47640.21,1,Radar,Operational,0,0,0.0
151800.89,8,18975.11125,2,Radar,Operational,1,1,0.97
31330.01,2,15665.005,14,Missile Launcher,Operational,0,0,0.0
0.0,0,0.0,19,Communication System,Maintenance,0,0,0.0
130358.37,3,43452.79,6,Truck,Operational,0,0,0.0
155054.87,5,31010.974,19,Drone,Out of Service,0,0,0.0
0.0,0,0.0,14,Missile Launcher,Out of Service,0,0,0.0
171856.14,5,34371.228,2,Missile Launcher,Operational,0,0,0.0
419782.65,18,23321.25833333333,16,Drone,Maintenance,1,1,1.0
281489.84,6,46914.973333333335,1,Truck,Operational,0,0,0.0
379317.32,9,42146.36888888889,20,Tank,Operational,1,1,1.0
87208.92,4,21802.23,12,Communication System,Operational,0,0,0.0
39523.9,1,39523.9,18,Armored Vehicle,Maintenance,0,0,0.0
41679.03,1,41679.03,4,Truck,Maintenance,0,0,0.0
573994.07,13,44153.39,11,Radar,Operational,1,1,1.0
106983.37,4,26745.8425,14,Radar,Operational,0,0,0.0
44441.14,1,44441.14,20,Generator,Operational,0,0,0.0
565884.24,17,33287.30823529412,10,Radar,Operational,1,1,1.0
103662.07,3,34554.02333333334,15,Tank,Operational,0,0,0.0
154622.22,4,38655.555,19,Generator,Out of Service,0,0,0.0
329411.62,8,41176.4525,6,Communication System,Maintenance,1,1,0.98
241003.28,8,30125.41,9,Generator,Operational,1,1,1.0
848243.79,17,49896.693529411765,7,Radar,Operational,1,1,1.0
388234.04,8,48529.255,18,Generator,Operational,1,1,1.0
319765.13,20,15988.2565,8,Tank,Operational,1,1,1.0
331277.28,19,17435.646315789476,17,Tank,Maintenance,1,1,1.0
159172.15,4,39793.0375,12,Truck,Operational,0,0,0.0
81384.97,3,27128.323333333334,8,Radar,Operational,0,0,0.0
226885.64,14,16206.117142857143,21,Truck,Operational,1,1,1.0
79225.03,3,26408.34333333333,9,Truck,Operational,0,0,0.0
64849.72,4,16212.43,5,Communication System,Operational,0,0,0.0
30848.52,2,15424.26,3,Tank,Operational,0,0,0.0
48277.6,1,48277.6,20,Tank,Out of Service,0,0,0.0
237062.92,5,47412.584,9,Radar,Operational,0,0,0.0
143343.61,3,47781.20333333333,3,Missile Launcher,Operational,0,0,0.0
305193.57,18,16955.198333333334,21,Drone,Out of Service,1,1,1.0
378325.47,17,22254.439411764703,1,Communication System,Operational,1,1,1.0
24093.3,1,24093.3,11,Communication System,Operational,0,0,0.0
139742.16,7,19963.165714285715,15,Communication System,Operational,0,0,0.0
266409.54,15,17760.636,3,Missile Launcher,Operational,1,1,1.0
246837.65,7,35262.521428571425,8,Generator,Operational,0,0,0.025
54494.07,3,18164.69,17,Generator,Out of Service,0,0,0.0
884917.85,18,49162.10277777778,7,Drone,Operational,1,1,1.0
36439.16,1,36439.16,5,Truck,Operational,0,0,0.0
144054.61,3,48018.20333333333,1,Generator,Maintenance,0,0,0.0
575594.9,15,38372.99333333333,17,Armored Vehicle,Operational,1,1,1.0
127101.89,3,42367.29666666667,7,Generator,Maintenance,0,0,0.0
516584.85,16,32286.553125,12,Generator,Operational,1,1,1.0
44015.67,2,22007.835,1,Generator,Maintenance,0,0,0.0
441357.45,9,49039.71666666667,3,Radar,Operational,1,1,1.0
31875.85,1,31875.85,2,Armored Vehicle,Operational,0,0,0.0
0.0,0,0.0,14,Tank,Operational,0,0,0.0
141092.93,8,17636.61625,9,Drone,Operational,1,1,0.99
170088.95,5,34017.79,18,Communication System,Operational,0,0,0.0
119748.03,3,39916.01,7,Generator,Operational,0,0,0.0
448421.53,10,44842.153000000006,8,Communication System,Operational,1,1,1.0
0.0,0,0.0,3,Radar,Operational,0,0,0.0
119518.82,4,29879.705,6,Missile Launcher,Operational,0,0,0.0
116092.17,5,23218.434,7,Generator,Maintenance,0,0,0.0
137713.25,7,19673.321428571428,8,Truck,Operational,0,0,0.0
19315.33,1,19315.33,11,Truck,Operational,0,0,0.0
498086.05,11,45280.55,5,Generator,Operational,1,1,1.0
60632.31,4,15158.0775,18,Generator,Operational,0,0,0.0
73010.53,2,36505.265,21,Drone,Maintenance,0,0,0.0
111304.06,6,18550.676666666663,11,Armored Vehicle,Operational,0,0,0.0
551604.41,17,32447.31823529412,2,Missile Launcher,Operational,1,1,1.0
49603.52,2,24801.76,6,Tank,Operational,0,0,0.0
325997.57,9,36221.95222222222,6,Generator,Maintenance,1,1,1.0
220206.85,8,27525.85625,14,Drone,Operational,1,1,0.985
238685.4,14,17048.957142857143,5,Drone,Operational,1,1,1.0
113086.35,7,16155.192857142858,1,Missile Launcher,Maintenance,0,0,0.04
125884.55,3,41961.51666666667,20,Tank,Operational,0,0,0.0
132808.77,3,44269.59,5,Communication System,Operational,0,0,0.0
126056.4,4,31514.1,7,Radar,Maintenance,0,0,0.0
145790.45,3,48596.81666666667,11,Communication System,Operational,0,0,0.0
707361.04,15,47157.40266666667,20,Radar,Operational,1,1,1.0
109398.55,4,27349.6375,9,Armored Vehicle,Operational,0,0,0.0
553916.34,16,34619.77125,19,Generator,Operational,1,1,1.0
323025.44,11,29365.949090909093,20,Generator,Operational,1,1,1.0
110490.68,5,22098.136,20,Radar,Maintenance,0,0,0.0
140382.73,3,46794.24333333334,14,Missile Launcher,Operational,0,0,0.0
197610.36,7,28230.051428571427,21,Truck,Operational,0,0,0.025
0.0,0,0.0,3,Truck,Operational,0,0,0.0
121668.36,3,40556.12,13,Radar,Operational,0,0,0.0
425647.84,10,42564.784,8,Truck,Operational,1,1,1.0
0.0,0,0.0,4,Armored Vehicle,Operational,0,0,0.0
482805.5,11,43891.40909090909,14,Armored Vehicle,Operational,1,1,1.0
193498.29,4,48374.5725,20,Radar,Operational,0,0,0.0
537653.32,18,29869.628888888885,14,Drone,Maintenance,1,1,1.0
60791.77,3,20263.92333333333,21,Armored Vehicle,Maintenance,0,0,0.0
112910.62,5,22582.124,15,Generator,Operational,0,0,0.0
145653.2,6,24275.533333333336,21,Communication System,Operational,0,0,0.005
232636.37,15,15509.091333333334,10,Radar,Operational,1,1,0.995
40012.05,2,20006.025,4,Missile Launcher,Operational,0,0,0.0
247089.42,6,41181.57,15,Armored Vehicle,Operational,0,0,0.0
57138.27,2,28569.135,16,Radar,Out of Service,0,0,0.0
0.0,0,0.0,16,Tank,Maintenance,0,0,0.0
165840.98,7,23691.56857142857,7,Tank,Out of Service,0,0,0.005
123958.32,4,30989.58,12,Truck,Operational,0,0,0.0
28950.7,1,28950.7,14,Generator,Operational,0,0,0.0
129377.83,6,21562.971666666668,20,Generator,Operational,0,0,0.0
0.0,0,0.0,2,Armored Vehicle,Operational,0,0,0.0
0.0,0,0.0,10,Truck,Operational,0,0,0.0
155722.23,7,22246.032857142854,2,Missile Launcher,Operational,0,0,0.01
80003.53,4,20000.8825,15,Truck,Operational,0,0,0.0
558303.04,12,46525.25333333333,21,Drone,Operational,1,1,0.995
0.0,0,0.0,7,Radar,Operational,0,0,0.0
205661.03,9,22851.22555555556,1,Tank,Operational,1,1,1.0
136230.11,7,19461.44428571428,17,Generator,Out of Service,0,0,0.0
229251.66,8,28656.4575,16,Missile Launcher,Out of Service,1,1,0.97
143013.51,6,23835.585000000003,1,Radar,Operational,0,0,0.0
211701.61,7,30243.08714285714,3,Generator,Operational,0,0,0.005
244248.39,16,15265.524375,9,Tank,Operational,1,1,1.0
40912.51,2,20456.255,2,Truck,Operational,0,0,0.0
129744.47,3,43248.15666666667,20,Communication System,Out of Service,0,0,0.0
716927.29,15,47795.15266666667,19,Drone,Maintenance,1,1,1.0
75395.51,2,37697.755,19,Generator,Operational,0,0,0.0
0.0,0,0.0,14,Tank,Operational,0,0,0.0
0.0,0,0.0,15,Drone,Operational,0,0,0.0
172563.57,5,34512.714,18,Generator,Maintenance,0,0,0.0
135103.14,6,22517.19,19,Armored Vehicle,Maintenance,0,0,0.0
121801.63,3,40600.543333333335,11,Tank,Operational,0,0,0.0
602285.37,18,33460.29833333333,10,Radar,Operational,1,1,1.0
95647.11,3,31882.37,13,Armored Vehicle,Operational,0,0,0.0
360844.09,12,30070.340833333332,19,Tank,Maintenance,1,1,1.0
660383.99,16,41273.999375,12,Radar,Operational,1,1,1.0
457794.97,12,38149.58083333333,18,Missile Launcher,Maintenance,1,1,1.0
49582.1,3,16527.366666666665,3,Missile Launcher,Operational,0,0,0.0
63296.8,2,31648.4,5,Generator,Maintenance,0,0,0.0
330500.06,8,41312.5075,18,Tank,Maintenance,1,1,0.995
151136.23,4,37784.0575,18,Missile Launcher,Out of Service,0,0,0.0
292830.11,9,32536.678888888888,3,Tank,Maintenance,1,1,1.0
188628.23,8,23578.52875,6,Communication System,Operational,1,1,1.0
199514.69,5,39902.938,15,Missile Launcher,Operational,0,0,0.0
356973.99,9,39663.776666666665,20,Armored Vehicle,Operational,1,1,1.0
57587.13,2,28793.565,5,Drone,Operational,0,0,0.0
43883.71,1,43883.71,17,Drone,Operational,0,0,0.0
509858.23,19,26834.643684210525,5,Tank,Operational,1,1,1.0
671193.89,19,35325.99421052632,21,Truck,Maintenance,1,1,1.0
83979.79,2,41989.895,2,Tank,Operational,0,0,0.0
57024.31,3,19008.103333333333,13,Generator,Operational,0,0,0.0
336436.22,8,42054.5275,2,Radar,Maintenance,1,1,0.98
368600.61,8,46075.07625,19,Communication System,Maintenance,1,1,1.0
36667.51,2,18333.755,3,Drone,Operational,0,0,0.0
77353.85,3,25784.61666666667,7,Generator,Out of Service,0,0,0.0
28022.09,1,28022.09,18,Communication System,Maintenance,0,0,0.0
73807.3,3,24602.43333333333,14,Drone,Operational,0,0,0.0
131647.6,3,43882.53333333333,15,Radar,Operational,0,0,0.0
191915.82,4,47978.955,13,Drone,Operational,0,0,0.0
662898.76,18,36827.70888888889,8,Tank,Operational,1,1,1.0
94645.29,6,15774.214999999998,16,Missile Launcher,Out of Service,0,0,0.0
199178.51,13,15321.423846153846,11,Missile Launcher,Operational,1,1,1.0
160314.37,8,20039.29625,2,Communication System,Operational,1,1,1.0
46748.52,1,46748.52,2,Tank,Operational,0,0,0.0
325964.34,8,40745.5425,21,Missile Launcher,Operational,1,1,0.97
336103.9,8,42012.9875,11,Radar,Operational,1,1,0.995
266356.06,10,26635.606,11,Generator,Operational,1,1,1.0
178484.25,4,44621.0625,7,Communication System,Operational,0,0,0.0
165520.54,10,16552.054,11,Communication System,Maintenance,1,1,0.995
0.0,0,0.0,4,Generator,Operational,0,0,0.0
190142.9,4,47535.725,4,Armored Vehicle,Operational,0,0,0.0
180574.49,4,45143.6225,18,Tank,Operational,0,0,0.0
595747.61,17,35043.977058823526,7,Truck,Operational,1,1,1.0
136354.03,5,27270.806,3,Tank,Maintenance,0,0,0.0
147900.6,3,49300.2,13,Missile Launcher,Operational,0,0,0.0
344175.51,8,43021.93875,19,Tank,Maintenance,1,1,0.98
34087.73,1,34087.73,20,Missile Launcher,Operational,0,0,0.0
375857.46,9,41761.94,12,Tank,Operational,1,1,1.0
0.0,0,0.0,7,Tank,Operational,0,0,0.0
70039.01,3,23346.336666666662,17,Radar,Operational,0,0,0.0
398883.23,9,44320.35888888888,19,Generator,Out of Service,1,1,0.995
463728.15,15,30915.210000000003,2,Radar,Operational,1,1,1.0
235222.32,14,16801.594285714287,8,Truck,Operational,1,1,1.0
291966.36,7,41709.48,1,Drone,Operational,0,0,0.005
31667.43,1,31667.43,7,Drone,Out of Service,0,0,0.0
77699.1,2,38849.55,7,Truck,Operational,0,0,0.0
352100.95,18,19561.16388888889,9,Communication System,Operational,1,1,1.0
313692.79,9,34854.75444444444,8,Drone,Operational,1,1,1.0
473011.57,11,43001.05181818182,9,Truck,Operational,1,1,1.0
52363.68,3,17454.56,15,Communication System,Operational,0,0,0.0
861298.31,19,45331.490000000005,5,Communication System,Operational,1,1,1.0
216209.08,8,27026.135,13,Communication System,Operational,1,1,1.0
122128.24,5,24425.648,2,Armored Vehicle,Operational,0,0,0.0
408690.01,10,40869.001,11,Missile Launcher,Operational,1,1,1.0
150119.83,4,37529.9575,11,Missile Launcher,Operational,0,0,0.0
244440.62,7,34920.08857142857,19,Radar,Out of Service,0,0,0.015
253585.93,6,42264.32166666666,20,Communication System,Operational,0,0,0.0
152710.35,4,38177.5875,17,Communication System,Maintenance,0,0,0.0
256686.68,6,42781.113333333335,13,Radar,Maintenance,0,0,0.0
0.0,0,0.0,19,Armored Vehicle,Operational,0,0,0.0
49182.29,3,16394.096666666668,13,Armored Vehicle,Operational,0,0,0.0
457271.4,11,41570.12727272727,17,Communication System,Maintenance,1,1,1.0
128175.52,4,32043.88,12,Communication System,Operational,0,0,0.0
135159.84,4,33789.96,3,Armored Vehicle,Operational,0,0,0.0
43621.66,2,21810.83,3,Armored Vehicle,Operational,0,0,0.0
80952.85,4,20238.2125,18,Missile Launcher,Out of Service,0,0,0.0
85246.3,2,42623.15,17,Armored Vehicle,Operational,0,0,0.0
67009.12,4,16752.28,3,Drone,Operational,0,0,0.0
178230.82,4,44557.705,11,Armored Vehicle,Maintenance,0,0,0.0
157617.15,4,39404.2875,13,Tank,Operational,0,0,0.0
128974.46,7,18424.922857142858,2,Armored Vehicle,Operational,0,0,0.005
43556.78,2,21778.39,14,Missile Launcher,Operational,0,0,0.0
129863.61,3,43287.87,12,Tank,Operational,0,0,0.0
182131.52,5,36426.304,20,Communication System,Operational,0,0,0.005
629077.28,15,41938.48533333334,17,Armored Vehicle,Operational,1,1,1.0
17950.02,1,17950.02,12,Truck,Operational,0,0,0.0
0.0,0,0.0,3,Armored Vehicle,Operational,0,0,0.0
156224.8,7,22317.82857142857,7,Generator,Operational,0,0,0.01
178901.62,4,44725.405,11,Missile Launcher,Maintenance,0,0,0.0
176635.19,4,44158.7975,10,Tank,Operational,0,0,0.0
281266.24,7,40180.89142857143,11,Generator,Operational,0,0,0.0
115758.37,3,38586.12333333333,3,Generator,Operational,0,0,0.0
733278.23,17,43134.01352941176,14,Communication System,Operational,1,1,1.0
0.0,0,0.0,7,Truck,Operational,0,0,0.0
302532.17,9,33614.68555555555,18,Drone,Operational,1,1,1.0
175031.84,11,15911.985454545456,13,Communication System,Operational,1,1,1.0
149398.04,5,29879.608,21,Communication System,Operational,0,0,0.005
76006.88,3,25335.626666666667,6,Truck,Operational,0,0,0.0
86851.12,5,17370.224,9,Tank,Operational,0,0,0.0
369619.93,8,46202.49125,12,Communication System,Operational,1,1,1.0
127239.03,3,42413.01,2,Armored Vehicle,Out of Service,0,0,0.005
0.0,0,0.0,18,Drone,Maintenance,0,0,0.0
77281.21,4,19320.3025,1,Armored Vehicle,Operational,0,0,0.0
163894.25,9,18210.472222222223,17,Truck,Maintenance,1,1,1.0
72532.23,3,24177.41,8,Drone,Operational,0,0,0.0
179658.69,4,44914.6725,6,Communication System,Operational,0,0,0.0
124501.21,3,41500.403333333335,21,Truck,Maintenance,0,0,0.0
612521.63,13,47117.04846153846,21,Drone,Maintenance,1,1,1.0
108756.91,4,27189.2275,1,Generator,Operational,0,0,0.0
40537.91,1,40537.91,7,Communication System,Operational,0,0,0.0
248913.34,11,22628.48545454545,15,Drone,Operational,1,1,1.0
54262.86,2,27131.43,1,Drone,Operational,0,0,0.0
81992.66,2,40996.33,21,Armored Vehicle,Operational,0,0,0.0
62712.63,4,15678.1575,14,Communication System,Operational,0,0,0.0
144852.16,8,18106.52,9,Drone,Operational,1,1,0.99
195392.39,5,39078.478,21,Drone,Out of Service,0,0,0.01
162481.98,7,23211.71142857143,4,Missile Launcher,Operational,0,0,0.0
311292.69,16,19455.793125,6,Communication System,Operational,1,1,1.0
83708.3,4,20927.075,6,Communication System,Operational,0,0,0.0
278470.07,6,46411.67833333334,2,Armored Vehicle,Maintenance,0,0,0.02
76765.88,2,38382.94,19,Tank,Operational,0,0,0.0
594725.73,18,33040.31833333333,2,Radar,Maintenance,1,1,1.0
406112.22,13,31239.401538461538,4,Communication System,Maintenance,1,1,1.0
351357.51,12,29279.7925,6,Armored Vehicle,Operational,1,1,1.0
475139.31,17,27949.371176470588,4,Communication System,Out of Service,1,1,1.0
70836.32,4,17709.08,5,Truck,Operational,0,0,0.0
837820.95,20,41891.0475,7,Communication System,Operational,1,1,0.995
239385.22,15,15959.014666666666,16,Tank,Operational,1,1,1.0
131048.4,3,43682.8,2,Communication System,Operational,0,0,0.0
180155.71,9,20017.301111111112,20,Drone,Operational,1,1,0.995
419180.23,20,20959.0115,13,Armored Vehicle,Operational,1,1,1.0
69475.98,3,23158.66,14,Communication System,Operational,0,0,0.0
707125.73,20,35356.2865,12,Drone,Operational,1,1,1.0
342344.07,15,22822.938,13,Truck,Out of Service,1,1,1.0
375224.72,8,46903.09,10,Generator,Operational,1,1,1.0
83254.97,2,41627.485,16,Generator,Operational,0,0,0.0
91790.42,2,45895.21,11,Communication System,Operational,0,0,0.0
323614.9,7,46230.7,21,Communication System,Maintenance,0,0,0.04
42961.11,1,42961.11,16,Radar,Operational,0,0,0.0
253061.3,13,19466.25384615385,14,Missile Launcher,Maintenance,1,1,1.0
20737.54,1,20737.54,6,Armored Vehicle,Operational,0,0,0.0
663627.56,14,47401.96857142857,18,Radar,Operational,1,1,1.0
299799.1,6,49966.51666666666,19,Generator,Out of Service,0,0,0.02
80714.71,3,26904.903333333332,10,Radar,Maintenance,0,0,0.0
326409.01,7,46629.85857142857,18,Missile Launcher,Operational,0,0,0.0
177811.19,9,19756.79888888889,18,Missile Launcher,Maintenance,1,1,1.0
111977.56,3,37325.85333333333,15,Truck,Operational,0,0,0.0
0.0,0,0.0,15,Radar,Operational,0,0,0.0
49528.9,2,24764.45,13,Generator,Out of Service,0,0,0.0
148137.49,3,49379.16333333333,9,Radar,Operational,0,0,0.0
259061.9,17,15238.935294117648,2,Communication System,Operational,1,1,1.0
48717.21,2,24358.605,1,Radar,Operational,0,0,0.0
522621.18,11,47511.016363636365,19,Generator,Out of Service,1,1,1.0
93440.95,3,31146.983333333334,14,Communication System,Operational,0,0,0.0
395259.23,8,49407.40375,18,Drone,Out of Service,1,1,0.995
143063.34,4,35765.835,10,Armored Vehicle,Operational,0,0,0.0
984951.99,20,49247.5995,16,Tank,Operational,1,1,1.0
367679.82,11,33425.43818181818,20,Armored Vehicle,Operational,1,1,1.0
249899.98,7,35699.997142857144,3,Missile Launcher,Operational,0,0,0.035
47994.23,2,23997.115,20,Armored Vehicle,Maintenance,0,0,0.0
78417.71,5,15683.542,16,Generator,Operational,0,0,0.0
87696.79,3,29232.26333333333,21,Radar,Operational,0,0,0.0
192939.29,8,24117.41125,11,Tank,Operational,1,1,0.995
55913.35,2,27956.675,10,Generator,Maintenance,0,0,0.0
112546.97,3,37515.65666666667,3,Truck,Maintenance,0,0,0.0
20292.66,1,20292.66,3,Generator,Operational,0,0,0.0
181609.41,10,18160.941,14,Missile Launcher,Operational,1,1,1.0
114905.91,4,28726.4775,5,Radar,Operational,0,0,0.0
664723.95,17,39101.40882352941,14,Missile Launcher,Operational,1,1,1.0
104611.55,5,20922.31,18,Missile Launcher,Operational,0,0,0.0
17971.43,1,17971.43,9,Generator,Out of Service,0,0,0.005
85105.77,2,42552.885,15,Tank,Operational,0,0,0.0
157494.93,8,19686.86625,2,Generator,Out of Service,1,1,1.0
90917.61,2,45458.805,7,Generator,Operational,0,0,0.0
191630.01,5,38326.002,12,Truck,Operational,0,0,0.0
0.0,0,0.0,19,Communication System,Maintenance,0,0,0.0
128823.93,7,18403.41857142857,13,Truck,Operational,0,0,0.01
0.0,0,0.0,21,Missile Launcher,Maintenance,0,0,0.0
228403.82,8,28550.4775,10,Radar,Operational,1,1,1.0
220544.96,9,24504.995555555557,14,Tank,Operational,1,1,1.0
17420.81,1,17420.81,13,Missile Launcher,Out of Service,0,0,0.005
247950.06,7,35421.43714285714,21,Drone,Operational,0,0,0.0
57613.6,3,19204.533333333333,12,Missile Launcher,Operational,0,0,0.0
220246.23,9,24471.803333333333,13,Generator,Operational,1,1,1.0
344529.58,8,43066.1975,8,Truck,Operational,1,1,0.995
160253.78,7,22893.397142857146,18,Tank,Operational,0,0,0.015
62463.2,2,31231.6,11,Drone,Operational,0,0,0.0
585866.86,17,34462.75647058823,17,Radar,Out of Service,1,1,1.0
128258.74,8,16032.3425,13,Truck,Operational,1,1,0.995
381458.79,8,47682.34875,2,Radar,Maintenance,1,1,0.99
164495.37,9,18277.26333333333,1,Tank,Operational,1,1,1.0
373580.8,9,41508.97777777778,17,Armored Vehicle,Out of Service,1,1,0.995
123782.68,5,24756.536,13,Generator,Operational,0,0,0.0
0.0,0,0.0,4,Truck,Maintenance,0,0,0.0
283938.76,13,21841.44307692308,10,Missile Launcher,Out of Service,1,1,1.0
511367.74,18,28409.318888888887,11,Drone,Operational,1,1,1.0
177829.23,4,44457.3075,10,Radar,Operational,0,0,0.0
105383.25,6,17563.875,17,Armored Vehicle,Out of Service,0,0,0.0
198831.93,7,28404.56142857143,5,Truck,Operational,0,0,0.0
54093.3,2,27046.65,15,Generator,Maintenance,0,0,0.0
235781.13,9,26197.903333333332,9,Missile Launcher,Operational,1,1,1.0
74184.43,4,18546.1075,16,Drone,Maintenance,0,0,0.0
130834.4,4,32708.6,18,Missile Launcher,Out of Service,0,0,0.005
349843.28,8,43730.41,1,Communication System,Operational,1,1,0.99
238393.9,9,26488.21111111111,21,Drone,Operational,1,1,0.985
324846.12,9,36094.013333333336,6,Tank,Operational,1,1,1.0
114395.96,3,38131.98666666667,5,Truck,Operational,0,0,0.0
138135.62,4,34533.905,13,Generator,Maintenance,0,0,0.0
103996.44,6,17332.74,16,Missile Launcher,Operational,0,0,0.005
584232.96,13,44940.99692307692,4,Drone,Operational,1,1,1.0
200105.35,8,25013.16875,12,Drone,Operational,1,1,0.985
144965.66,5,28993.132,14,Communication System,Maintenance,0,0,0.0
744391.7,16,46524.48125,18,Truck,Maintenance,1,1,1.0
270300.07,7,38614.29571428571,14,Missile Launcher,Operational,0,0,0.025
79560.32,2,39780.16,21,Truck,Maintenance,0,0,0.0
347594.02,8,43449.2525,11,Missile Launcher,Operational,1,1,0.995
108754.28,3,36251.426666666666,12,Truck,Out of Service,0,0,0.005
221453.14,7,31636.16285714286,6,Armored Vehicle,Operational,0,0,0.0
150945.38,7,21563.625714285718,21,Tank,Maintenance,0,0,0.025
269588.33,8,33698.54125,21,Armored Vehicle,Operational,1,1,0.995
280016.89,9,31112.98777777778,4,Radar,Operational,1,1,1.0
236565.27,8,29570.65875,1,Communication System,Operational,1,1,0.99
97205.97,3,32401.99,15,Generator,Out of Service,0,0,0.005
206801.63,6,34466.93833333333,13,Radar,Operational,0,0,0.0
194496.0,4,48624.0,3,Armored Vehicle,Operational,0,0,0.0
410941.11,9,45660.12333333333,4,Missile Launcher,Operational,1,1,0.995
87573.3,2,43786.65,20,Tank,Operational,0,0,0.0
197435.53,6,32905.92166666667,1,Communication System,Operational,0,0,0.0
30669.53,1,30669.53,7,Tank,Operational,0,0,0.0
559184.18,17,32893.18705882353,8,Generator,Operational,1,1,1.0
82743.57,2,41371.785,21,Generator,Operational,0,0,0.0
119546.65,4,29886.6625,5,Drone,Operational,0,0,0.0
118233.51,7,16890.501428571428,16,Armored Vehicle,Operational,0,0,0.0
69065.12,4,17266.28,5,Truck,Operational,0,0,0.0
44586.31,1,44586.31,4,Missile Launcher,Operational,0,0,0.0
44533.71,2,22266.855,5,Tank,Out of Service,0,0,0.0
112404.9,5,22480.98,17,Tank,Maintenance,0,0,0.0
39401.96,1,39401.96,20,Tank,Operational,0,0,0.0
439685.0,18,24426.944444444445,8,Missile Launcher,Operational,1,1,1.0
103823.07,4,25955.7675,10,Generator,Operational,0,0,0.0
425691.26,9,47299.02888888889,15,Communication System,Operational,1,1,1.0
87778.18,4,21944.545,8,Armored Vehicle,Operational,0,0,0.0
35642.77,2,17821.385,3,Tank,Operational,0,0,0.0
36836.55,2,18418.275,16,Truck,Operational,0,0,0.0
326291.86,19,17173.255789473682,15,Truck,Operational,1,1,1.0
595754.67,13,45827.28230769231,8,Truck,Operational,1,1,1.0
132864.84,3,44288.28,20,Drone,Operational,0,0,0.0
112649.58,3,37549.86,14,Generator,Operational,0,0,0.0
91677.47,2,45838.735,9,Armored Vehicle,Operational,0,0,0.0
683437.92,17,40202.230588235296,18,Truck,Maintenance,1,1,1.0
191444.83,7,27349.261428571423,5,Truck,Operational,0,0,0.0
173576.3,5,34715.259999999995,20,Communication System,Operational,0,0,0.0
152821.91,4,38205.4775,16,Drone,Operational,0,0,0.0
51038.23,2,25519.115,9,Drone,Operational,0,0,0.0
90184.61,3,30061.536666666667,20,Radar,Operational,0,0,0.0
75068.59,3,25022.86333333333,14,Armored Vehicle,Operational,0,0,0.0
60608.2,2,30304.1,3,Radar,Operational,0,0,0.0
658630.1,16,41164.38125,16,Drone,Out of Service,1,1,1.0
574070.23,18,31892.790555555555,7,Truck,Operational,1,1,1.0
68393.67,3,22797.89,5,Radar,Out of Service,0,0,0.0
663178.26,14,47369.875714285714,2,Missile Launcher,Operational,1,1,1.0
73708.17,4,18427.0425,18,Drone,Operational,0,0,0.0
85892.97,2,42946.485,13,Generator,Operational,0,0,0.0
70503.14,2,35251.57,4,Radar,Operational,0,0,0.0
140924.15,5,28184.83,20,Missile Launcher,Maintenance,0,0,0.0
77129.22,4,19282.305,8,Missile Launcher,Operational,0,0,0.0
232684.16,5,46536.832,2,Missile Launcher,Operational,0,0,0.0
85610.79,2,42805.395,12,Armored Vehicle,Operational,0,0,0.0
111946.66,3,37315.55333333334,3,Tank,Operational,0,0,0.0
464332.44,13,35717.88,20,Armored Vehicle,Operational,1,1,1.0
579750.97,13,44596.228461538456,10,Truck,Operational,1,1,1.0
74126.01,3,24708.67,20,Tank,Operational,0,0,0.0
395040.24,13,30387.71076923077,8,Armored Vehicle,Operational,1,1,1.0
91760.91,2,45880.455,2,Armored Vehicle,Operational,0,0,0.0
37497.38,2,18748.69,15,Communication System,Operational,0,0,0.0
40352.43,1,40352.43,16,Truck,Operational,0,0,0.0
604102.84,13,46469.44923076923,7,Generator,Operational,1,1,1.0
146051.53,9,16227.947777777776,14,Communication System,Operational,1,1,1.0
149385.07,7,21340.72428571429,12,Radar,Operational,0,0,0.005
191573.61,4,47893.4025,19,Generator,Maintenance,0,0,0.0
459580.15,14,32827.15357142857,8,Tank,Operational,1,1,1.0
489170.96,12,40764.246666666666,8,Drone,Operational,1,1,1.0
128092.07,7,18298.867142857143,20,Truck,Maintenance,0,0,0.025
114188.85,3,38062.95,9,Armored Vehicle,Operational,0,0,0.0
364954.81,10,36495.481,14,Missile Launcher,Maintenance,1,1,1.0
68966.13,2,34483.065,2,Generator,Operational,0,0,0.0
76480.86,2,38240.43,16,Generator,Out of Service,0,0,0.0
19657.56,1,19657.56,21,Generator,Maintenance,0,0,0.0
35975.76,1,35975.76,15,Generator,Operational,0,0,0.0
185811.57,8,23226.44625,15,Truck,Operational,1,1,0.99
126235.85,3,42078.61666666667,17,Generator,Maintenance,0,0,0.0
673654.91,20,33682.745500000005,1,Truck,Operational,1,1,1.0
91291.37,5,18258.274,19,Drone,Operational,0,0,0.0
872635.67,18,48479.75944444445,3,Missile Launcher,Operational,1,1,1.0
0.0,0,0.0,16,Truck,Operational,0,0,0.0
90785.39,2,45392.695,3,Truck,Operational,0,0,0.0
190481.25,4,47620.3125,12,Armored Vehicle,Operational,0,0,0.0
196745.34,5,39349.068,19,Armored Vehicle,Operational,0,0,0.0
55644.71,2,27822.355,11,Tank,Operational,0,0,0.0
0.0,0,0.0,4,Truck,Maintenance,0,0,0.0
246247.28,14,17589.091428571428,3,Generator,Operational,1,1,1.0
279981.89,7,39997.41285714286,7,Armored Vehicle,Maintenance,0,0,0.0
231647.02,9,25738.557777777776,16,Drone,Out of Service,1,1,0.995
143479.92,6,23913.320000000003,8,Generator,Operational,0,0,0.0
368434.79,15,24562.319333333333,14,Radar,Operational,1,1,1.0
210578.8,6,35096.46666666667,10,Tank,Operational,0,0,0.0
52300.01,3,17433.336666666666,21,Communication System,Operational,0,0,0.0
84135.54,4,21033.885,20,Drone,Maintenance,0,0,0.0
367319.27,14,26237.090714285718,13,Communication System,Operational,1,1,1.0
188493.58,4,47123.395,1,Communication System,Operational,0,0,0.0
0.0,0,0.0,19,Drone,Out of Service,0,0,0.0
798035.65,17,46943.27352941177,16,Truck,Maintenance,1,1,1.0
125199.59,3,41733.19666666666,8,Missile Launcher,Operational,0,0,0.0
498647.97,10,49864.797,9,Armored Vehicle,Operational,1,1,1.0
210337.65,11,19121.604545454546,20,Generator,Operational,1,1,1.0
181234.75,4,45308.6875,5,Radar,Operational,0,0,0.0
62580.21,2,31290.105,1,Generator,Operational,0,0,0.0
46875.49,1,46875.49,6,Tank,Operational,0,0,0.0
127389.54,7,18198.505714285715,14,Generator,Operational,0,0,0.02
265806.22,8,33225.7775,3,Armored Vehicle,Operational,1,1,1.0
63078.8,2,31539.4,7,Communication System,Operational,0,0,0.0
231711.93,12,19309.3275,6,Communication System,Operational,1,1,1.0
404147.74,9,44905.304444444446,17,Armored Vehicle,Operational,1,1,1.0
554623.09,12,46218.59083333333,8,Communication System,Operational,1,1,1.0
81783.27,2,40891.635,3,Drone,Operational,0,0,0.0
25347.77,1,25347.77,20,Missile Launcher,Operational,0,0,0.0
286789.19,16,17924.324375,11,Generator,Operational,1,1,1.0
338888.25,17,19934.602941176472,4,Armored Vehicle,Operational,1,1,1.0
55453.7,3,18484.566666666666,1,Tank,Operational,0,0,0.0
124308.85,3,41436.28333333333,14,Missile Launcher,Operational,0,0,0.0
211766.77,9,23529.64111111111,16,Truck,Maintenance,1,1,0.995
477552.56,14,34110.897142857146,15,Tank,Operational,1,1,1.0
421273.01,14,30090.929285714286,10,Truck,Out of Service,1,1,0.995
165481.49,6,27580.248333333333,1,Radar,Operational,0,0,0.005
262804.63,9,29200.514444444445,2,Radar,Operational,1,1,0.99
149642.48,5,29928.496000000003,6,Truck,Operational,0,0,0.0
370421.03,8,46302.62875,6,Drone,Operational,1,1,1.0
691822.62,14,49415.90142857143,15,Armored Vehicle,Operational,1,1,1.0
724685.93,17,42628.58411764706,7,Generator,Operational,1,1,1.0
178109.17,4,44527.2925,15,Radar,Maintenance,0,0,0.0
166591.97,4,41647.9925,7,Communication System,Operational,0,0,0.0
34210.17,1,34210.17,13,Armored Vehicle,Operational,0,0,0.0
173138.03,4,43284.5075,11,Truck,Operational,0,0,0.0
251471.76,7,35924.537142857145,2,Generator,Operational,0,0,0.02
0.0,0,0.0,16,Radar,Out of Service,0,0,0.0
274537.43,9,30504.158888888887,11,Missile Launcher,Maintenance,1,1,1.0
49286.75,1,49286.75,7,Radar,Operational,0,0,0.0
216196.23,6,36032.705,19,Generator,Out of Service,0,0,0.0
59630.83,3,19876.943333333333,21,Generator,Maintenance,0,0,0.0
116283.65,4,29070.9125,7,Truck,Operational,0,0,0.0
56401.69,3,18800.56333333333,21,Drone,Operational,0,0,0.0
363638.91,9,40404.32333333333,4,Generator,Operational,1,1,1.0
107407.68,3,35802.56,4,Missile Launcher,Operational,0,0,0.0
62896.66,3,20965.553333333333,21,Truck,Maintenance,0,0,0.005
0.0,0,0.0,12,Armored Vehicle,Operational,0,0,0.0
149482.77,3,49827.59,16,Tank,Operational,0,0,0.0
401422.76,15,26761.517333333333,6,Communication System,Operational,1,1,0.995
178452.58,8,22306.5725,5,Armored Vehicle,Operational,1,1,1.0
76813.61,4,19203.4025,12,Tank,Operational,0,0,0.0
205574.51,13,15813.423846153846,18,Radar,Operational,1,1,1.0
156642.41,5,31328.482,11,Drone,Operational,0,0,0.0
99080.99,3,33026.996666666666,7,Drone,Out of Service,0,0,0.0
323931.86,8,40491.4825,18,Truck,Operational,1,1,0.99
212146.58,13,16318.967692307691,9,Radar,Operational,1,1,1.0
221472.43,7,31638.91857142857,15,Communication System,Operational,0,0,0.0
161724.39,5,32344.878000000004,9,Truck,Out of Service,0,0,0.0
170951.22,4,42737.805,11,Missile Launcher,Operational,0,0,0.0
0.0,0,0.0,20,Drone,Operational,0,0,0.0
148327.85,4,37081.9625,5,Radar,Operational,0,0,0.0
44456.1,2,22228.05,21,Armored Vehicle,Maintenance,0,0,0.0
126223.77,7,18031.967142857146,15,Communication System,Operational,0,0,0.01
36515.13,1,36515.13,9,Radar,Maintenance,0,0,0.005
371864.58,18,20659.143333333333,14,Missile Launcher,Operational,1,1,1.0
153969.91,4,38492.4775,7,Truck,Out of Service,0,0,0.0
90089.26,2,45044.63,8,Generator,Operational,0,0,0.0
368091.91,9,40899.10111111111,10,Communication System,Operational,1,1,1.0
93274.7,2,46637.35,7,Armored Vehicle,Operational,0,0,0.0
48204.52,2,24102.26,17,Radar,Operational,0,0,0.0
187344.73,7,26763.532857142854,11,Missile Launcher,Operational,0,0,0.005
45841.75,3,15280.583333333334,10,Generator,Operational,0,0,0.0
57494.65,2,28747.325,3,Drone,Operational,0,0,0.0
187785.57,4,46946.3925,3,Radar,Operational,0,0,0.0
147999.91,5,29599.982,9,Armored Vehicle,Operational,0,0,0.0
0.0,0,0.0,6,Generator,Operational,0,0,0.0
52337.22,3,17445.74,20,Missile Launcher,Operational,0,0,0.0
0.0,0,0.0,2,Missile Launcher,Operational,0,0,0.0
94580.7,3,31526.9,3,Communication System,Maintenance,0,0,0.0
94878.97,4,23719.7425,14,Communication System,Operational,0,0,0.0
128175.31,6,21362.551666666663,1,Missile Launcher,Operational,0,0,0.0
90542.18,4,22635.545,15,Missile Launcher,Operational,0,0,0.0
16202.05,1,16202.05,16,Armored Vehicle,Maintenance,0,0,0.0
594553.03,20,29727.6515,14,Missile Launcher,Operational,1,1,1.0
114408.96,5,22881.792,3,Missile Launcher,Operational,0,0,0.0
92932.51,3,30977.50333333333,14,Armored Vehicle,Operational,0,0,0.0
49103.94,2,24551.97,16,Truck,Maintenance,0,0,0.0
44070.26,2,22035.13,7,Generator,Operational,0,0,0.0
382421.8,18,21245.655555555557,8,Tank,Operational,1,1,1.0
285639.48,9,31737.72,14,Communication System,Operational,1,1,1.0
480856.28,20,24042.814,11,Missile Launcher,Operational,1,1,1.0
496782.29,11,45162.02636363636,2,Generator,Operational,1,1,1.0
67938.36,3,22646.12,7,Truck,Operational,0,0,0.0
173596.86,8,21699.6075,3,Truck,Operational,1,1,1.0
231242.97,6,38540.495,10,Communication System,Operational,0,0,0.0
386196.79,15,25746.452666666664,1,Missile Launcher,Operational,1,1,1.0
67083.41,4,16770.8525,5,Armored Vehicle,Operational,0,0,0.0
0.0,0,0.0,13,Armored Vehicle,Operational,0,0,0.0
825295.36,18,45849.74222222222,8,Tank,Operational,1,1,1.0
198729.96,7,28389.994285714285,20,Truck,Maintenance,0,0,0.005
147749.94,3,49249.98,5,Armored Vehicle,Operational,0,0,0.0
208193.16,11,18926.65090909091,11,Missile Launcher,Operational,1,1,1.0
508081.95,16,31755.121875,12,Radar,Operational,1,1,1.0
86515.52,3,28838.506666666668,18,Missile Launcher,Maintenance,0,0,0.0
93457.05,2,46728.525,8,Armored Vehicle,Operational,0,0,0.0
506444.63,14,36174.61642857143,20,Generator,Operational,1,1,1.0
109474.13,6,18245.68833333333,12,Generator,Operational,0,0,0.0
92748.18,3,30916.06,5,Communication System,Operational,0,0,0.0
0.0,0,0.0,2,Armored Vehicle,Maintenance,0,0,0.0
156804.74,4,39201.185,7,Missile Launcher,Operational,0,0,0.0
101258.33,4,25314.5825,7,Radar,Operational,0,0,0.0
148367.05,4,37091.7625,4,Missile Launcher,Operational,0,0,0.0
164195.44,8,20524.43,16,Truck,Maintenance,1,1,1.0
533785.86,15,35585.724,16,Drone,Maintenance,1,1,1.0
106346.46,3,35448.82,11,Communication System,Operational,0,0,0.0
121233.65,3,40411.21666666667,7,Radar,Operational,0,0,0.0
231805.57,5,46361.114,7,Communication System,Operational,0,0,0.0
156475.72,9,17386.19111111111,17,Truck,Operational,1,1,0.995
92223.29,2,46111.645,9,Radar,Operational,0,0,0.0
81679.07,4,20419.7675,20,Missile Launcher,Operational,0,0,0.0
0.0,0,0.0,6,Generator,Operational,0,0,0.0
259616.08,7,37088.01142857143,15,Truck,Operational,0,0,0.0
34670.16,2,17335.08,19,Communication System,Maintenance,0,0,0.0
32360.16,1,32360.16,9,Generator,Operational,0,0,0.0
33559.45,1,33559.45,21,Communication System,Maintenance,0,0,0.0
66100.07,4,16525.0175,14,Drone,Operational,0,0,0.0
305498.25,7,43642.607142857145,7,Truck,Operational,0,0,0.0
389874.8,9,43319.42222222222,19,Missile Launcher,Operational,1,1,1.0
125894.15,6,20982.358333333334,12,Communication System,Operational,0,0,0.0
87584.29,2,43792.145,7,Missile Launcher,Operational,0,0,0.0
881866.48,19,46414.02526315789,15,Truck,Operational,1,1,1.0
229544.79,6,38257.465,12,Armored Vehicle,Operational,0,0,0.0
92014.94,2,46007.47,15,Radar,Operational,0,0,0.0
31722.35,2,15861.175,7,Generator,Maintenance,0,0,0.0
635464.09,19,33445.47842105263,8,Drone,Operational,1,1,1.0
236929.58,8,29616.1975,16,Missile Launcher,Operational,1,1,1.0
0.0,0,0.0,18,Armored Vehicle,Operational,0,0,0.0
163498.57,4,40874.6425,9,Drone,Maintenance,0,0,0.0
115848.9,3,38616.3,9,Radar,Operational,0,0,0.0
61096.42,4,15274.105,10,Missile Launcher,Operational,0,0,0.0
169211.09,4,42302.7725,10,Generator,Operational,0,0,0.0
66915.72,3,22305.24,1,Generator,Maintenance,0,0,0.0
76956.99,5,15391.398,7,Drone,Operational,0,0,0.0
66949.33,3,22316.443333333333,5,Generator,Operational,0,0,0.0
45018.75,1,45018.75,10,Truck,Operational,0,0,0.0
33247.36,2,16623.68,10,Missile Launcher,Operational,0,0,0.0
0.0,0,0.0,7,Radar,Operational,0,0,0.0
93643.82,2,46821.91,9,Tank,Operational,0,0,0.0
43115.2,2,21557.6,8,Communication System,Out of Service,0,0,0.0
25577.75,1,25577.75,13,Generator,Operational,0,0,0.0
227090.27,12,18924.189166666667,15,Communication System,Operational,1,1,1.0
409955.77,15,27330.38466666667,4,Truck,Operational,1,1,1.0
195464.84,11,17769.53090909091,21,Generator,Operational,1,1,1.0
139405.33,5,27881.066,6,Radar,Operational,0,0,0.0
566815.14,13,43601.164615384616,17,Radar,Maintenance,1,1,1.0
293499.84,14,20964.274285714288,18,Tank,Operational,1,1,1.0
105552.41,4,26388.1025,19,Communication System,Operational,0,0,0.0
22350.36,1,22350.36,19,Missile Launcher,Operational,0,0,0.0
783378.21,17,46081.071176470585,2,Radar,Operational,1,1,1.0
77488.74,2,38744.37,17,Drone,Maintenance,0,0,0.0
394378.77,14,28169.912142857145,17,Tank,Operational,1,1,1.0
262435.26,7,37490.75142857143,8,Communication System,Operational,0,0,0.01
220339.74,7,31477.105714285717,13,Truck,Operational,0,0,0.0
47891.24,2,23945.62,3,Tank,Operational,0,0,0.0
212397.73,5,42479.546,4,Truck,Operational,0,0,0.005
66226.32,2,33113.16,11,Radar,Operational,0,0,0.0
0.0,0,0.0,7,Missile Launcher,Operational,0,0,0.0
421215.07,19,22169.21421052632,10,Radar,Operational,1,1,1.0
111408.04,3,37136.01333333333,14,Truck,Maintenance,0,0,0.0
26805.81,1,26805.81,2,Generator,Operational,0,0,0.0
0.0,0,0.0,15,Communication System,Operational,0,0,0.0
129921.0,4,32480.25,7,Tank,Operational,0,0,0.0
531558.04,17,31268.120000000003,11,Drone,Operational,1,1,1.0
156047.71,7,22292.53,12,Generator,Operational,0,0,0.005
46552.52,1,46552.52,17,Radar,Out of Service,0,0,0.0
42580.4,2,21290.2,3,Drone,Operational,0,0,0.0
571301.35,18,31738.963888888888,12,Communication System,Operational,1,1,1.0
208704.78,5,41740.956,14,Communication System,Operational,0,0,0.0
417203.59,11,37927.59909090909,21,Drone,Maintenance,1,1,1.0
350544.69,20,17527.2345,8,Tank,Operational,1,1,1.0
0.0,0,0.0,20,Drone,Maintenance,0,0,0.0
82918.44,2,41459.22,16,Communication System,Maintenance,0,0,0.0
91953.54,2,45976.77,12,Armored Vehicle,Operational,0,0,0.0
71009.65,3,23669.88333333333,3,Truck,Out of Service,0,0,0.0
472881.14,17,27816.537647058823,18,Armored Vehicle,Maintenance,1,1,1.0
165677.52,6,27612.92,20,Truck,Maintenance,0,0,0.0
213114.24,9,23679.36,16,Drone,Out of Service,1,1,0.995
0.0,0,0.0,11,Truck,Operational,0,0,0.0
133368.29,3,44456.09666666667,20,Drone,Operational,0,0,0.0
80281.76,5,16056.352,1,Armored Vehicle,Operational,0,0,0.0
77973.59,3,25991.196666666667,9,Armored Vehicle,Operational,0,0,0.0
105996.41,5,21199.282,7,Generator,Operational,0,0,0.0
0.0,0,0.0,9,Truck,Operational,0,0,0.0
133972.69,4,33493.1725,8,Radar,Operational,0,0,0.0
264408.37,8,33051.04625,11,Communication System,Operational,1,1,1.0
51925.06,3,17308.353333333333,4,Communication System,Operational,0,0,0.0
228209.71,5,45641.942,18,Communication System,Maintenance,0,0,0.0
572586.79,18,31810.377222222225,21,Drone,Operational,1,1,1.0
179080.14,7,25582.877142857145,15,Communication System,Operational,0,0,0.005
0.0,0,0.0,11,Tank,Operational,0,0,0.0
107163.5,4,26790.875,20,Tank,Operational,0,0,0.0
270255.33,8,33781.91625,18,Radar,Operational,1,1,1.0
27495.08,1,27495.08,1,Communication System,Operational,0,0,0.0
55269.51,3,18423.17,21,Armored Vehicle,Operational,0,0,0.0
49192.94,1,49192.94,15,Tank,Operational,0,0,0.0
333495.33,8,41686.91625,15,Generator,Operational,1,1,1.0
26737.95,1,26737.95,21,Drone,Maintenance,0,0,0.0
94272.12,4,23568.03,2,Missile Launcher,Operational,0,0,0.0
34045.29,1,34045.29,14,Armored Vehicle,Operational,0,0,0.0
106665.37,4,26666.3425,6,Armored Vehicle,Operational,0,0,0.0
188066.94,5,37613.388,14,Armored Vehicle,Operational,0,0,0.0
160822.51,7,22974.644285714287,4,Drone,Out of Service,0,0,0.015
249018.65,6,41503.10833333333,8,Armored Vehicle,Operational,0,0,0.0
82707.75,5,16541.55,16,Truck,Operational,0,0,0.0
88587.2,2,44293.6,18,Drone,Maintenance,0,0,0.0
298586.8,12,24882.233333333334,19,Radar,Out of Service,1,1,1.0
70290.36,4,17572.59,21,Armored Vehicle,Maintenance,0,0,0.0
56287.11,2,28143.555,17,Drone,Operational,0,0,0.0
247847.79,7,35406.827142857146,6,Radar,Operational,0,0,0.005
26386.32,1,26386.32,15,Tank,Operational,0,0,0.0
211699.87,7,30242.83857142857,9,Communication System,Operational,0,0,0.0
107649.01,3,35883.003333333334,6,Armored Vehicle,Operational,0,0,0.0
731702.02,17,43041.29529411765,14,Missile Launcher,Operational,1,1,1.0
287679.64,7,41097.09142857143,7,Generator,Operational,0,0,0.005
103077.16,4,25769.29,11,Tank,Operational,0,0,0.0
119118.36,7,17016.908571428572,7,Armored Vehicle,Maintenance,0,0,0.005
199626.98,6,33271.16333333334,17,Missile Launcher,Maintenance,0,0,0.0
98012.31,6,16335.385,9,Drone,Maintenance,0,0,0.0
693755.53,14,49553.96642857143,3,Truck,Operational,1,1,1.0
856196.6,20,42809.83,21,Generator,Operational,1,1,1.0
306907.74,13,23608.28769230769,1,Truck,Operational,1,1,1.0
265700.96,14,18978.640000000003,7,Missile Launcher,Operational,1,1,1.0
975914.15,20,48795.7075,4,Radar,Operational,1,1,1.0
60400.66,4,15100.165,9,Radar,Operational,0,0,0.0
192140.0,9,21348.88888888889,8,Drone,Operational,1,1,1.0
867562.85,18,48197.93611111111,5,Drone,Operational,1,1,1.0
289058.37,9,32117.596666666665,8,Truck,Operational,1,1,1.0
580225.23,14,41444.65928571428,21,Tank,Operational,1,1,1.0
399086.35,9,44342.927777777775,4,Radar,Operational,1,1,1.0
38956.22,2,19478.11,7,Armored Vehicle,Maintenance,0,0,0.005
23194.07,1,23194.07,3,Missile Launcher,Operational,0,0,0.0
174397.06,4,43599.265,16,Missile Launcher,Maintenance,0,0,0.0
47512.37,1,47512.37,1,Missile Launcher,Operational,0,0,0.0
236028.44,7,33718.34857142857,21,Tank,Operational,0,0,0.005
247416.49,6,41236.081666666665,4,Radar,Operational,0,0,0.0
59139.48,2,29569.74,13,Generator,Operational,0,0,0.0
148799.06,3,49599.68666666667,16,Armored Vehicle,Operational,0,0,0.0
0.0,0,0.0,7,Radar,Operational,0,0,0.0
210579.67,9,23397.741111111118,17,Generator,Operational,1,1,1.0
938649.32,19,49402.59578947368,15,Communication System,Operational,1,1,1.0
109516.45,3,36505.48333333333,9,Radar,Maintenance,0,0,0.005
664337.54,14,47452.68142857143,2,Armored Vehicle,Operational,1,1,1.0
470660.42,11,42787.310909090906,6,Drone,Maintenance,1,1,1.0
141696.93,3,47232.31,7,Generator,Operational,0,0,0.0
26892.52,1,26892.52,1,Tank,Operational,0,0,0.0
243601.55,5,48720.31,9,Missile Launcher,Operational,0,0,0.0
365413.02,9,40601.44666666667,15,Communication System,Operational,1,1,1.0
642664.91,16,40166.556875,21,Generator,Operational,1,1,1.0
0.0,0,0.0,6,Truck,Operational,0,0,0.0
91175.85,4,22793.9625,21,Communication System,Operational,0,0,0.0
106770.55,3,35590.183333333334,3,Drone,Out of Service,0,0,0.0
268714.39,7,38387.77,13,Tank,Operational,0,0,0.0
275823.7,7,39403.38571428572,15,Truck,Operational,0,0,0.01
207049.65,5,41409.93,3,Armored Vehicle,Operational,0,0,0.0
142714.38,3,47571.46,2,Generator,Operational,0,0,0.0
74428.93,4,18607.2325,18,Missile Launcher,Operational,0,0,0.0
109651.7,3,36550.566666666666,5,Communication System,Operational,0,0,0.0
439794.37,13,33830.336153846154,8,Truck,Operational,1,1,1.0
27293.14,1,27293.14,18,Tank,Operational,0,0,0.0
750195.55,17,44129.15,12,Radar,Maintenance,1,1,1.0
116425.1,5,23285.02,13,Radar,Operational,0,0,0.0
505666.76,11,45969.70545454545,18,Missile Launcher,Operational,1,1,1.0
0.0,0,0.0,3,Communication System,Operational,0,0,0.0
84888.84,4,21222.21,17,Tank,Operational,0,0,0.0
234187.34,7,33455.334285714285,15,Communication System,Operational,0,0,0.01
363735.24,8,45466.905,8,Tank,Operational,1,1,1.0
364416.56,9,40490.72888888889,4,Truck,Operational,1,1,1.0
254080.74,11,23098.24909090909,21,Missile Launcher,Out of Service,1,1,1.0
619607.68,15,41307.17866666667,5,Armored Vehicle,Operational,1,1,1.0
41315.41,1,41315.41,2,Tank,Operational,0,0,0.0
141472.19,3,47157.39666666667,8,Communication System,Operational,0,0,0.0
52597.17,3,17532.39,8,Tank,Operational,0,0,0.0
72738.63,3,24246.210000000003,3,Drone,Operational,0,0,0.0
226266.11,8,28283.26375,14,Radar,Operational,1,1,0.99
99991.78,2,49995.89,1,Truck,Operational,0,0,0.005
91066.74,2,45533.37,5,Communication System,Operational,0,0,0.0
139659.29,9,15517.69888888889,3,Communication System,Operational,1,1,0.995
56589.39,2,28294.695,16,Drone,Maintenance,0,0,0.0
92800.15,6,15466.691666666666,14,Drone,Operational,0,0,0.0
159369.41,4,39842.3525,2,Drone,Operational,0,0,0.0
192781.22,10,19278.122,19,Radar,Out of Service,1,1,1.0
690352.96,20,34517.648,21,Drone,Out of Service,1,1,1.0
249065.07,5,49813.014,6,Communication System,Operational,0,0,0.0
381014.41,9,42334.93444444444,3,Tank,Operational,1,1,1.0
82809.7,4,20702.425,15,Armored Vehicle,Operational,0,0,0.0
100607.97,3,33535.99,20,Drone,Out of Service,0,0,0.0
0.0,0,0.0,5,Generator,Operational,0,0,0.0
267094.59,12,22257.882500000003,17,Armored Vehicle,Maintenance,1,1,0.99
43810.51,2,21905.255,13,Missile Launcher,Operational,0,0,0.0
134773.85,5,26954.77,17,Tank,Operational,0,0,0.0
0.0,0,0.0,6,Armored Vehicle,Operational,0,0,0.0
590562.59,20,29528.1295,2,Tank,Operational,1,1,1.0
313882.83,9,34875.87,21,Drone,Operational,1,1,1.0
131906.47,3,43968.82333333333,10,Armored Vehicle,Operational,0,0,0.0
138573.43,4,34643.3575,10,Generator,Maintenance,0,0,0.0
348812.41,9,38756.93444444444,8,Truck,Operational,1,1,1.0
109656.08,5,21931.216,8,Drone,Operational,0,0,0.0
102181.43,4,25545.3575,3,Radar,Operational,0,0,0.0
36393.71,1,36393.71,19,Drone,Maintenance,0,0,0.0
0.0,0,0.0,13,Missile Launcher,Operational,0,0,0.0
82466.14,3,27488.713333333333,12,Missile Launcher,Operational,0,0,0.0
614624.26,17,36154.36823529412,16,Generator,Operational,1,1,1.0
107109.05,6,17851.508333333335,11,Generator,Operational,0,0,0.0
0.0,0,0.0,14,Truck,Operational,0,0,0.0
137119.75,6,22853.291666666668,7,Communication System,Operational,0,0,0.0
96343.36,4,24085.84,1,Tank,Maintenance,0,0,0.0
500358.3,20,25017.915,11,Armored Vehicle,Maintenance,1,1,1.0
288944.75,10,28894.475,19,Truck,Maintenance,1,1,1.0
185218.49,6,30869.748333333333,18,Generator,Operational,0,0,0.0
0.0,0,0.0,15,Radar,Operational,0,0,0.0
81581.84,2,40790.92,7,Armored Vehicle,Operational,0,0,0.0
231713.54,5,46342.708,7,Tank,Operational,0,0,0.0
118891.7,4,29722.925,12,Armored Vehicle,Operational,0,0,0.0
25593.25,1,25593.25,15,Radar,Operational,0,0,0.0
360227.82,8,45028.4775,17,Armored Vehicle,Out of Service,1,1,0.995
55665.76,2,27832.88,1,Tank,Operational,0,0,0.0
131433.83,3,43811.276666666665,16,Missile Launcher,Operational,0,0,0.0
23213.58,1,23213.58,8,Radar,Operational,0,0,0.0
143288.11,9,15920.90111111111,11,Truck,Operational,1,1,0.99
101794.96,5,20358.992,17,Communication System,Operational,0,0,0.0
444469.46,9,49385.49555555556,17,Radar,Maintenance,1,1,1.0
45340.14,3,15113.38,6,Tank,Operational,0,0,0.0
361024.28,12,30085.35666666667,17,Tank,Operational,1,1,1.0
472231.97,13,36325.53615384615,11,Tank,Maintenance,1,1,1.0
360783.17,19,18988.58789473684,21,Radar,Maintenance,1,1,1.0
89836.89,2,44918.445,2,Tank,Operational,0,0,0.0
36834.95,1,36834.95,7,Armored Vehicle,Operational,0,0,0.0
248296.2,6,41382.7,6,Communication System,Operational,0,0,0.0
690395.72,14,49313.98,17,Communication System,Maintenance,1,1,0.99
232794.65,7,33256.37857142857,2,Communication System,Operational,0,0,0.0
189938.68,4,47484.67,16,Generator,Operational,0,0,0.0
239276.58,9,26586.286666666667,10,Radar,Operational,1,1,1.0
328873.99,8,41109.24875,21,Truck,Maintenance,1,1,0.99
101766.95,3,33922.316666666666,4,Radar,Operational,0,0,0.0
194474.69,5,38894.938,9,Radar,Operational,0,0,0.0
85574.44,4,21393.61,10,Generator,Maintenance,0,0,0.0
66089.01,2,33044.505,9,Truck,Operational,0,0,0.0
66778.64,2,33389.32,5,Armored Vehicle,Operational,0,0,0.0
216635.93,5,43327.186,19,Tank,Out of Service,0,0,0.0
84500.61,4,21125.1525,4,Radar,Operational,0,0,0.0
58070.43,3,19356.81,6,Communication System,Maintenance,0,0,0.0
218818.61,7,31259.801428571427,6,Armored Vehicle,Operational,0,0,0.0
687166.77,16,42947.923125,21,Truck,Operational,1,1,1.0
147064.08,7,21009.154285714285,5,Generator,Operational,0,0,0.005
129212.9,3,43070.96666666667,14,Truck,Operational,0,0,0.0
0.0,0,0.0,5,Communication System,Operational,0,0,0.0
88137.52,3,29379.173333333336,13,Generator,Operational,0,0,0.0
104439.63,5,20887.926,20,Armored Vehicle,Operational,0,0,0.0
487244.63,18,27069.146111111117,9,Armored Vehicle,Operational,1,1,1.0
226193.81,6,37698.96833333333,4,Communication System,Operational,0,0,0.0
161493.26,8,20186.6575,13,Communication System,Operational,1,1,1.0
0.0,0,0.0,2,Tank,Operational,0,0,0.0
27693.37,1,27693.37,5,Communication System,Operational,0,0,0.0
111783.85,3,37261.28333333333,9,Missile Launcher,Operational,0,0,0.0
132193.52,6,22032.25333333333,4,Communication System,Operational,0,0,0.0
112082.13,3,37360.71,13,Truck,Operational,0,0,0.0
183177.72,12,15264.81,1,Missile Launcher,Maintenance,1,1,0.975
213841.01,5,42768.202000000005,21,Armored Vehicle,Operational,0,0,0.01
753440.68,20,37672.034,21,Missile Launcher,Maintenance,1,1,1.0
123971.4,7,17710.2,4,Generator,Out of Service,0,0,0.02
55481.47,2,27740.735,3,Truck,Operational,0,0,0.0
167822.76,9,18646.97333333333,8,Truck,Operational,1,1,1.0
530918.37,15,35394.558,11,Missile Launcher,Operational,1,1,1.0
159354.12,5,31870.824,17,Communication System,Operational,0,0,0.0
0.0,0,0.0,18,Tank,Operational,0,0,0.0
0.0,0,0.0,21,Tank,Operational,0,0,0.0
43946.1,1,43946.1,21,Communication System,Maintenance,0,0,0.0
66306.16,2,33153.08,3,Tank,Operational,0,0,0.0
66619.82,2,33309.91,5,Communication System,Operational,0,0,0.0
389943.94,17,22937.87882352941,11,Drone,Out of Service,1,1,1.0
78198.93,3,26066.31,11,Drone,Operational,0,0,0.0
590403.79,12,49200.31583333333,20,Communication System,Maintenance,1,1,0.995
552444.27,14,39460.305,19,Missile Launcher,Operational,1,1,1.0
225795.06,7,32256.437142857143,15,Communication System,Operational,0,0,0.005
44019.96,2,22009.98,5,Communication System,Operational,0,0,0.0
51727.38,2,25863.69,15,Tank,Maintenance,0,0,0.0
149590.07,8,18698.75875,2,Armored Vehicle,Maintenance,1,1,0.985
213274.58,6,35545.76333333333,9,Tank,Operational,0,0,0.0
87772.18,4,21943.045,2,Communication System,Operational,0,0,0.0
54584.57,3,18194.856666666667,18,Drone,Out of Service,0,0,0.0
88771.59,2,44385.795,11,Armored Vehicle,Operational,0,0,0.0
362034.22,15,24135.614666666665,20,Generator,Out of Service,1,1,1.0
327632.3,20,16381.615,7,Generator,Operational,1,1,1.0
292443.64,6,48740.60666666667,20,Truck,Out of Service,0,0,0.01
262574.87,6,43762.47833333333,19,Generator,Maintenance,0,0,0.005
117443.6,4,29360.9,7,Armored Vehicle,Operational,0,0,0.0
191592.47,4,47898.1175,1,Drone,Operational,0,0,0.0
221709.96,8,27713.745,3,Communication System,Maintenance,1,1,0.98
348912.09,7,49844.58428571429,6,Generator,Operational,0,0,0.02
152997.66,4,38249.415,7,Missile Launcher,Operational,0,0,0.0
0.0,0,0.0,5,Truck,Operational,0,0,0.0
107281.1,7,15325.871428571429,1,Drone,Operational,0,0,0.0
0.0,0,0.0,2,Drone,Maintenance,0,0,0.0
134827.16,4,33706.79,16,Drone,Operational,0,0,0.0
333633.92,18,18535.217777777776,1,Truck,Operational,1,1,1.0
30938.09,1,30938.09,19,Truck,Out of Service,0,0,0.0
115921.65,5,23184.33,1,Radar,Operational,0,0,0.0
0.0,0,0.0,8,Truck,Operational,0,0,0.0
81333.39,4,20333.3475,7,Communication System,Maintenance,0,0,0.0
392883.04,8,49110.38,20,Truck,Operational,1,1,1.0
72367.13,4,18091.7825,6,Communication System,Out of Service,0,0,0.0
216820.91,5,43364.182,17,Truck,Out of Service,0,0,0.0
151303.11,4,37825.7775,16,Generator,Operational,0,0,0.0
46400.2,3,15466.733333333332,11,Armored Vehicle,Operational,0,0,0.0
260181.8,8,32522.725,4,Drone,Operational,1,1,1.0
132376.21,4,33094.0525,14,Armored Vehicle,Operational,0,0,0.0
659998.24,15,43999.882666666665,9,Drone,Maintenance,1,1,1.0
55085.42,2,27542.71,4,Truck,Operational,0,0,0.0
598270.9,15,39884.72666666667,9,Missile Launcher,Operational,1,1,1.0
178098.93,5,35619.786,17,Tank,Operational,0,0,0.0
45150.84,3,15050.28,19,Armored Vehicle,Out of Service,0,0,0.0
0.0,0,0.0,8,Drone,Operational,0,0,0.0
41520.92,1,41520.92,3,Missile Launcher,Operational,0,0,0.0
272810.21,9,30312.24555555556,4,Truck,Maintenance,1,1,0.995
192936.61,9,21437.40111111111,4,Radar,Operational,1,1,1.0
469199.85,16,29324.990625,19,Armored Vehicle,Maintenance,1,1,1.0
98969.16,3,32989.72,8,Drone,Out of Service,0,0,0.0
89747.93,2,44873.965,19,Communication System,Operational,0,0,0.0
20962.44,1,20962.44,12,Communication System,Operational,0,0,0.0
240442.75,13,18495.596153846152,8,Tank,Operational,1,1,1.0
76896.44,2,38448.22,1,Drone,Operational,0,0,0.0
469263.42,13,36097.18615384615,14,Drone,Operational,1,1,1.0
73138.82,4,18284.705,2,Tank,Operational,0,0,0.0
128864.14,3,42954.71333333333,14,Drone,Maintenance,0,0,0.0
199715.34,12,16642.945,13,Generator,Operational,1,1,1.0
233931.81,10,23393.181,14,Missile Launcher,Maintenance,1,1,1.0
44371.78,1,44371.78,3,Drone,Maintenance,0,0,0.0
448329.27,11,40757.20636363637,6,Generator,Maintenance,1,1,1.0
666420.79,17,39201.22294117647,5,Generator,Operational,1,1,1.0
83276.36,3,27758.786666666667,15,Truck,Operational,0,0,0.0
277729.88,6,46288.31333333333,15,Drone,Operational,0,0,0.005
157610.94,4,39402.735,7,Radar,Maintenance,0,0,0.005
31321.77,2,15660.885,13,Missile Launcher,Operational,0,0,0.0
70538.03,3,23512.676666666663,18,Radar,Operational,0,0,0.0
30514.7,1,30514.7,10,Tank,Operational,0,0,0.0
383936.11,18,21329.783888888887,13,Communication System,Operational,1,1,1.0
63920.67,3,21306.89,4,Truck,Operational,0,0,0.0
731974.51,20,36598.7255,11,Generator,Operational,1,1,1.0
383929.1,10,38392.91,20,Generator,Operational,1,1,0.995
233160.56,5,46632.112,9,Truck,Maintenance,0,0,0.0
54909.46,2,27454.73,12,Radar,Operational,0,0,0.0
86379.97,3,28793.323333333334,16,Truck,Operational,0,0,0.0
33585.46,1,33585.46,16,Missile Launcher,Operational,0,0,0.0
0.0,0,0.0,7,Radar,Operational,0,0,0.0
375174.3,12,31264.525,5,Communication System,Operational,1,1,1.0
290474.25,8,36309.28125,9,Truck,Operational,1,1,1.0
442838.82,16,27677.42625,18,Tank,Operational,1,1,1.0
91978.06,3,30659.353333333333,21,Tank,Operational,0,0,0.0
0.0,0,0.0,5,Armored Vehicle,Operational,0,0,0.0
338315.15,15,22554.34333333333,11,Communication System,Operational,1,1,1.0
399317.25,17,23489.25,4,Truck,Operational,1,1,1.0
127249.38,4,31812.345,19,Communication System,Operational,0,0,0.0
74589.55,4,18647.3875,10,Drone,Operational,0,0,0.0
38008.6,2,19004.3,7,Truck,Operational,0,0,0.0
62130.28,2,31065.14,4,Truck,Maintenance,0,0,0.0
129970.55,5,25994.11,3,Generator,Operational,0,0,0.0
403069.65,9,44785.51666666667,12,Missile Launcher,Operational,1,1,1.0
143942.56,3,47980.85333333333,19,Missile Launcher,Operational,0,0,0.0
213530.73,6,35588.455,1,Radar,Operational,0,0,0.0
54873.05,3,18291.016666666663,18,Armored Vehicle,Operational,0,0,0.0
36304.41,2,18152.205,21,Tank,Operational,0,0,0.0
25256.29,1,25256.29,15,Missile Launcher,Maintenance,0,0,0.0
235831.29,5,47166.258,7,Truck,Out of Service,0,0,0.0
394160.42,13,30320.032307692305,18,Truck,Out of Service,1,1,0.995
85583.49,2,42791.745,16,Radar,Out of Service,0,0,0.0
89966.86,2,44983.43,21,Radar,Maintenance,0,0,0.0
0.0,0,0.0,9,Armored Vehicle,Operational,0,0,0.0
622162.38,16,38885.14875,13,Armored Vehicle,Operational,1,1,1.0
105621.62,3,35207.206666666665,9,Radar,Operational,0,0,0.0
162916.95,7,23273.85,20,Generator,Maintenance,0,0,0.015
397416.56,10,39741.656,15,Radar,Out of Service,1,1,1.0
187614.88,7,26802.125714285718,19,Generator,Operational,0,0,0.025
182243.43,12,15186.9525,12,Drone,Operational,1,1,1.0
151017.35,4,37754.3375,15,Truck,Operational,0,0,0.0
42141.43,2,21070.715,7,Radar,Maintenance,0,0,0.0
470140.93,19,24744.25947368421,2,Generator,Operational,1,1,1.0
30181.06,1,30181.06,10,Armored Vehicle,Operational,0,0,0.0
214211.69,5,42842.338,11,Generator,Operational,0,0,0.0
31985.0,1,31985.0,14,Tank,Operational,0,0,0.0
76290.37,3,25430.123333333333,2,Radar,Operational,0,0,0.0
511990.42,12,42665.86833333333,4,Tank,Operational,1,1,1.0
85182.97,4,21295.7425,3,Missile Launcher,Operational,0,0,0.0
303359.02,12,25279.91833333333,1,Radar,Operational,1,1,1.0
259958.85,8,32494.85625,11,Generator,Operational,1,1,1.0
260978.42,6,43496.403333333335,5,Radar,Operational,0,0,0.0
443955.67,16,27747.229375,16,Drone,Operational,1,1,1.0
296615.38,6,49435.89666666667,2,Generator,Operational,0,0,0.0
0.0,0,0.0,20,Tank,Operational,0,0,0.0
73469.01,4,18367.2525,8,Communication System,Operational,0,0,0.0
283457.78,11,25768.88909090909,6,Truck,Operational,1,1,1.0
138042.3,3,46014.1,15,Radar,Operational,0,0,0.0
718709.98,16,44919.37375,7,Tank,Operational,1,1,1.0
34624.39,1,34624.39,11,Tank,Operational,0,0,0.0
350339.1,16,21896.19375,4,Communication System,Maintenance,1,1,1.0
226697.41,5,45339.482,11,Missile Launcher,Operational,0,0,0.0
120895.33,3,40298.443333333336,18,Missile Launcher,Operational,0,0,0.0
155922.81,4,38980.7025,19,Missile Launcher,Operational,0,0,0.0
395585.11,9,43953.90111111111,19,Tank,Operational,1,1,1.0
399032.06,19,21001.68736842105,18,Missile Launcher,Operational,1,1,1.0
105313.01,3,35104.33666666666,6,Truck,Operational,0,0,0.0
98178.0,3,32726.0,13,Missile Launcher,Operational,0,0,0.0
107651.87,4,26912.9675,17,Generator,Maintenance,0,0,0.0
188089.95,4,47022.4875,15,Tank,Operational,0,0,0.0
724292.13,15,48286.142,5,Generator,Operational,1,1,1.0
284429.91,7,40632.84428571428,12,Tank,Maintenance,0,0,0.005
35122.98,1,35122.98,13,Truck,Operational,0,0,0.0
119473.45,3,39824.48333333333,6,Truck,Operational,0,0,0.0
105927.7,3,35309.23333333333,1,Radar,Operational,0,0,0.0
333929.41,9,37103.26777777777,16,Armored Vehicle,Maintenance,1,1,1.0
49665.21,2,24832.605,6,Communication System,Operational,0,0,0.0
169060.48,4,42265.12,10,Radar,Operational,0,0,0.0
220734.73,9,24526.08111111111,6,Radar,Operational,1,1,1.0
126913.94,4,31728.485,18,Drone,Maintenance,0,0,0.0
795882.15,17,46816.59705882353,8,Drone,Operational,1,1,1.0
295883.65,15,19725.576666666668,1,Communication System,Operational,1,1,1.0
479992.83,20,23999.6415,10,Generator,Operational,1,1,1.0
116559.28,4,29139.82,15,Tank,Operational,0,0,0.0
30443.8,1,30443.8,15,Drone,Operational,0,0,0.0
0.0,0,0.0,1,Tank,Operational,0,0,0.0
670190.21,16,41886.888125,10,Communication System,Operational,1,1,0.995
71512.09,2,35756.045,7,Missile Launcher,Operational,0,0,0.0
516211.67,18,28678.426111111112,1,Truck,Operational,1,1,1.0
316821.11,14,22630.079285714284,16,Radar,Maintenance,1,1,1.0
155633.66,5,31126.732,10,Missile Launcher,Operational,0,0,0.0
145272.47,3,48424.15666666667,14,Communication System,Operational,0,0,0.0
32973.01,2,16486.505,2,Truck,Operational,0,0,0.0
37357.85,1,37357.85,3,Drone,Maintenance,0,0,0.0
108836.63,3,36278.87666666667,14,Tank,Operational,0,0,0.0
160322.68,4,40080.67,11,Communication System,Operational,0,0,0.0
301115.48,9,33457.27555555556,3,Communication System,Operational,1,1,0.995
122639.3,6,20439.88333333333,15,Truck,Operational,0,0,0.0
40340.27,1,40340.27,21,Missile Launcher,Operational,0,0,0.0
0.0,0,0.0,20,Truck,Maintenance,0,0,0.0
187759.84,5,37551.968,9,Drone,Operational,0,0,0.0
512104.56,12,42675.38,21,Drone,Operational,1,1,1.0
83209.32,4,20802.33,18,Communication System,Operational,0,0,0.0
19896.78,1,19896.78,8,Radar,Operational,0,0,0.0
882773.64,20,44138.682,12,Communication System,Operational,1,1,1.0
145904.65,6,24317.441666666666,11,Armored Vehicle,Operational,0,0,0.0
189316.45,4,47329.1125,13,Missile Launcher,Operational,0,0,0.0
141139.54,3,47046.513333333336,13,Generator,Operational,0,0,0.0
0.0,0,0.0,16,Communication System,Out of Service,0,0,0.0
376426.85,9,41825.20555555556,20,Truck,Maintenance,1,1,1.0
109933.4,3,36644.46666666667,10,Generator,Operational,0,0,0.0
68557.96,3,22852.653333333332,9,Radar,Maintenance,0,0,0.0
0.0,0,0.0,9,Communication System,Operational,0,0,0.0
595439.23,16,37214.951875,20,Missile Launcher,Maintenance,1,1,1.0
147418.46,3,49139.48666666666,5,Generator,Maintenance,0,0,0.005
210838.12,5,42167.624,16,Generator,Operational,0,0,0.0
202690.93,11,18426.44818181818,7,Generator,Operational,1,1,1.0
410035.33,10,41003.533,3,Communication System,Maintenance,1,1,1.0
114727.93,3,38242.64333333333,1,Tank,Maintenance,0,0,0.0
390774.0,8,48846.75,1,Communication System,Operational,1,1,0.995
124204.95,3,41401.65,3,Armored Vehicle,Operational,0,0,0.0
198444.73,4,49611.1825,5,Generator,Operational,0,0,0.005
228074.58,8,28509.3225,13,Truck,Operational,1,1,0.995
83203.84,2,41601.92,11,Missile Launcher,Operational,0,0,0.0
293885.73,9,32653.97,8,Tank,Operational,1,1,1.0
38272.67,2,19136.335,2,Drone,Operational,0,0,0.0
164554.77,4,41138.6925,2,Radar,Maintenance,0,0,0.0
62711.19,3,20903.73,3,Drone,Operational,0,0,0.0
123533.4,4,30883.35,3,Radar,Maintenance,0,0,0.0
685831.85,16,42864.490625,16,Tank,Operational,1,1,1.0
134770.31,7,19252.90142857143,8,Armored Vehicle,Operational,0,0,0.005
283758.38,6,47293.06333333333,3,Truck,Operational,0,0,0.0
242423.13,12,20201.9275,10,Truck,Operational,1,1,1.0
81740.11,2,40870.055,12,Communication System,Operational,0,0,0.0
127303.77,3,42434.59,21,Radar,Maintenance,0,0,0.0
142581.73,4,35645.4325,16,Generator,Out of Service,0,0,0.0
39962.1,2,19981.05,8,Generator,Operational,0,0,0.0
149118.03,4,37279.5075,7,Tank,Operational,0,0,0.0
0.0,0,0.0,1,Missile Launcher,Operational,0,0,0.0
381587.87,20,19079.3935,15,Truck,Operational,1,1,1.0
258504.85,8,32313.10625,17,Armored Vehicle,Operational,1,1,0.995
163815.14,4,40953.785,5,Radar,Operational,0,0,0.0
137196.45,3,45732.15,18,Drone,Out of Service,0,0,0.0
177119.94,7,25302.84857142857,1,Drone,Maintenance,0,0,0.01
232882.51,6,38813.75166666667,11,Missile Launcher,Operational,0,0,0.0
293653.06,7,41950.43714285714,20,Radar,Operational,0,0,0.025
31471.09,2,15735.545,7,Communication System,Operational,0,0,0.0
224470.7,7,32067.242857142857,3,Truck,Operational,0,0,0.0
242894.98,14,17349.64142857143,2,Communication System,Operational,1,1,0.995
313931.85,7,44847.40714285714,21,Armored Vehicle,Operational,0,0,0.02
188283.39,4,47070.8475,5,Communication System,Maintenance,0,0,0.0
382625.09,8,47828.13625,1,Tank,Operational,1,1,1.0
210241.61,5,42048.322,20,Truck,Operational,0,0,0.0
571080.51,17,33592.971176470586,5,Truck,Operational,1,1,1.0
272176.5,6,45362.75,4,Generator,Operational,0,0,0.0
684416.46,17,40259.79176470588,21,Missile Launcher,Out of Service,1,1,1.0
284734.13,9,31637.125555555554,2,Communication System,Operational,1,1,1.0
222042.09,12,18503.5075,16,Armored Vehicle,Operational,1,1,1.0
528863.87,13,40681.83615384616,20,Missile Launcher,Maintenance,1,1,1.0
0.0,0,0.0,3,Radar,Operational,0,0,0.0
118456.03,7,16922.29,1,Radar,Operational,0,0,0.005
287306.31,8,35913.28875,8,Tank,Operational,1,1,0.985
806078.77,20,40303.9385,3,Tank,Maintenance,1,1,1.0
139063.15,4,34765.7875,2,Radar,Operational,0,0,0.0
176803.58,9,19644.84222222222,5,Missile Launcher,Operational,1,1,0.99
40653.51,2,20326.755,11,Missile Launcher,Operational,0,0,0.0
163700.14,8,20462.5175,15,Generator,Operational,1,1,1.0
206413.03,6,34402.17166666667,21,Armored Vehicle,Maintenance,0,0,0.005
15971.88,1,15971.88,7,Radar,Operational,0,0,0.0
470232.21,13,36171.70846153847,2,Generator,Operational,1,1,1.0
296737.61,11,26976.14636363636,19,Armored Vehicle,Operational,1,1,1.0
341612.37,12,28467.6975,4,Communication System,Operational,1,1,1.0
263469.54,15,17564.636,19,Drone,Maintenance,1,1,1.0
115509.48,4,28877.37,14,Armored Vehicle,Operational,0,0,0.0
136532.76,9,15170.306666666667,3,Missile Launcher,Operational,1,1,0.985
105454.27,6,17575.711666666666,8,Armored Vehicle,Operational,0,0,0.0
100216.12,3,33405.37333333333,12,Drone,Operational,0,0,0.0
126963.95,6,21160.658333333333,19,Communication System,Out of Service,0,0,0.0
63338.38,3,21112.79333333333,13,Armored Vehicle,Operational,0,0,0.0
0.0,0,0.0,13,Truck,Out of Service,0,0,0.0
37550.24,2,18775.12,6,Missile Launcher,Operational,0,0,0.0
113413.94,4,28353.485,3,Armored Vehicle,Operational,0,0,0.0
97119.86,2,48559.93,13,Generator,Operational,0,0,0.0
28860.05,1,28860.05,9,Generator,Operational,0,0,0.0
44653.28,1,44653.28,3,Communication System,Maintenance,0,0,0.0
124352.15,4,31088.0375,7,Generator,Maintenance,0,0,0.0
424132.66,10,42413.266,10,Generator,Operational,1,1,1.0
45813.52,2,22906.76,1,Missile Launcher,Operational,0,0,0.0
0.0,0,0.0,9,Generator,Maintenance,0,0,0.0
163274.31,9,18141.59,20,Radar,Out of Service,1,1,0.995
722713.22,16,45169.57625,13,Drone,Operational,1,1,1.0
125241.24,3,41747.08,7,Radar,Operational,0,0,0.0
0.0,0,0.0,16,Drone,Operational,0,0,0.0
127787.48,4,31946.87,5,Communication System,Operational,0,0,0.0
0.0,0,0.0,4,Drone,Maintenance,0,0,0.0
277199.29,8,34649.91125,7,Missile Launcher,Operational,1,1,1.0
195531.74,6,32588.623333333333,4,Generator,Operational,0,0,0.0
33749.74,1,33749.74,16,Truck,Maintenance,0,0,0.0
175139.01,7,25019.858571428573,12,Radar,Operational,0,0,0.0
300316.29,15,20021.086,12,Communication System,Operational,1,1,1.0
651567.63,15,43437.842,16,Truck,Maintenance,1,1,1.0
49766.11,3,16588.703333333335,8,Communication System,Operational,0,0,0.0
59488.79,2,29744.395,14,Radar,Out of Service,0,0,0.0
541285.25,13,41637.32692307692,7,Truck,Operational,1,1,1.0
108244.42,3,36081.473333333335,8,Communication System,Operational,0,0,0.0
34418.43,1,34418.43,11,Drone,Operational,0,0,0.0
178900.68,4,44725.17,10,Communication System,Operational,0,0,0.0
85544.36,5,17108.872,2,Armored Vehicle,Operational,0,0,0.0
635398.4,15,42359.89333333333,12,Drone,Operational,1,1,1.0
188562.82,5,37712.564,4,Armored Vehicle,Operational,0,0,0.0
153208.96,7,21886.994285714285,15,Armored Vehicle,Operational,0,0,0.01
180433.82,4,45108.455,15,Communication System,Operational,0,0,0.0
0.0,0,0.0,3,Communication System,Operational,0,0,0.0
0.0,0,0.0,11,Generator,Out of Service,0,0,0.0
101087.11,3,33695.70333333333,8,Tank,Operational,0,0,0.0
151898.18,5,30379.636,8,Armored Vehicle,Operational,0,0,0.01
52149.94,2,26074.97,1,Generator,Operational,0,0,0.0
72641.83,2,36320.915,11,Truck,Operational,0,0,0.0
311117.12,8,38889.64,21,Tank,Maintenance,1,1,0.985
22471.81,1,22471.81,21,Truck,Operational,0,0,0.005
77170.14,3,25723.38,17,Communication System,Maintenance,0,0,0.0
0.0,0,0.0,9,Generator,Operational,0,0,0.0
94214.61,2,47107.305,4,Radar,Operational,0,0,0.0
90277.01,6,15046.168333333331,11,Truck,Operational,0,0,0.0
588217.21,16,36763.575625,11,Generator,Operational,1,1,1.0
342947.65,8,42868.45625,17,Communication System,Operational,1,1,0.995
288467.44,11,26224.31272727273,21,Radar,Out of Service,1,1,1.0
181682.07,4,45420.5175,3,Missile Launcher,Operational,0,0,0.0
280044.13,9,31116.014444444445,8,Tank,Operational,1,1,1.0
81878.17,5,16375.634,10,Armored Vehicle,Operational,0,0,0.0
267554.45,7,38222.06428571429,20,Drone,Operational,0,0,0.01
177320.01,4,44330.0025,10,Communication System,Operational,0,0,0.0
0.0,0,0.0,6,Communication System,Operational,0,0,0.0
233011.6,6,38835.26666666667,5,Drone,Maintenance,0,0,0.005
0.0,0,0.0,17,Generator,Operational,0,0,0.0
364134.67,8,45516.83375,10,Tank,Operational,1,1,1.0
121484.0,4,30371.0,15,Armored Vehicle,Operational,0,0,0.0
0.0,0,0.0,7,Communication System,Maintenance,0,0,0.0
96511.73,2,48255.865,17,Radar,Operational,0,0,0.0
293872.46,7,41981.780000000006,5,Communication System,Maintenance,0,0,0.025
0.0,0,0.0,3,Armored Vehicle,Operational,0,0,0.0
158927.69,4,39731.9225,19,Generator,Out of Service,0,0,0.0
138574.01,5,27714.802000000003,8,Radar,Operational,0,0,0.0
24089.94,1,24089.94,10,Truck,Operational,0,0,0.0
136846.95,3,45615.65,11,Tank,Out of Service,0,0,0.0
38245.68,1,38245.68,11,Tank,Operational,0,0,0.0
105978.08,5,21195.616,7,Tank,Operational,0,0,0.0
59739.54,2,29869.77,16,Radar,Operational,0,0,0.0
334785.69,16,20924.105625,6,Armored Vehicle,Operational,1,1,1.0
91542.96,6,15257.160000000002,18,Missile Launcher,Operational,0,0,0.0
78892.21,3,26297.403333333332,2,Armored Vehicle,Operational,0,0,0.0
51937.96,2,25968.98,7,Armored Vehicle,Operational,0,0,0.0
335990.74,13,25845.44153846154,18,Generator,Operational,1,1,1.0
196293.47,7,28041.924285714285,16,Communication System,Maintenance,0,0,0.01
354232.84,13,27248.68,1,Missile Launcher,Operational,1,1,1.0
192160.72,8,24020.09,10,Generator,Out of Service,1,1,0.975
297180.16,9,33020.01777777777,15,Generator,Operational,1,1,1.0
124667.84,3,41555.94666666666,7,Tank,Operational,0,0,0.0
209603.16,7,29943.308571428573,13,Generator,Operational,0,0,0.0
422374.29,13,32490.33,8,Generator,Operational,1,1,1.0
57997.25,2,28998.625,6,Missile Launcher,Operational,0,0,0.0
49860.07,1,49860.07,11,Truck,Operational,0,0,0.0
98109.79,4,24527.4475,1,Communication System,Operational,0,0,0.0
0.0,0,0.0,2,Missile Launcher,Operational,0,0,0.0
188669.39,5,37733.878,4,Communication System,Operational,0,0,0.0
510264.73,19,26856.03842105263,7,Drone,Operational,1,1,1.0
94914.67,4,23728.6675,9,Tank,Maintenance,0,0,0.0
68319.01,4,17079.7525,4,Radar,Maintenance,0,0,0.0
233941.46,7,33420.20857142857,17,Truck,Out of Service,0,0,0.01
144428.36,3,48142.78666666666,4,Communication System,Operational,0,0,0.0
41170.43,2,20585.215,2,Tank,Operational,0,0,0.0
109621.2,3,36540.4,5,Armored Vehicle,Operational,0,0,0.0
284488.25,9,31609.805555555555,12,Truck,Maintenance,1,1,1.0
105712.47,5,21142.494,19,Armored Vehicle,Maintenance,0,0,0.0
305804.47,14,21843.176428571427,19,Radar,Maintenance,1,1,1.0
154734.62,5,30946.924,11,Radar,Operational,0,0,0.0
100257.85,5,20051.57,19,Generator,Operational,0,0,0.0
311309.63,8,38913.70375,17,Generator,Operational,1,1,0.995
35213.83,2,17606.915,4,Missile Launcher,Operational,0,0,0.0
61106.84,4,15276.71,5,Armored Vehicle,Operational,0,0,0.015
919167.16,20,45958.358,12,Communication System,Operational,1,1,1.0
131947.89,4,32986.9725,8,Communication System,Operational,0,0,0.0
97622.76,3,32540.92,18,Truck,Operational,0,0,0.0
178732.47,6,29788.745,14,Communication System,Operational,0,0,0.0
36872.83,2,18436.415,8,Armored Vehicle,Operational,0,0,0.0
100818.57,3,33606.19,19,Tank,Out of Service,0,0,0.0
42865.15,2,21432.575,4,Generator,Operational,0,0,0.0
0.0,0,0.0,14,Tank,Maintenance,0,0,0.0
100095.64,3,33365.21333333333,13,Radar,Operational,0,0,0.0
256374.36,7,36624.90857142857,9,Drone,Maintenance,0,0,0.025
77547.22,4,19386.805,14,Armored Vehicle,Maintenance,0,0,0.0
76053.91,3,25351.303333333333,1,Radar,Operational,0,0,0.0
49340.17,1,49340.17,21,Generator,Out of Service,0,0,0.0
0.0,0,0.0,9,Armored Vehicle,Operational,0,0,0.0
514271.31,16,32141.956875,13,Drone,Operational,1,1,1.0
360859.79,8,45107.47375,13,Communication System,Operational,1,1,1.0
139154.38,5,27830.876,4,Drone,Operational,0,0,0.0
441436.69,9,49048.52111111111,4,Generator,Operational,1,1,1.0
872983.42,19,45946.49578947369,7,Generator,Operational,1,1,1.0
369148.78,11,33558.98,4,Radar,Operational,1,1,1.0
0.0,0,0.0,14,Truck,Operational,0,0,0.0
540612.09,12,45051.0075,11,Generator,Operational,1,1,1.0
944458.36,20,47222.918,3,Tank,Operational,1,1,1.0
221313.54,9,24590.393333333333,5,Radar,Operational,1,1,1.0
42293.59,1,42293.59,8,Armored Vehicle,Operational,0,0,0.0
146178.06,3,48726.02,14,Tank,Operational,0,0,0.0
80647.84,2,40323.92,13,Truck,Operational,0,0,0.0
46793.11,2,23396.555,7,Communication System,Operational,0,0,0.0
344325.75,11,31302.340909090908,4,Radar,Maintenance,1,1,0.995
464374.83,14,33169.63071428572,16,Generator,Operational,1,1,1.0
74087.13,2,37043.565,3,Armored Vehicle,Operational,0,0,0.0
303094.9,9,33677.211111111115,7,Truck,Out of Service,1,1,0.995
51305.72,3,17101.906666666666,7,Radar,Operational,0,0,0.0
18960.91,1,18960.91,19,Drone,Operational,0,0,0.0
79571.16,3,26523.72,3,Drone,Operational,0,0,0.0
0.0,0,0.0,10,Tank,Operational,0,0,0.0
206711.7,6,34451.950000000004,20,Armored Vehicle,Operational,0,0,0.005
252922.12,10,25292.212,5,Generator,Out of Service,1,1,0.995
106691.43,4,26672.8575,11,Generator,Operational,0,0,0.0
756254.74,18,42014.15222222222,16,Radar,Maintenance,1,1,1.0
78176.49,2,39088.245,12,Armored Vehicle,Operational,0,0,0.0
316488.41,18,17582.689444444444,18,Generator,Out of Service,1,1,1.0
18197.37,1,18197.37,12,Missile Launcher,Operational,0,0,0.0
196615.33,5,39323.066,19,Radar,Operational,0,0,0.0
59113.0,3,19704.33333333333,19,Drone,Out of Service,0,0,0.0
56918.3,2,28459.15,19,Missile Launcher,Out of Service,0,0,0.0
20765.81,1,20765.81,19,Armored Vehicle,Operational,0,0,0.0
85144.31,5,17028.862,16,Communication System,Maintenance,0,0,0.0
149407.83,3,49802.60999999999,10,Generator,Operational,0,0,0.0
185038.09,5,37007.618,9,Radar,Operational,0,0,0.0
126346.99,5,25269.398,8,Communication System,Operational,0,0,0.0
389067.1,16,24316.69375,5,Generator,Operational,1,1,1.0
162863.84,5,32572.768,10,Truck,Operational,0,0,0.0
457048.37,20,22852.4185,4,Generator,Operational,1,1,1.0
395023.87,18,21945.770555555555,11,Armored Vehicle,Operational,1,1,1.0
584428.52,20,29221.426,14,Missile Launcher,Operational,1,1,1.0
82626.82,2,41313.41,9,Armored Vehicle,Operational,0,0,0.0
433523.81,18,24084.65611111111,9,Drone,Operational,1,1,1.0
0.0,0,0.0,2,Missile Launcher,Operational,0,0,0.0
115336.89,3,38445.63,18,Truck,Operational,0,0,0.0
134011.23,5,26802.246000000003,13,Truck,Operational,0,0,0.0
236920.67,5,47384.134000000005,4,Generator,Out of Service,0,0,0.0
253737.23,9,28193.02555555556,3,Armored Vehicle,Operational,1,1,1.0
429741.66,10,42974.166,14,Truck,Maintenance,1,1,1.0
256420.51,9,28491.16777777778,17,Tank,Maintenance,1,1,1.0
237403.76,7,33914.822857142855,12,Truck,Operational,0,0,0.0
235116.15,11,21374.195454545454,2,Truck,Operational,1,1,1.0
272468.37,16,17029.273125,5,Truck,Operational,1,1,1.0
61198.77,4,15299.6925,17,Truck,Out of Service,0,0,0.0
92015.64,3,30671.88,10,Tank,Operational,0,0,0.0
398691.66,9,44299.07333333333,9,Armored Vehicle,Operational,1,1,1.0
873395.13,18,48521.95166666667,21,Tank,Maintenance,1,1,1.0
139250.58,7,19892.94,21,Communication System,Maintenance,0,0,0.005
308727.47,7,44103.92428571428,14,Generator,Operational,0,0,0.0
63898.15,3,21299.38333333333,5,Generator,Out of Service,0,0,0.0
97577.61,2,48788.805,16,Communication System,Out of Service,0,0,0.0
50321.7,2,25160.85,18,Truck,Operational,0,0,0.0
38507.07,2,19253.535,13,Tank,Operational,0,0,0.0
32646.01,1,32646.01,12,Truck,Operational,0,0,0.0
41393.72,1,41393.72,9,Radar,Operational,0,0,0.0
635758.72,16,39734.92,4,Generator,Operational,1,1,1.0
127755.31,3,42585.10333333333,15,Drone,Operational,0,0,0.0
264881.23,9,29431.24777777777,13,Generator,Operational,1,1,1.0
109965.06,3,36655.02,2,Truck,Out of Service,0,0,0.0
45607.82,1,45607.82,19,Armored Vehicle,Maintenance,0,0,0.0
345332.61,9,38370.29,18,Missile Launcher,Operational,1,1,1.0
424132.53,9,47125.83666666667,2,Drone,Operational,1,1,1.0
152851.87,9,16983.54111111111,5,Communication System,Operational,1,1,0.995
297287.34,6,49547.89000000001,9,Radar,Operational,0,0,0.005
80457.65,4,20114.4125,21,Communication System,Operational,0,0,0.0
109719.79,3,36573.26333333333,19,Generator,Maintenance,0,0,0.0
517208.21,11,47018.92818181818,12,Tank,Operational,1,1,1.0
82878.54,2,41439.27,6,Communication System,Operational,0,0,0.0
62184.74,4,15546.185,15,Tank,Operational,0,0,0.0
373306.05,17,21959.179411764704,15,Generator,Operational,1,1,1.0
0.0,0,0.0,9,Communication System,Operational,0,0,0.0
34856.9,1,34856.9,9,Communication System,Operational,0,0,0.0
142411.25,3,47470.41666666666,9,Armored Vehicle,Operational,0,0,0.0
237926.87,9,26436.318888888887,2,Truck,Operational,1,1,1.0
38539.13,2,19269.565,1,Communication System,Operational,0,0,0.0
82933.05,4,20733.2625,3,Communication System,Operational,0,0,0.0
235509.44,5,47101.888,9,Drone,Operational,0,0,0.0
49682.11,2,24841.055,17,Generator,Operational,0,0,0.0
0.0,0,0.0,2,Drone,Operational,0,0,0.0
332285.99,10,33228.599,11,Radar,Operational,1,1,1.0
627454.3,18,34858.572222222225,1,Armored Vehicle,Operational,1,1,1.0
195702.42,4,48925.605,12,Truck,Operational,0,0,0.0
127336.65,3,42445.55,9,Armored Vehicle,Operational,0,0,0.0
223937.48,8,27992.185,14,Generator,Operational,1,1,0.98
127117.25,4,31779.3125,18,Tank,Maintenance,0,0,0.0
206309.58,6,34384.93,21,Drone,Maintenance,0,0,0.005
142172.94,3,47390.98,6,Communication System,Operational,0,0,0.0
103037.59,4,25759.3975,9,Tank,Operational,0,0,0.0
688577.27,16,43036.079375,4,Generator,Operational,1,1,1.0
125866.09,7,17980.87,19,Generator,Operational,0,0,0.01
283863.47,8,35482.93375,16,Armored Vehicle,Maintenance,1,1,0.99
365555.86,11,33232.35090909091,21,Radar,Out of Service,1,1,1.0
194057.46,7,27722.494285714285,11,Armored Vehicle,Operational,0,0,0.0
149870.63,3,49956.87666666667,6,Radar,Operational,0,0,0.0
246864.86,6,41144.14333333333,8,Tank,Operational,0,0,0.0
318018.96,12,26501.58,18,Drone,Operational,1,1,1.0
720471.55,18,40026.19722222223,3,Communication System,Operational,1,1,1.0
385504.24,9,42833.804444444446,18,Radar,Maintenance,1,1,1.0
180987.44,6,30164.573333333334,12,Tank,Operational,0,0,0.0
643929.67,13,49533.05153846154,7,Radar,Maintenance,1,1,0.995
245934.45,7,35133.49285714286,11,Armored Vehicle,Operational,0,0,0.005
161644.13,8,20205.51625,18,Missile Launcher,Operational,1,1,1.0
182255.69,7,26036.527142857143,12,Armored Vehicle,Operational,0,0,0.005
102399.14,3,34133.04666666667,2,Radar,Maintenance,0,0,0.0
431085.87,9,47898.43,12,Missile Launcher,Operational,1,1,1.0
135002.89,4,33750.7225,18,Communication System,Out of Service,0,0,0.0
134741.9,3,44913.96666666667,13,Generator,Operational,0,0,0.0
43449.66,1,43449.66,1,Radar,Out of Service,0,0,0.0
40146.32,2,20073.16,7,Communication System,Operational,0,0,0.0
224626.0,12,18718.83333333333,11,Generator,Operational,1,1,0.995
253462.95,12,21121.9125,21,Missile Launcher,Out of Service,1,1,1.0
0.0,0,0.0,9,Drone,Operational,0,0,0.0
377517.66,9,41946.40666666666,5,Truck,Operational,1,1,1.0
257890.71,8,32236.33875,9,Tank,Out of Service,1,1,0.99
0.0,0,0.0,2,Tank,Operational,0,0,0.0
149815.97,4,37453.9925,15,Missile Launcher,Maintenance,0,0,0.0
659419.46,18,36634.41444444444,16,Missile Launcher,Operational,1,1,1.0
196468.06,6,32744.676666666663,4,Tank,Out of Service,0,0,0.005
40461.09,1,40461.09,15,Tank,Operational,0,0,0.0
44387.04,2,22193.52,12,Generator,Operational,0,0,0.0
587534.72,20,29376.736,8,Truck,Operational,1,1,1.0
120126.13,6,20021.021666666667,12,Radar,Operational,0,0,0.005
164710.02,4,41177.505,16,Communication System,Maintenance,0,0,0.0
39393.24,1,39393.24,9,Armored Vehicle,Maintenance,0,0,0.0
144040.33,4,36010.0825,4,Tank,Operational,0,0,0.0
189779.95,7,27111.42142857143,13,Radar,Operational,0,0,0.01
169484.92,6,28247.486666666668,18,Tank,Operational,0,0,0.0
88753.04,4,22188.26,17,Communication System,Operational,0,0,0.0
414641.04,18,23035.61333333333,18,Communication System,Maintenance,1,1,1.0
19155.31,1,19155.31,7,Missile Launcher,Operational,0,0,0.0
149349.74,3,49783.246666666666,8,Tank,Operational,0,0,0.0
41979.62,1,41979.62,17,Generator,Operational,0,0,0.0
58241.83,2,29120.915,4,Generator,Operational,0,0,0.0
117461.49,3,39153.83,7,Communication System,Operational,0,0,0.0
208194.34,5,41638.868,4,Armored Vehicle,Operational,0,0,0.0
328832.94,16,20552.05875,6,Missile Launcher,Out of Service,1,1,1.0
237183.81,6,39530.635,10,Communication System,Operational,0,0,0.0
223931.56,13,17225.504615384616,17,Armored Vehicle,Maintenance,1,1,0.995
38855.6,2,19427.8,4,Drone,Operational,0,0,0.0
115285.64,3,38428.54666666667,12,Communication System,Operational,0,0,0.0
203812.46,8,25476.5575,14,Radar,Operational,1,1,0.995
77957.44,3,25985.81333333333,14,Radar,Operational,0,0,0.0
145037.13,3,48345.71,1,Generator,Operational,0,0,0.0
44263.85,1,44263.85,11,Armored Vehicle,Maintenance,0,0,0.0
168597.51,4,42149.3775,15,Tank,Operational,0,0,0.0
21261.93,1,21261.93,9,Communication System,Operational,0,0,0.0
86097.63,2,43048.815,16,Truck,Maintenance,0,0,0.0
187540.6,4,46885.15,18,Tank,Operational,0,0,0.0
536466.77,13,41266.67461538462,4,Drone,Operational,1,1,1.0
123467.33,3,41155.776666666665,21,Armored Vehicle,Operational,0,0,0.0
824115.24,17,48477.367058823525,1,Missile Launcher,Operational,1,1,1.0
429351.47,14,30667.96214285714,7,Armored Vehicle,Operational,1,1,1.0
38035.18,2,19017.59,16,Missile Launcher,Operational,0,0,0.005
65914.55,3,21971.516666666663,2,Generator,Operational,0,0,0.0
289663.93,7,41380.56142857143,9,Radar,Operational,0,0,0.0
393675.87,10,39367.587,13,Tank,Operational,1,1,1.0
334420.33,7,47774.33285714286,8,Tank,Operational,0,0,0.0
136714.23,7,19530.60428571429,9,Tank,Maintenance,0,0,0.01
27990.13,1,27990.13,17,Missile Launcher,Maintenance,0,0,0.0
248872.33,5,49774.466,12,Radar,Out of Service,0,0,0.005
53277.66,2,26638.83,19,Truck,Maintenance,0,0,0.0
0.0,0,0.0,11,Armored Vehicle,Operational,0,0,0.0
75584.87,2,37792.435,10,Radar,Operational,0,0,0.0
98341.49,2,49170.745,7,Missile Launcher,Maintenance,0,0,0.0
347081.29,15,23138.752666666664,9,Drone,Operational,1,1,1.0
67562.08,4,16890.52,20,Communication System,Operational,0,0,0.0
251037.35,6,41839.55833333333,2,Generator,Operational,0,0,0.0
169025.63,8,21128.20375,20,Missile Launcher,Maintenance,1,1,0.975
17838.31,1,17838.31,20,Armored Vehicle,Out of Service,0,0,0.0
0.0,0,0.0,5,Radar,Out of Service,0,0,0.0
578298.01,19,30436.73736842105,11,Generator,Operational,1,1,1.0
60279.16,2,30139.58,10,Communication System,Operational,0,0,0.0
92440.91,4,23110.2275,2,Radar,Operational,0,0,0.0
114369.11,3,38123.03666666667,9,Tank,Operational,0,0,0.0
39243.67,2,19621.835,20,Communication System,Operational,0,0,0.0
40230.84,1,40230.84,5,Missile Launcher,Operational,0,0,0.0
146797.45,6,24466.24166666667,5,Generator,Operational,0,0,0.0
588504.58,15,39233.638666666666,4,Missile Launcher,Operational,1,1,1.0
114939.19,4,28734.7975,14,Generator,Operational,0,0,0.0
102938.85,3,34312.950000000004,15,Drone,Operational,0,0,0.0
78800.79,2,39400.395,17,Truck,Operational,0,0,0.0
163502.72,7,23357.53142857143,15,Tank,Operational,0,0,0.0
415050.77,10,41505.077000000005,18,Armored Vehicle,Maintenance,1,1,1.0
336893.52,7,48127.64571428572,8,Armored Vehicle,Operational,0,0,0.005
0.0,0,0.0,3,Communication System,Maintenance,0,0,0.0
122143.67,4,30535.9175,14,Drone,Operational,0,0,0.0
91912.2,3,30637.4,20,Armored Vehicle,Maintenance,0,0,0.0
0.0,0,0.0,14,Truck,Out of Service,0,0,0.0
0.0,0,0.0,8,Armored Vehicle,Operational,0,0,0.0
193643.71,5,38728.742,16,Truck,Operational,0,0,0.0
690822.16,14,49344.44,10,Missile Launcher,Operational,1,1,1.0
0.0,0,0.0,5,Armored Vehicle,Operational,0,0,0.0
630419.55,16,39401.221875,9,Armored Vehicle,Operational,1,1,1.0
34135.96,2,17067.98,16,Armored Vehicle,Maintenance,0,0,0.0
122754.32,3,40918.10666666667,3,Missile Launcher,Operational,0,0,0.0
0.0,0,0.0,5,Truck,Operational,0,0,0.0
46553.01,3,15517.67,9,Tank,Maintenance,0,0,0.0
369946.12,15,24663.074666666667,17,Generator,Operational,1,1,1.0
329361.27,7,47051.61,20,Generator,Operational,0,0,0.01
182123.07,5,36424.614,4,Missile Launcher,Operational,0,0,0.0
95392.23,4,23848.0575,14,Radar,Operational,0,0,0.0
119486.23,4,29871.5575,9,Armored Vehicle,Maintenance,0,0,0.0
435025.73,11,39547.79363636363,5,Communication System,Operational,1,1,1.0
0.0,0,0.0,17,Armored Vehicle,Operational,0,0,0.0
242452.13,12,20204.344166666662,6,Drone,Operational,1,1,1.0
165350.55,5,33070.11,6,Radar,Operational,0,0,0.0
217356.41,5,43471.282,5,Armored Vehicle,Operational,0,0,0.0
0.0,0,0.0,3,Truck,Operational,0,0,0.0
365477.14,17,21498.65529411765,14,Drone,Maintenance,1,1,1.0
0.0,0,0.0,20,Drone,Out of Service,0,0,0.0
218320.26,6,36386.71,7,Missile Launcher,Operational,0,0,0.0
88513.9,4,22128.475,15,Radar,Operational,0,0,0.0
359080.19,9,39897.79888888889,20,Radar,Operational,1,1,1.0
271716.25,15,18114.416666666668,7,Radar,Operational,1,1,1.0
18052.61,1,18052.61,18,Drone,Maintenance,0,0,0.0
0.0,0,0.0,20,Missile Launcher,Operational,0,0,0.0
56080.89,2,28040.445,11,Missile Launcher,Operational,0,0,0.0
0.0,0,0.0,16,Communication System,Maintenance,0,0,0.0
368541.33,11,33503.75727272727,20,Missile Launcher,Out of Service,1,1,0.995
557432.33,20,27871.6165,5,Drone,Operational,1,1,1.0
401537.5,10,40153.75,7,Generator,Operational,1,1,1.0
429471.71,9,47719.07888888889,14,Tank,Maintenance,1,1,0.995
23171.86,1,23171.86,4,Armored Vehicle,Operational,0,0,0.0
341566.34,7,48795.19142857143,16,Truck,Operational,0,0,0.0
39061.05,2,19530.525,12,Generator,Operational,0,0,0.0
227607.42,8,28450.9275,2,Radar,Maintenance,1,1,0.975
285097.73,7,40728.24714285714,10,Truck,Operational,0,0,0.01
593065.3,13,45620.407692307694,21,Drone,Maintenance,1,1,1.0
672256.69,17,39544.51117647059,6,Armored Vehicle,Operational,1,1,1.0
81468.4,4,20367.1,16,Communication System,Maintenance,0,0,0.0
55059.11,2,27529.555,15,Armored Vehicle,Operational,0,0,0.0
338832.94,9,37648.10444444444,21,Communication System,Operational,1,1,1.0
794383.93,20,39719.196500000005,19,Generator,Operational,1,1,1.0
233794.77,6,38965.795,11,Radar,Operational,0,0,0.0
0.0,0,0.0,15,Truck,Operational,0,0,0.0
129778.2,7,18539.742857142857,4,Generator,Operational,0,0,0.005
230297.92,7,32899.70285714286,21,Drone,Out of Service,0,0,0.01
32180.87,1,32180.87,3,Drone,Operational,0,0,0.0
45971.4,2,22985.7,11,Missile Launcher,Operational,0,0,0.0
85716.2,3,28572.066666666666,11,Generator,Operational,0,0,0.0
194659.97,11,17696.36090909091,5,Drone,Operational,1,1,1.0
660269.47,18,36681.63722222222,11,Missile Launcher,Out of Service,1,1,0.995
90176.6,2,45088.3,13,Generator,Operational,0,0,0.0
280759.49,11,25523.59,2,Armored Vehicle,Operational,1,1,1.0
724393.93,17,42611.407647058826,21,Missile Launcher,Operational,1,1,1.0
51755.81,3,17251.936666666665,17,Truck,Out of Service,0,0,0.0
172364.48,4,43091.12,16,Communication System,Maintenance,0,0,0.0
552395.79,15,36826.386000000006,7,Radar,Operational,1,1,1.0
42819.4,1,42819.4,7,Missile Launcher,Operational,0,0,0.0
540851.27,11,49168.29727272727,5,Drone,Operational,1,1,1.0
173118.37,4,43279.5925,19,Communication System,Maintenance,0,0,0.0
294617.52,6,49102.920000000006,2,Missile Launcher,Operational,0,0,0.005
434599.77,9,48288.863333333335,13,Drone,Operational,1,1,1.0
250059.12,10,25005.912,13,Communication System,Operational,1,1,1.0
29040.29,1,29040.29,5,Generator,Operational,0,0,0.0
44030.64,2,22015.32,11,Truck,Operational,0,0,0.0
73790.88,3,24596.960000000003,6,Communication System,Operational,0,0,0.0
711653.16,18,39536.28666666667,7,Missile Launcher,Operational,1,1,1.0
50978.06,2,25489.03,14,Generator,Operational,0,0,0.0
0.0,0,0.0,9,Communication System,Operational,0,0,0.0
222721.43,7,31817.347142857143,18,Drone,Operational,0,0,0.0
73170.29,2,36585.145,1,Generator,Operational,0,0,0.0
303780.4,7,43397.2,10,Generator,Operational,0,0,0.01
604655.07,13,46511.92846153846,3,Radar,Operational,1,1,1.0
516729.17,13,39748.39769230769,10,Radar,Operational,1,1,1.0
127789.5,3,42596.5,3,Truck,Operational,0,0,0.0
278113.47,8,34764.18375,13,Drone,Operational,1,1,1.0
37893.7,2,18946.85,6,Tank,Operational,0,0,0.0
91147.74,3,30382.58,5,Generator,Operational,0,0,0.0
24191.06,1,24191.06,7,Truck,Operational,0,0,0.0
373847.48,11,33986.134545454544,18,Drone,Operational,1,1,1.0
459533.8,10,45953.38,16,Tank,Operational,1,1,1.0
68286.15,2,34143.075,5,Radar,Maintenance,0,0,0.0
153073.71,9,17008.19,12,Truck,Maintenance,1,1,0.995
153486.5,9,17054.055555555555,14,Communication System,Operational,1,1,0.995
119447.93,3,39815.97666666666,13,Radar,Maintenance,0,0,0.0
147447.79,6,24574.631666666668,6,Truck,Operational,0,0,0.0
55873.62,3,18624.54,21,Generator,Maintenance,0,0,0.0
480975.73,12,40081.31083333333,18,Truck,Maintenance,1,1,1.0
371975.9,9,41330.65555555556,7,Missile Launcher,Operational,1,1,1.0
284199.63,6,47366.605,16,Missile Launcher,Operational,0,0,0.0
394691.09,18,21927.28277777778,4,Truck,Operational,1,1,1.0
638565.01,18,35475.83388888889,8,Drone,Operational,1,1,1.0
182547.24,4,45636.81,13,Radar,Out of Service,0,0,0.0
0.0,0,0.0,3,Radar,Operational,0,0,0.0
36289.94,2,18144.97,18,Radar,Maintenance,0,0,0.0
457432.16,13,35187.08923076923,16,Radar,Operational,1,1,1.0
358102.0,9,39789.11111111111,13,Armored Vehicle,Operational,1,1,1.0
183550.12,7,26221.445714285717,4,Radar,Operational,0,0,0.01
333756.77,14,23839.769285714287,13,Armored Vehicle,Operational,1,1,1.0
0.0,0,0.0,9,Generator,Operational,0,0,0.0
173195.2,4,43298.8,7,Armored Vehicle,Operational,0,0,0.0
0.0,0,0.0,17,Communication System,Maintenance,0,0,0.0
238204.0,6,39700.66666666666,6,Communication System,Operational,0,0,0.0
430225.79,18,23901.432777777776,3,Armored Vehicle,Operational,1,1,1.0
509801.88,20,25490.094,1,Communication System,Operational,1,1,1.0
0.0,0,0.0,12,Communication System,Operational,0,0,0.0
83455.03,4,20863.7575,20,Missile Launcher,Operational,0,0,0.0
88419.47,2,44209.735,6,Communication System,Operational,0,0,0.0
612376.01,20,30618.8005,11,Missile Launcher,Operational,1,1,1.0
247942.04,7,35420.29142857143,1,Communication System,Operational,0,0,0.0
111918.51,7,15988.358571428573,14,Drone,Operational,0,0,0.0
525508.77,11,47773.524545454544,12,Communication System,Operational,1,1,1.0
50065.38,2,25032.69,4,Communication System,Out of Service,0,0,0.0
521285.38,16,32580.33625,6,Missile Launcher,Maintenance,1,1,1.0
70661.37,4,17665.3425,1,Communication System,Operational,0,0,0.0
461196.6,20,23059.83,18,Tank,Operational,1,1,1.0
0.0,0,0.0,7,Truck,Operational,0,0,0.0
121691.12,3,40563.706666666665,17,Tank,Operational,0,0,0.0
188119.62,8,23514.9525,4,Missile Launcher,Operational,1,1,0.995
66457.0,3,22152.33333333333,3,Communication System,Operational,0,0,0.0
234358.33,7,33479.76142857143,4,Truck,Operational,0,0,0.0
0.0,0,0.0,8,Communication System,Operational,0,0,0.0
285386.24,10,28538.624,14,Generator,Operational,1,1,1.0
89270.58,2,44635.29,9,Missile Launcher,Operational,0,0,0.0
83543.73,5,16708.746,1,Truck,Operational,0,0,0.005
211173.53,6,35195.58833333333,15,Truck,Operational,0,0,0.005
54948.25,2,27474.125,2,Communication System,Operational,0,0,0.0
45444.6,1,45444.6,14,Truck,Operational,0,0,0.0
93530.99,3,31176.99666666667,15,Missile Launcher,Operational,0,0,0.0
468460.68,10,46846.068,5,Missile Launcher,Operational,1,1,1.0
285321.79,6,47553.63166666666,14,Communication System,Operational,0,0,0.0
615815.56,16,38488.4725,2,Truck,Operational,1,1,1.0
255386.61,6,42564.435,15,Radar,Operational,0,0,0.005
42651.14,1,42651.14,17,Communication System,Maintenance,0,0,0.0
47818.86,3,15939.62,20,Tank,Out of Service,0,0,0.005
152692.03,7,21813.147142857146,11,Drone,Operational,0,0,0.0
185894.23,6,30982.37166666667,5,Truck,Operational,0,0,0.0
315560.71,7,45080.10142857144,10,Communication System,Maintenance,0,0,0.02
75422.19,2,37711.095,16,Tank,Operational,0,0,0.0
136214.77,4,34053.6925,5,Communication System,Operational,0,0,0.0
139021.13,3,46340.37666666667,1,Generator,Maintenance,0,0,0.0
456387.12,11,41489.73818181818,17,Tank,Operational,1,1,1.0
0.0,0,0.0,13,Communication System,Operational,0,0,0.0
176287.57,4,44071.8925,2,Truck,Operational,0,0,0.0
214811.58,9,23867.95333333333,17,Tank,Maintenance,1,1,1.0
357297.93,8,44662.24125,16,Drone,Out of Service,1,1,1.0
0.0,0,0.0,7,Radar,Operational,0,0,0.0
256539.84,9,28504.426666666663,6,Truck,Operational,1,1,1.0
180183.3,7,25740.471428571425,20,Drone,Maintenance,0,0,0.015
330042.41,9,36671.37888888889,12,Armored Vehicle,Operational,1,1,1.0
79165.43,3,26388.476666666666,19,Radar,Out of Service,0,0,0.0
49989.77,2,24994.885,6,Generator,Operational,0,0,0.0
377934.14,9,41992.68222222223,12,Missile Launcher,Operational,1,1,0.995
196320.91,4,49080.2275,5,Communication System,Operational,0,0,0.0
121081.1,7,17297.3,8,Generator,Operational,0,0,0.005
353164.6,9,39240.51111111111,6,Armored Vehicle,Operational,1,1,1.0
53177.36,2,26588.68,11,Missile Launcher,Operational,0,0,0.0
86399.55,2,43199.775,20,Armored Vehicle,Operational,0,0,0.0
128530.54,3,42843.51333333333,4,Tank,Operational,0,0,0.0
78480.12,4,19620.03,2,Truck,Operational,0,0,0.0
217303.02,9,24144.78,8,Drone,Operational,1,1,1.0
148659.68,4,37164.92,5,Radar,Operational,0,0,0.0
242251.68,7,34607.38285714285,17,Truck,Out of Service,0,0,0.01
336470.18,9,37385.57555555555,2,Communication System,Maintenance,1,1,0.995
731660.86,19,38508.46631578948,2,Truck,Operational,1,1,1.0
132678.91,4,33169.7275,5,Armored Vehicle,Operational,0,0,0.0
71566.5,3,23855.5,7,Radar,Operational,0,0,0.0
85066.57,2,42533.285,7,Generator,Operational,0,0,0.0
25161.94,1,25161.94,3,Truck,Operational,0,0,0.0
269215.41,13,20708.87769230769,1,Communication System,Operational,1,1,1.0
348735.51,9,38748.39,8,Communication System,Operational,1,1,0.985
333051.51,9,37005.723333333335,5,Truck,Operational,1,1,0.995
333229.64,9,37025.515555555554,11,Armored Vehicle,Operational,1,1,1.0
192650.44,5,38530.088,11,Armored Vehicle,Operational,0,0,0.0
58166.68,3,19388.893333333333,15,Tank,Operational,0,0,0.0
91879.3,2,45939.65,14,Generator,Operational,0,0,0.0
131394.63,3,43798.21,1,Tank,Operational,0,0,0.0
87195.85,3,29065.283333333336,9,Missile Launcher,Operational,0,0,0.0
97899.12,5,19579.824,19,Truck,Maintenance,0,0,0.0
862428.86,19,45390.99263157895,17,Armored Vehicle,Maintenance,1,1,1.0
129159.01,3,43053.00333333333,4,Generator,Operational,0,0,0.0
277673.58,10,27767.358,17,Generator,Operational,1,1,1.0
225617.31,7,32231.044285714284,19,Missile Launcher,Operational,0,0,0.005
280520.35,9,31168.92777777777,14,Communication System,Operational,1,1,1.0
130819.77,4,32704.9425,9,Armored Vehicle,Operational,0,0,0.0
116000.88,4,29000.22,21,Drone,Maintenance,0,0,0.005
30599.47,1,30599.47,15,Drone,Operational,0,0,0.0
454198.97,13,34938.38230769231,11,Missile Launcher,Operational,1,1,1.0
276334.8,6,46055.8,11,Tank,Operational,0,0,0.0
78195.99,3,26065.33,4,Missile Launcher,Operational,0,0,0.0
424185.99,13,32629.69153846154,1,Radar,Operational,1,1,1.0
172714.18,8,21589.2725,12,Communication System,Operational,1,1,1.0
98720.16,4,24680.04,6,Communication System,Operational,0,0,0.0
230874.49,5,46174.898,11,Armored Vehicle,Operational,0,0,0.0
782757.99,16,48922.374375,13,Radar,Operational,1,1,1.0
526801.52,11,47891.04727272727,18,Truck,Out of Service,1,1,0.995
34897.64,1,34897.64,9,Tank,Out of Service,0,0,0.0
86459.05,5,17291.81,15,Tank,Operational,0,0,0.0
150910.9,4,37727.725,1,Generator,Maintenance,0,0,0.0
106902.32,6,17817.053333333333,19,Tank,Out of Service,0,0,0.0
146578.56,3,48859.52,3,Generator,Operational,0,0,0.0
366112.68,11,33282.97090909091,14,Drone,Operational,1,1,1.0
377651.99,9,41961.33222222222,10,Missile Launcher,Operational,1,1,0.995
109734.61,3,36578.20333333333,10,Communication System,Out of Service,0,0,0.0
249787.6,7,35683.94285714286,17,Truck,Maintenance,0,0,0.015
79819.6,3,26606.533333333336,8,Armored Vehicle,Operational,0,0,0.0
244027.15,8,30503.39375,15,Communication System,Maintenance,1,1,0.975
324137.71,8,40517.21375,17,Radar,Operational,1,1,0.985
81210.29,4,20302.5725,2,Generator,Operational,0,0,0.0
667916.56,18,37106.47555555556,16,Armored Vehicle,Operational,1,1,1.0
178785.95,4,44696.4875,5,Drone,Maintenance,0,0,0.0
195063.04,4,48765.76,6,Drone,Operational,0,0,0.0
0.0,0,0.0,10,Truck,Operational,0,0,0.0
327697.63,10,32769.763,12,Generator,Operational,1,1,1.0
110256.44,4,27564.11,7,Communication System,Operational,0,0,0.0
87955.26,2,43977.63,16,Generator,Operational,0,0,0.0
167989.72,5,33597.944,16,Communication System,Operational,0,0,0.0
132070.8,4,33017.7,9,Missile Launcher,Operational,0,0,0.0
302638.75,7,43234.107142857145,21,Armored Vehicle,Operational,0,0,0.005
347197.29,7,49599.612857142856,18,Communication System,Out of Service,0,0,0.015
43910.75,1,43910.75,14,Armored Vehicle,Operational,0,0,0.0
209234.71,9,23248.301111111112,21,Truck,Operational,1,1,0.995
505479.3,11,45952.66363636364,17,Generator,Operational,1,1,1.0
733712.31,18,40761.795000000006,14,Missile Launcher,Operational,1,1,1.0
22856.69,1,22856.69,20,Missile Launcher,Maintenance,0,0,0.0
173880.97,4,43470.2425,9,Truck,Operational,0,0,0.0
638709.31,16,39919.331875,18,Armored Vehicle,Maintenance,1,1,1.0
433752.08,16,27109.505,12,Tank,Operational,1,1,1.0
139459.88,8,17432.485,19,Missile Launcher,Operational,1,1,0.965
85657.74,3,28552.58,5,Truck,Operational,0,0,0.0
123147.57,5,24629.514000000003,21,Missile Launcher,Operational,0,0,0.0
346829.59,7,49547.08428571429,13,Armored Vehicle,Operational,0,0,0.015
233987.13,8,29248.39125,21,Missile Launcher,Out of Service,1,1,0.965
61427.91,3,20475.97,17,Radar,Out of Service,0,0,0.0
169791.2,4,42447.8,16,Radar,Maintenance,0,0,0.0
413668.84,12,34472.403333333335,12,Generator,Operational,1,1,1.0
36076.74,2,18038.37,16,Armored Vehicle,Operational,0,0,0.0
151213.48,4,37803.37,17,Armored Vehicle,Out of Service,0,0,0.0
293287.69,7,41898.24142857143,1,Communication System,Maintenance,0,0,0.04
277158.49,7,39594.07,8,Truck,Operational,0,0,0.01
381603.38,8,47700.4225,6,Communication System,Operational,1,1,1.0
47751.9,2,23875.95,8,Drone,Maintenance,0,0,0.0
99190.39,4,24797.5975,6,Drone,Operational,0,0,0.0
55496.92,2,27748.46,1,Missile Launcher,Operational,0,0,0.0
174821.15,4,43705.2875,14,Truck,Operational,0,0,0.0
183611.26,4,45902.815,10,Communication System,Operational,0,0,0.0
249019.53,13,19155.348461538462,17,Tank,Operational,1,1,1.0
508697.71,15,33913.18066666667,17,Generator,Out of Service,1,1,1.0
0.0,0,0.0,14,Missile Launcher,Operational,0,0,0.0
192604.48,11,17509.498181818184,2,Missile Launcher,Operational,1,1,1.0
311768.51,7,44538.35857142857,6,Communication System,Operational,0,0,0.0
239429.19,9,26603.24333333333,5,Armored Vehicle,Operational,1,1,1.0
609779.4,17,35869.376470588235,15,Radar,Operational,1,1,1.0
48060.19,3,16020.063333333334,7,Truck,Operational,0,0,0.0
363247.19,9,40360.79888888889,19,Armored Vehicle,Out of Service,1,1,1.0
126056.52,3,42018.84,20,Tank,Out of Service,0,0,0.005
423642.28,18,23535.682222222225,6,Generator,Operational,1,1,1.0
129387.8,3,43129.26666666667,13,Communication System,Operational,0,0,0.0
207085.48,6,34514.246666666666,6,Tank,Out of Service,0,0,0.0
98051.44,2,49025.72,4,Missile Launcher,Operational,0,0,0.0
140136.54,5,28027.308,16,Truck,Operational,0,0,0.0
99719.0,3,33239.666666666664,17,Missile Launcher,Maintenance,0,0,0.0
0.0,0,0.0,17,Radar,Maintenance,0,0,0.0
529772.95,20,26488.6475,15,Tank,Operational,1,1,1.0
346780.93,7,49540.13285714285,12,Generator,Operational,0,0,0.005
0.0,0,0.0,4,Missile Launcher,Operational,0,0,0.0
115507.84,5,23101.568,16,Missile Launcher,Maintenance,0,0,0.0
280067.18,8,35008.3975,7,Armored Vehicle,Operational,1,1,1.0
0.0,0,0.0,12,Armored Vehicle,Operational,0,0,0.0
183164.21,4,45791.0525,18,Generator,Operational,0,0,0.0
69783.57,2,34891.785,11,Drone,Operational,0,0,0.0
58911.78,2,29455.89,5,Tank,Operational,0,0,0.0
66478.75,2,33239.375,4,Missile Launcher,Operational,0,0,0.0
0.0,0,0.0,4,Tank,Operational,0,0,0.0
75802.98,2,37901.49,20,Missile Launcher,Maintenance,0,0,0.0
150982.47,4,37745.6175,2,Generator,Operational,0,0,0.0
124684.26,3,41561.42,14,Armored Vehicle,Operational,0,0,0.0
270460.04,8,33807.505,14,Truck,Operational,1,1,1.0
35109.32,2,17554.66,13,Missile Launcher,Operational,0,0,0.0
899847.64,18,49991.53555555556,9,Drone,Operational,1,1,1.0
32474.69,1,32474.69,19,Armored Vehicle,Operational,0,0,0.0
501414.38,13,38570.33692307693,8,Communication System,Operational,1,1,1.0
857231.68,18,47623.98222222223,3,Tank,Maintenance,1,1,1.0
547869.4,16,34241.8375,19,Drone,Operational,1,1,1.0
265600.8,7,37942.97142857143,12,Communication System,Operational,0,0,0.005
277844.19,7,39692.02714285714,1,Communication System,Operational,0,0,0.005
92607.31,2,46303.655,8,Armored Vehicle,Operational,0,0,0.0
0.0,0,0.0,20,Armored Vehicle,Operational,0,0,0.0
85641.83,2,42820.915,3,Radar,Operational,0,0,0.0
119279.32,3,39759.77333333334,21,Truck,Maintenance,0,0,0.0
0.0,0,0.0,16,Drone,Maintenance,0,0,0.0
172111.41,5,34422.282,18,Drone,Operational,0,0,0.0
308974.71,7,44139.24428571429,14,Radar,Operational,0,0,0.01
47571.14,1,47571.14,20,Tank,Operational,0,0,0.0
470471.98,16,29404.49875,14,Armored Vehicle,Operational,1,1,1.0
513045.56,19,27002.39789473684,10,Armored Vehicle,Operational,1,1,1.0
129722.65,7,18531.807142857146,16,Armored Vehicle,Operational,0,0,0.005
154621.05,9,17180.116666666665,14,Generator,Operational,1,1,1.0
0.0,0,0.0,13,Armored Vehicle,Operational,0,0,0.0
32540.93,1,32540.93,19,Truck,Operational,0,0,0.0
16585.57,1,16585.57,2,Radar,Maintenance,0,0,0.005
243390.36,7,34770.05142857142,2,Communication System,Operational,0,0,0.0
226338.67,6,37723.11166666667,5,Communication System,Operational,0,0,0.0
157514.29,4,39378.5725,21,Missile Launcher,Operational,0,0,0.0
200779.39,11,18252.671818181818,6,Truck,Operational,1,1,1.0
53674.94,3,17891.646666666667,7,Tank,Operational,0,0,0.0
344406.36,12,28700.53,11,Communication System,Operational,1,1,1.0
405640.84,20,20282.042,18,Radar,Operational,1,1,1.0
206309.28,8,25788.66,21,Tank,Maintenance,1,1,0.995
460112.43,11,41828.402727272725,19,Communication System,Operational,1,1,1.0
134501.52,3,44833.84,1,Generator,Maintenance,0,0,0.0
174254.09,5,34850.818,8,Drone,Operational,0,0,0.0
720068.49,15,48004.566,20,Missile Launcher,Operational,1,1,1.0
155166.07,5,31033.214,4,Generator,Maintenance,0,0,0.0
447909.51,9,49767.723333333335,4,Generator,Out of Service,1,1,0.995
125073.05,3,41691.01666666667,18,Tank,Operational,0,0,0.0
110878.3,5,22175.66,18,Communication System,Out of Service,0,0,0.0
70121.59,4,17530.3975,4,Generator,Operational,0,0,0.0
189317.91,8,23664.73875,9,Drone,Operational,1,1,0.985
215198.77,5,43039.754,19,Drone,Operational,0,0,0.0
124689.8,3,41563.26666666667,1,Missile Launcher,Operational,0,0,0.0
506598.19,11,46054.38090909091,20,Radar,Operational,1,1,1.0
44373.05,2,22186.525,1,Missile Launcher,Operational,0,0,0.0
251067.54,8,31383.4425,15,Communication System,Maintenance,1,1,0.995
204890.63,6,34148.43833333333,8,Communication System,Operational,0,0,0.0
192706.82,4,48176.705,18,Radar,Maintenance,0,0,0.0
84311.29,5,16862.257999999998,20,Generator,Operational,0,0,0.0
23215.05,1,23215.05,3,Armored Vehicle,Operational,0,0,0.0
34211.33,2,17105.665,2,Generator,Operational,0,0,0.0
260626.0,8,32578.25,6,Communication System,Operational,1,1,1.0
156604.45,6,26100.74166666667,15,Communication System,Operational,0,0,0.005
413677.4,9,45964.15555555556,8,Armored Vehicle,Operational,1,1,1.0
66092.92,3,22030.97333333333,18,Missile Launcher,Operational,0,0,0.0
592055.57,17,34826.79823529412,11,Communication System,Operational,1,1,1.0
271332.13,9,30148.014444444445,20,Generator,Operational,1,1,0.995
505471.08,18,28081.72666666667,6,Communication System,Operational,1,1,1.0
170692.28,5,34138.456,21,Communication System,Operational,0,0,0.0
497155.52,19,26166.08,1,Missile Launcher,Operational,1,1,1.0
0.0,0,0.0,5,Generator,Maintenance,0,0,0.0
792167.89,16,49510.493125,11,Generator,Operational,1,1,1.0
234174.5,8,29271.8125,10,Generator,Operational,1,1,0.995
727314.06,15,48487.60400000001,4,Truck,Operational,1,1,1.0
337314.85,10,33731.485,3,Armored Vehicle,Operational,1,1,1.0
357623.85,9,39735.98333333333,2,Communication System,Operational,1,1,1.0
206957.72,8,25869.715,7,Truck,Operational,1,1,0.99
368398.24,8,46049.78,12,Truck,Operational,1,1,1.0
48338.81,2,24169.405,5,Tank,Operational,0,0,0.0
66237.79,3,22079.26333333333,19,Communication System,Operational,0,0,0.0
249653.56,5,49930.712,3,Tank,Operational,0,0,0.01
578871.18,20,28943.559,7,Drone,Operational,1,1,1.0
145193.41,8,18149.17625,3,Truck,Maintenance,1,1,0.97
614250.28,20,30712.514000000003,14,Communication System,Operational,1,1,1.0
0.0,0,0.0,14,Armored Vehicle,Operational,0,0,0.0
196397.42,4,49099.355,5,Radar,Operational,0,0,0.0
108167.07,7,15452.438571428573,8,Missile Launcher,Operational,0,0,0.015
59966.64,2,29983.32,21,Truck,Operational,0,0,0.0
60635.54,2,30317.77,12,Communication System,Operational,0,0,0.0
120687.79,8,15085.97375,8,Armored Vehicle,Operational,1,1,0.94
278101.19,7,39728.74142857143,11,Armored Vehicle,Operational,0,0,0.0
279737.89,6,46622.98166666667,13,Radar,Operational,0,0,0.0
146895.17,6,24482.528333333332,6,Drone,Operational,0,0,0.0
144318.43,9,16035.38111111111,8,Missile Launcher,Operational,1,1,1.0
483951.16,19,25471.11368421053,14,Drone,Operational,1,1,1.0
16729.36,1,16729.36,4,Missile Launcher,Operational,0,0,0.0
405444.51,17,23849.67705882353,17,Missile Launcher,Out of Service,1,1,1.0
210934.8,5,42186.96,20,Drone,Operational,0,0,0.0
93818.39,3,31272.796666666665,5,Tank,Operational,0,0,0.0
76963.42,3,25654.47333333333,5,Communication System,Maintenance,0,0,0.005
134903.61,4,33725.9025,11,Truck,Out of Service,0,0,0.0
206711.53,8,25838.94125,17,Missile Launcher,Out of Service,1,1,0.975
371906.82,13,28608.216923076925,4,Truck,Operational,1,1,1.0
196947.83,4,49236.9575,5,Communication System,Operational,0,0,0.0
80015.03,3,26671.676666666663,18,Radar,Operational,0,0,0.0
243307.3,7,34758.18571428571,19,Missile Launcher,Maintenance,0,0,0.01
55224.42,2,27612.21,21,Drone,Maintenance,0,0,0.0
145758.18,6,24293.03,9,Drone,Operational,0,0,0.0
105027.1,7,15003.871428571429,19,Armored Vehicle,Out of Service,0,0,0.015
108467.36,3,36155.78666666667,2,Armored Vehicle,Operational,0,0,0.0
126745.4,5,25349.08,6,Armored Vehicle,Operational,0,0,0.0
61368.72,3,20456.24,19,Generator,Maintenance,0,0,0.0
126738.01,5,25347.602,18,Generator,Maintenance,0,0,0.0
311035.17,8,38879.39625,21,Radar,Maintenance,1,1,0.98
483212.63,18,26845.146111111117,2,Missile Launcher,Operational,1,1,1.0
782196.31,19,41168.22684210527,16,Tank,Operational,1,1,1.0
0.0,0,0.0,5,Missile Launcher,Operational,0,0,0.0
276544.66,16,17284.04125,18,Truck,Out of Service,1,1,0.99
0.0,0,0.0,7,Radar,Operational,0,0,0.0
117580.2,3,39193.4,15,Drone,Operational,0,0,0.0
359121.28,14,25651.52,17,Tank,Operational,1,1,1.0
36869.58,1,36869.58,11,Tank,Maintenance,0,0,0.0
157074.02,4,39268.505,17,Communication System,Operational,0,0,0.0
911940.01,19,47996.84263157895,7,Armored Vehicle,Operational,1,1,1.0
190335.16,9,21148.35111111111,11,Missile Launcher,Operational,1,1,1.0
0.0,0,0.0,10,Armored Vehicle,Operational,0,0,0.0
71575.37,3,23858.456666666665,4,Armored Vehicle,Operational,0,0,0.0
117814.07,3,39271.35666666667,12,Drone,Operational,0,0,0.0
86050.29,2,43025.145,12,Generator,Operational,0,0,0.0
184114.02,5,36822.804,9,Tank,Operational,0,0,0.0
34824.56,2,17412.28,6,Tank,Operational,0,0,0.0
408712.35,16,25544.521875,17,Tank,Maintenance,1,1,1.0
871949.88,19,45892.09894736842,5,Radar,Out of Service,1,1,1.0
173112.3,5,34622.46,6,Drone,Operational,0,0,0.0
257585.82,9,28620.646666666667,5,Drone,Maintenance,1,1,0.995
95374.08,3,31791.36,8,Radar,Operational,0,0,0.0
60969.78,2,30484.89,4,Armored Vehicle,Operational,0,0,0.0
56249.6,2,28124.8,12,Communication System,Operational,0,0,0.0
71456.47,2,35728.235,14,Tank,Operational,0,0,0.0
169482.81,5,33896.562,12,Tank,Operational,0,0,0.0
35129.57,1,35129.57,10,Radar,Operational,0,0,0.0
205534.72,6,34255.78666666667,3,Generator,Out of Service,0,0,0.0
129770.71,4,32442.6775,8,Armored Vehicle,Operational,0,0,0.0
141215.92,4,35303.98,7,Radar,Operational,0,0,0.0
266533.59,9,29614.843333333338,10,Generator,Operational,1,1,1.0
415022.36,9,46113.59555555556,8,Communication System,Out of Service,1,1,1.0
210625.91,10,21062.591,8,Tank,Out of Service,1,1,0.995
90631.94,2,45315.97,14,Communication System,Operational,0,0,0.0
225368.77,15,15024.584666666666,15,Generator,Operational,1,1,0.98
239250.09,5,47850.018,15,Truck,Operational,0,0,0.0
26005.6,1,26005.6,5,Radar,Operational,0,0,0.0
112290.09,7,16041.441428571428,2,Truck,Operational,0,0,0.0
251653.82,7,35950.54571428571,1,Radar,Operational,0,0,0.035
329566.42,11,29960.583636363637,18,Radar,Operational,1,1,1.0
23566.45,1,23566.45,10,Truck,Operational,0,0,0.0
69327.23,3,23109.076666666664,21,Radar,Operational,0,0,0.005
178892.71,5,35778.542,12,Tank,Operational,0,0,0.0
116889.36,7,16698.48,17,Communication System,Maintenance,0,0,0.0
791370.01,16,49460.625625,14,Drone,Maintenance,1,1,1.0
93897.04,2,46948.52,11,Communication System,Operational,0,0,0.0
149646.12,5,29929.224,1,Truck,Operational,0,0,0.0
84793.15,4,21198.2875,12,Truck,Operational,0,0,0.005
358333.56,9,39814.84,8,Drone,Operational,1,1,1.0
179940.42,4,44985.105,4,Missile Launcher,Operational,0,0,0.0
102742.25,5,20548.45,16,Drone,Maintenance,0,0,0.0
157199.17,4,39299.7925,12,Missile Launcher,Operational,0,0,0.0
399622.79,9,44402.53222222222,21,Tank,Maintenance,1,1,0.99
434305.36,18,24128.075555555555,10,Generator,Operational,1,1,1.0
268188.15,7,38312.59285714286,15,Communication System,Operational,0,0,0.0
111971.25,4,27992.8125,16,Missile Launcher,Operational,0,0,0.0
81729.22,4,20432.305,4,Tank,Operational,0,0,0.0
20868.69,1,20868.69,1,Armored Vehicle,Maintenance,0,0,0.0
200015.79,7,28573.684285714287,8,Tank,Operational,0,0,0.0
45278.02,2,22639.01,5,Tank,Operational,0,0,0.0
35921.63,1,35921.63,3,Truck,Operational,0,0,0.0
29252.48,1,29252.48,11,Missile Launcher,Operational,0,0,0.0
84634.1,4,21158.525,2,Armored Vehicle,Operational,0,0,0.0
175337.34,6,29222.89,12,Tank,Operational,0,0,0.0
213030.3,6,35505.05,18,Truck,Maintenance,0,0,0.0
40110.78,2,20055.39,4,Radar,Operational,0,0,0.0
74858.39,2,37429.195,21,Tank,Operational,0,0,0.0
812761.87,19,42776.94052631579,8,Communication System,Maintenance,1,1,1.0
92697.7,2,46348.85,11,Drone,Operational,0,0,0.0
626610.61,13,48200.81615384615,17,Tank,Out of Service,1,1,1.0
90361.86,2,45180.93,10,Tank,Operational,0,0,0.0
311509.09,7,44501.298571428575,19,Radar,Operational,0,0,0.02
377830.14,9,41981.12666666667,11,Truck,Operational,1,1,1.0
140350.95,3,46783.65,2,Radar,Operational,0,0,0.0
158109.45,8,19763.68125,10,Communication System,Operational,1,1,1.0
270902.81,6,45150.46833333333,7,Armored Vehicle,Operational,0,0,0.0
33282.04,2,16641.02,7,Truck,Operational,0,0,0.0
431143.31,9,47904.81222222222,14,Armored Vehicle,Operational,1,1,1.0
196457.1,4,49114.275,19,Radar,Operational,0,0,0.0
97334.84,3,32444.946666666667,18,Truck,Out of Service,0,0,0.0
158806.76,4,39701.69,16,Armored Vehicle,Maintenance,0,0,0.0
102330.68,4,25582.67,11,Generator,Operational,0,0,0.0
161626.53,4,40406.6325,14,Tank,Operational,0,0,0.0
258353.18,7,36907.59714285714,15,Truck,Operational,0,0,0.005
44535.37,1,44535.37,18,Drone,Maintenance,0,0,0.0
113857.35,3,37952.45,7,Tank,Operational,0,0,0.0
136056.55,3,45352.18333333333,13,Radar,Maintenance,0,0,0.0
75147.68,2,37573.84,6,Truck,Operational,0,0,0.0
240036.36,5,48007.272,21,Truck,Maintenance,0,0,0.0
127978.7,3,42659.566666666666,13,Radar,Operational,0,0,0.0
532825.87,18,29601.437222222223,12,Radar,Operational,1,1,1.0
283640.08,15,18909.338666666667,20,Tank,Operational,1,1,1.0
175855.65,4,43963.9125,3,Armored Vehicle,Operational,0,0,0.0
195100.97,5,39020.194,21,Armored Vehicle,Maintenance,0,0,0.0
237468.6,9,26385.4,3,Tank,Maintenance,1,1,0.99
95934.88,3,31978.29333333333,16,Missile Launcher,Out of Service,0,0,0.0
126891.38,4,31722.845,2,Generator,Operational,0,0,0.0
126714.87,8,15839.35875,9,Tank,Operational,1,1,1.0
419164.64,9,46573.84888888889,2,Communication System,Operational,1,1,1.0
535087.39,16,33442.961875,8,Armored Vehicle,Operational,1,1,1.0
358141.04,8,44767.63,3,Radar,Operational,1,1,1.0
80847.52,3,26949.173333333336,10,Truck,Operational,0,0,0.0
243265.77,8,30408.22125,15,Missile Launcher,Maintenance,1,1,0.995
0.0,0,0.0,15,Tank,Operational,0,0,0.0
168445.97,4,42111.4925,3,Communication System,Operational,0,0,0.0
292859.31,6,48809.885,11,Generator,Operational,0,0,0.01
512112.66,15,34140.844,6,Radar,Operational,1,1,1.0
0.0,0,0.0,4,Communication System,Operational,0,0,0.0
705424.77,20,35271.2385,1,Tank,Out of Service,1,1,1.0
329577.98,9,36619.77555555556,3,Armored Vehicle,Operational,1,1,1.0
129137.6,7,18448.22857142857,17,Communication System,Out of Service,0,0,0.015
77269.1,3,25756.36666666667,18,Armored Vehicle,Maintenance,0,0,0.0
0.0,0,0.0,10,Generator,Operational,0,0,0.0
314088.75,9,34898.75,3,Tank,Operational,1,1,1.0
66224.87,3,22074.956666666665,5,Radar,Operational,0,0,0.0
58319.76,3,19439.92,17,Radar,Maintenance,0,0,0.0
154178.19,6,25696.365,10,Generator,Operational,0,0,0.0
0.0,0,0.0,1,Truck,Operational,0,0,0.0
150810.82,8,18851.3525,19,Generator,Maintenance,1,1,0.985
153494.6,4,38373.65,19,Armored Vehicle,Maintenance,0,0,0.0
97144.37,2,48572.185,3,Radar,Operational,0,0,0.0
37342.79,1,37342.79,14,Generator,Maintenance,0,0,0.0
118225.07,6,19704.178333333333,8,Truck,Operational,0,0,0.0
410474.2,20,20523.71,6,Armored Vehicle,Operational,1,1,1.0
294031.23,10,29403.123,12,Radar,Operational,1,1,1.0
0.0,0,0.0,13,Tank,Operational,0,0,0.0
36054.36,1,36054.36,8,Missile Launcher,Operational,0,0,0.0
467930.77,10,46793.077000000005,7,Armored Vehicle,Operational,1,1,1.0
484084.21,15,32272.28066666667,1,Communication System,Operational,1,1,1.0
63161.33,2,31580.665,13,Tank,Operational,0,0,0.0
336560.5,8,42070.0625,7,Drone,Out of Service,1,1,0.98
172794.2,7,24684.88571428572,11,Communication System,Operational,0,0,0.005
25857.7,1,25857.7,16,Generator,Operational,0,0,0.0
86065.85,3,28688.61666666667,14,Communication System,Operational,0,0,0.0
64827.89,2,32413.945,16,Radar,Operational,0,0,0.0
129641.31,4,32410.3275,16,Armored Vehicle,Maintenance,0,0,0.0
228471.28,9,25385.69777777778,9,Missile Launcher,Operational,1,1,1.0
347223.04,8,43402.88,8,Communication System,Maintenance,1,1,0.975
142195.56,3,47398.52,6,Truck,Operational,0,0,0.0
40556.07,1,40556.07,9,Tank,Operational,0,0,0.0
75692.09,4,18923.0225,10,Communication System,Operational,0,0,0.0
52029.98,2,26014.99,21,Radar,Maintenance,0,0,0.0
125276.16,3,41758.72,7,Tank,Operational,0,0,0.0
326147.52,7,46592.50285714286,7,Generator,Operational,0,0,0.0
371664.37,18,20648.020555555555,8,Truck,Operational,1,1,1.0
47090.74,1,47090.74,4,Generator,Operational,0,0,0.0
0.0,0,0.0,13,Radar,Operational,0,0,0.0
300252.93,9,33361.43666666667,1,Armored Vehicle,Operational,1,1,0.995
146888.37,3,48962.79,9,Armored Vehicle,Operational,0,0,0.0
345518.67,7,49359.81,15,Tank,Operational,0,0,0.01
63077.18,3,21025.726666666666,18,Communication System,Operational,0,0,0.0
130881.8,5,26176.36,5,Radar,Operational,0,0,0.0
341371.65,8,42671.45625,5,Communication System,Maintenance,1,1,0.975
382938.44,8,47867.305,3,Communication System,Operational,1,1,1.0
69898.76,2,34949.38,8,Drone,Operational,0,0,0.0
493461.55,15,32897.43666666667,2,Truck,Operational,1,1,1.0
47373.81,2,23686.905,11,Generator,Operational,0,0,0.0
638661.34,18,35481.18555555555,6,Armored Vehicle,Operational,1,1,1.0
290337.21,6,48389.535,17,Armored Vehicle,Maintenance,0,0,0.0
18688.11,1,18688.11,1,Radar,Out of Service,0,0,0.0
141757.66,6,23626.27666666667,4,Generator,Operational,0,0,0.0
164377.13,8,20547.14125,8,Radar,Out of Service,1,1,0.995
562939.54,14,40209.967142857146,18,Drone,Operational,1,1,1.0
292375.47,8,36546.93375,1,Armored Vehicle,Operational,1,1,1.0
576864.68,13,44374.20615384616,7,Drone,Operational,1,1,1.0
69192.87,4,17298.2175,14,Missile Launcher,Maintenance,0,0,0.005
556496.26,16,34781.01625,18,Missile Launcher,Operational,1,1,1.0
82583.41,3,27527.803333333333,15,Tank,Maintenance,0,0,0.0
60980.16,4,15245.04,17,Missile Launcher,Maintenance,0,0,0.0
890009.98,20,44500.499,21,Armored Vehicle,Operational,1,1,1.0
614215.22,15,40947.68133333333,9,Missile Launcher,Operational,1,1,1.0
101247.81,4,25311.9525,13,Generator,Operational,0,0,0.0
729150.15,17,42891.18529411765,12,Radar,Operational,1,1,1.0
113797.88,3,37932.62666666667,4,Communication System,Operational,0,0,0.0
739274.3,17,43486.72352941177,18,Missile Launcher,Operational,1,1,1.0
40673.06,2,20336.53,18,Truck,Operational,0,0,0.0
644459.17,17,37909.36294117647,6,Drone,Operational,1,1,1.0
346650.51,9,38516.723333333335,17,Armored Vehicle,Maintenance,1,1,1.0
62184.73,2,31092.365,19,Drone,Out of Service,0,0,0.0
121251.37,3,40417.12333333333,11,Missile Launcher,Maintenance,0,0,0.0
67116.18,2,33558.09,19,Missile Launcher,Maintenance,0,0,0.0
158286.8,4,39571.7,9,Truck,Operational,0,0,0.0
0.0,0,0.0,17,Drone,Operational,0,0,0.0
146344.54,3,48781.513333333336,5,Radar,Operational,0,0,0.0
351188.6,9,39020.95555555556,9,Missile Launcher,Maintenance,1,1,1.0
135314.32,5,27062.864,14,Drone,Operational,0,0,0.0
145823.91,3,48607.97,3,Drone,Operational,0,0,0.0
108610.57,3,36203.52333333334,13,Radar,Operational,0,0,0.0
285030.32,8,35628.79,6,Drone,Operational,1,1,1.0
258985.66,13,19921.973846153847,18,Generator,Operational,1,1,1.0
198022.08,9,22002.45333333333,3,Armored Vehicle,Operational,1,1,1.0
345186.23,16,21574.139375,19,Missile Launcher,Operational,1,1,1.0
219578.48,6,36596.41333333334,8,Generator,Operational,0,0,0.0
53947.97,2,26973.985,7,Communication System,Operational,0,0,0.0
480304.19,12,40025.34916666667,18,Truck,Operational,1,1,1.0
102642.85,3,34214.28333333333,17,Communication System,Maintenance,0,0,0.0
318023.87,9,35335.985555555555,7,Radar,Operational,1,1,1.0
79655.43,3,26551.81,2,Drone,Maintenance,0,0,0.0
163565.99,10,16356.598999999998,21,Radar,Out of Service,1,1,0.99
100681.34,3,33560.44666666666,8,Drone,Operational,0,0,0.0
196323.18,6,32720.53,13,Drone,Operational,0,0,0.0
174930.32,4,43732.58,16,Truck,Operational,0,0,0.0
204471.84,5,40894.368,1,Armored Vehicle,Operational,0,0,0.0
27829.42,1,27829.42,20,Truck,Maintenance,0,0,0.0
44131.21,1,44131.21,2,Truck,Out of Service,0,0,0.0
650470.98,14,46462.212857142855,14,Missile Launcher,Maintenance,1,1,1.0
319521.37,13,24578.566923076924,1,Communication System,Operational,1,1,1.0
279648.46,10,27964.846,11,Communication System,Operational,1,1,1.0
286925.64,7,40989.37714285714,5,Armored Vehicle,Operational,0,0,0.005
0.0,0,0.0,1,Missile Launcher,Operational,0,0,0.0
121384.35,7,17340.62142857143,2,Armored Vehicle,Operational,0,0,0.02
241873.65,7,34553.37857142857,2,Generator,Operational,0,0,0.015
926972.47,19,48788.0247368421,21,Communication System,Maintenance,1,1,1.0
195159.32,6,32526.553333333333,15,Communication System,Operational,0,0,0.0
73713.34,2,36856.67,6,Radar,Operational,0,0,0.0
683997.77,16,42749.860625,1,Missile Launcher,Out of Service,1,1,1.0
64143.01,4,16035.7525,20,Tank,Operational,0,0,0.005
56542.13,3,18847.376666666667,19,Drone,Operational,0,0,0.0
29832.75,1,29832.75,7,Tank,Operational,0,0,0.0
207751.86,5,41550.372,19,Truck,Maintenance,0,0,0.0
196481.26,4,49120.315,15,Communication System,Operational,0,0,0.0
587095.46,18,32616.414444444443,7,Truck,Operational,1,1,1.0
77485.74,2,38742.87,4,Communication System,Operational,0,0,0.0
88288.32,2,44144.16,7,Drone,Operational,0,0,0.0
441200.22,12,36766.685,8,Armored Vehicle,Operational,1,1,1.0
165565.61,10,16556.560999999998,11,Truck,Operational,1,1,1.0
107312.79,4,26828.1975,10,Generator,Operational,0,0,0.0
84917.97,2,42458.985,3,Armored Vehicle,Maintenance,0,0,0.0
45188.11,1,45188.11,10,Generator,Operational,0,0,0.0
71364.35,3,23788.11666666667,5,Truck,Operational,0,0,0.0
808322.83,17,47548.40176470588,20,Tank,Operational,1,1,1.0
199598.26,6,33266.37666666667,17,Tank,Operational,0,0,0.0
101844.21,4,25461.0525,11,Missile Launcher,Operational,0,0,0.0
46693.62,2,23346.81,7,Generator,Operational,0,0,0.0
43051.55,1,43051.55,4,Truck,Operational,0,0,0.0
292894.12,7,41842.01714285714,9,Tank,Operational,0,0,0.01
323692.53,18,17982.918333333335,8,Drone,Operational,1,1,1.0
49675.02,2,24837.51,21,Radar,Operational,0,0,0.0
289414.48,7,41344.92571428571,9,Radar,Operational,0,0,0.0
0.0,0,0.0,12,Drone,Operational,0,0,0.0
181245.47,4,45311.3675,1,Tank,Operational,0,0,0.0
158338.96,5,31667.792,10,Generator,Operational,0,0,0.0
79169.27,2,39584.635,4,Missile Launcher,Operational,0,0,0.0
188730.57,8,23591.32125,10,Tank,Out of Service,1,1,0.985
39993.07,1,39993.07,11,Missile Launcher,Out of Service,0,0,0.0
32748.48,2,16374.24,15,Generator,Out of Service,0,0,0.0
137464.72,3,45821.57333333333,7,Generator,Operational,0,0,0.0
40635.37,2,20317.685,7,Armored Vehicle,Operational,0,0,0.0
207091.11,5,41418.222,7,Armored Vehicle,Operational,0,0,0.0
47557.82,2,23778.91,7,Armored Vehicle,Maintenance,0,0,0.005
24932.27,1,24932.27,10,Missile Launcher,Out of Service,0,0,0.0
80314.66,2,40157.33,6,Missile Launcher,Operational,0,0,0.0
610758.41,18,33931.022777777776,13,Drone,Operational,1,1,1.0
147786.8,3,49262.26666666666,7,Radar,Out of Service,0,0,0.0
129160.19,4,32290.0475,2,Generator,Operational,0,0,0.0
100456.4,3,33485.46666666667,14,Radar,Operational,0,0,0.0
31510.87,1,31510.87,2,Missile Launcher,Out of Service,0,0,0.0
98459.01,4,24614.7525,14,Truck,Operational,0,0,0.0
241364.4,8,30170.55,7,Truck,Operational,1,1,1.0
245496.53,9,27277.39222222222,17,Missile Launcher,Operational,1,1,1.0
164003.5,5,32800.7,4,Missile Launcher,Operational,0,0,0.0
288696.12,9,32077.346666666665,11,Missile Launcher,Operational,1,1,1.0
84375.89,2,42187.945,18,Drone,Maintenance,0,0,0.0
62361.25,2,31180.625,21,Communication System,Operational,0,0,0.0
105326.91,4,26331.7275,14,Generator,Operational,0,0,0.0
360749.16,10,36074.916,18,Drone,Operational,1,1,1.0
494309.74,18,27461.652222222223,3,Drone,Operational,1,1,1.0
215420.22,7,30774.317142857144,4,Truck,Operational,0,0,0.005
207383.02,9,23042.557777777776,5,Truck,Operational,1,1,1.0
90533.87,2,45266.935,20,Armored Vehicle,Operational,0,0,0.0
313242.91,14,22374.49357142857,21,Truck,Operational,1,1,0.99
69262.6,2,34631.3,3,Missile Launcher,Out of Service,0,0,0.0
683984.8,18,37999.15555555556,18,Generator,Operational,1,1,1.0
172734.06,7,24676.294285714284,20,Drone,Maintenance,0,0,0.02
290012.46,6,48335.41,7,Armored Vehicle,Operational,0,0,0.0
593968.47,17,34939.32176470588,6,Tank,Operational,1,1,1.0
181458.49,4,45364.6225,10,Missile Launcher,Operational,0,0,0.0
83066.23,2,41533.115,16,Radar,Operational,0,0,0.0
340285.46,7,48612.20857142857,16,Truck,Maintenance,0,0,0.015
105280.58,4,26320.145,21,Drone,Maintenance,0,0,0.0
0.0,0,0.0,21,Radar,Operational,0,0,0.0
118939.11,4,29734.7775,17,Truck,Out of Service,0,0,0.0
381270.18,11,34660.92545454545,21,Drone,Operational,1,1,1.0
310320.51,11,28210.955454545456,10,Truck,Operational,1,1,1.0
408526.44,14,29180.46,11,Drone,Operational,1,1,1.0
150327.62,5,30065.524,9,Generator,Operational,0,0,0.0
56696.57,3,18898.856666666667,9,Armored Vehicle,Maintenance,0,0,0.0
98679.45,3,32893.15,17,Missile Launcher,Maintenance,0,0,0.0
37277.76,1,37277.76,3,Drone,Operational,0,0,0.0
49932.23,1,49932.23,11,Missile Launcher,Operational,0,0,0.0
306040.68,10,30604.068,5,Generator,Out of Service,1,1,1.0
526478.5,17,30969.32352941177,11,Tank,Operational,1,1,1.0
519538.34,11,47230.758181818186,9,Tank,Operational,1,1,1.0
81299.96,5,16259.992000000002,15,Tank,Operational,0,0,0.0
145246.43,3,48415.47666666666,13,Radar,Operational,0,0,0.0
396519.13,8,49564.89125,10,Generator,Operational,1,1,1.0
341600.61,7,48800.08714285714,6,Radar,Operational,0,0,0.0
257123.32,17,15124.901176470588,12,Missile Launcher,Operational,1,1,1.0
567702.56,14,40550.18285714286,14,Truck,Operational,1,1,1.0
0.0,0,0.0,20,Missile Launcher,Operational,0,0,0.0
777582.73,16,48598.920625,2,Drone,Out of Service,1,1,1.0
312803.39,8,39100.42375,14,Generator,Operational,1,1,0.995
427513.3,9,47501.47777777778,20,Drone,Operational,1,1,1.0
304183.01,7,43454.71571428572,6,Communication System,Maintenance,0,0,0.03
110611.93,6,18435.321666666667,18,Radar,Operational,0,0,0.0
148351.0,4,37087.75,3,Truck,Operational,0,0,0.0
114616.44,4,28654.11,15,Armored Vehicle,Operational,0,0,0.0
49706.86,2,24853.43,7,Communication System,Operational,0,0,0.0
220450.87,13,16957.759230769232,17,Tank,Operational,1,1,1.0
288163.28,14,20583.09142857143,9,Armored Vehicle,Operational,1,1,1.0
51778.62,2,25889.31,16,Generator,Operational,0,0,0.0
98146.68,4,24536.67,2,Truck,Operational,0,0,0.0
28557.86,1,28557.86,2,Generator,Operational,0,0,0.005
74935.85,4,18733.9625,4,Radar,Operational,0,0,0.0
138633.72,3,46211.24,15,Tank,Operational,0,0,0.0
155032.36,4,38758.09,9,Truck,Operational,0,0,0.0
145266.88,4,36316.72,10,Armored Vehicle,Operational,0,0,0.0
429308.16,14,30664.86857142857,2,Communication System,Operational,1,1,1.0
418737.96,9,46526.44,20,Tank,Maintenance,1,1,1.0
429068.57,9,47674.28555555556,11,Missile Launcher,Maintenance,1,1,0.995
91463.79,2,45731.895,7,Generator,Operational,0,0,0.0
411047.25,12,34253.9375,10,Radar,Operational,1,1,1.0
79134.08,5,15826.816,13,Armored Vehicle,Operational,0,0,0.0
84259.25,2,42129.625,7,Missile Launcher,Maintenance,0,0,0.0
563444.76,17,33143.809411764705,4,Generator,Operational,1,1,1.0
180336.79,7,25762.398571428574,21,Tank,Operational,0,0,0.01
534699.61,12,44558.300833333335,2,Missile Launcher,Operational,1,1,1.0
47158.72,1,47158.72,6,Radar,Operational,0,0,0.0
39439.28,2,19719.64,14,Tank,Operational,0,0,0.0
44763.51,1,44763.51,17,Drone,Maintenance,0,0,0.0
242339.59,6,40389.93166666666,1,Armored Vehicle,Operational,0,0,0.005
64198.43,3,21399.476666666666,6,Armored Vehicle,Operational,0,0,0.0
86196.91,3,28732.303333333333,12,Drone,Operational,0,0,0.0
677677.97,19,35667.261578947364,2,Armored Vehicle,Operational,1,1,1.0
39457.77,1,39457.77,7,Truck,Operational,0,0,0.0
56816.15,2,28408.075,19,Missile Launcher,Maintenance,0,0,0.0
168790.67,11,15344.606363636363,1,Radar,Operational,1,1,0.995
63071.41,4,15767.8525,11,Generator,Operational,0,0,0.0
62129.19,3,20709.73,12,Drone,Operational,0,0,0.0
31647.11,2,15823.555,16,Armored Vehicle,Operational,0,0,0.0
85382.11,3,28460.70333333333,7,Drone,Operational,0,0,0.0
336116.78,9,37346.30888888889,9,Truck,Maintenance,1,1,0.995
70750.05,3,23583.35,11,Generator,Out of Service,0,0,0.0
178789.05,5,35757.81,9,Truck,Operational,0,0,0.0
149119.73,9,16568.85888888889,9,Tank,Operational,1,1,0.995
494207.09,16,30887.943125,20,Tank,Out of Service,1,1,1.0
70561.01,2,35280.505,15,Drone,Operational,0,0,0.0
0.0,0,0.0,9,Drone,Operational,0,0,0.0
183670.21,4,45917.5525,6,Drone,Operational,0,0,0.0
0.0,0,0.0,11,Tank,Operational,0,0,0.0
131414.41,3,43804.80333333334,20,Generator,Maintenance,0,0,0.0
0.0,0,0.0,2,Tank,Operational,0,0,0.0
286821.64,6,47803.60666666667,3,Armored Vehicle,Operational,0,0,0.0
116439.81,4,29109.9525,15,Armored Vehicle,Operational,0,0,0.0
73468.75,4,18367.1875,9,Missile Launcher,Operational,0,0,0.0
638548.01,14,45610.57214285714,19,Missile Launcher,Operational,1,1,1.0
0.0,0,0.0,20,Missile Launcher,Maintenance,0,0,0.0
93365.89,2,46682.945,9,Communication System,Maintenance,0,0,0.0
48336.46,2,24168.23,19,Armored Vehicle,Operational,0,0,0.0
308634.28,7,44090.61142857144,6,Drone,Operational,0,0,0.005
174463.64,4,43615.91,7,Communication System,Operational,0,0,0.0
103556.7,4,25889.175,10,Radar,Operational,0,0,0.0
76967.62,2,38483.81,14,Missile Launcher,Operational,0,0,0.0
405835.27,10,40583.527,4,Drone,Operational,1,1,1.0
333793.53,17,19634.91352941177,2,Communication System,Maintenance,1,1,1.0
90512.5,2,45256.25,3,Armored Vehicle,Operational,0,0,0.0
125726.24,5,25145.248,21,Communication System,Maintenance,0,0,0.0
236040.2,6,39340.03333333333,16,Truck,Out of Service,0,0,0.0
75000.23,2,37500.115,6,Armored Vehicle,Operational,0,0,0.0
511899.77,11,46536.34272727273,21,Communication System,Operational,1,1,1.0
227101.27,5,45420.254,6,Armored Vehicle,Operational,0,0,0.0
105367.75,7,15052.535714285714,21,Drone,Operational,0,0,0.005
261175.24,9,29019.47111111111,2,Communication System,Operational,1,1,1.0
261770.39,14,18697.885,12,Generator,Operational,1,1,1.0
42809.17,2,21404.585,16,Tank,Out of Service,0,0,0.0
37936.18,1,37936.18,3,Radar,Maintenance,0,0,0.0
315691.63,9,35076.84777777778,18,Tank,Maintenance,1,1,1.0
136710.21,3,45570.07,8,Tank,Operational,0,0,0.0
740389.14,18,41132.73,8,Generator,Operational,1,1,1.0
63343.59,2,31671.795,7,Generator,Operational,0,0,0.0
111134.68,7,15876.382857142857,4,Tank,Operational,0,0,0.005
0.0,0,0.0,1,Radar,Operational,0,0,0.0
189279.01,5,37855.802,13,Armored Vehicle,Operational,0,0,0.0
42171.48,1,42171.48,10,Drone,Maintenance,0,0,0.0
17922.7,1,17922.7,10,Armored Vehicle,Operational,0,0,0.0
0.0,0,0.0,10,Drone,Operational,0,0,0.0
35178.53,2,17589.265,17,Armored Vehicle,Maintenance,0,0,0.0
362262.24,12,30188.52,7,Truck,Operational,1,1,1.0
305349.04,11,27759.003636363635,10,Communication System,Operational,1,1,1.0
61870.24,2,30935.12,11,Armored Vehicle,Operational,0,0,0.0
105592.22,4,26398.055,3,Armored Vehicle,Operational,0,0,0.0
174077.78,8,21759.7225,7,Generator,Maintenance,1,1,1.0
122801.01,3,40933.67,13,Communication System,Out of Service,0,0,0.0
349879.35,7,49982.764285714286,9,Tank,Operational,0,0,0.06
121159.87,4,30289.9675,7,Truck,Operational,0,0,0.0
81933.87,2,40966.935,6,Communication System,Maintenance,0,0,0.0
144404.45,3,48134.81666666667,20,Truck,Maintenance,0,0,0.0
67172.67,2,33586.335,13,Generator,Out of Service,0,0,0.0
144851.17,4,36212.7925,3,Missile Launcher,Operational,0,0,0.0
396796.79,20,19839.8395,8,Generator,Operational,1,1,1.0
253928.83,14,18137.77357142857,2,Missile Launcher,Operational,1,1,0.995
111502.93,5,22300.586,1,Tank,Operational,0,0,0.0
566663.36,12,47221.94666666666,20,Truck,Maintenance,1,1,0.995
123393.75,8,15424.21875,11,Missile Launcher,Maintenance,1,1,0.92
166457.55,7,23779.65,10,Missile Launcher,Out of Service,0,0,0.05
88629.59,2,44314.795,6,Communication System,Maintenance,0,0,0.0
256671.64,6,42778.60666666667,10,Communication System,Operational,0,0,0.0
560789.13,19,29515.21736842105,2,Armored Vehicle,Operational,1,1,1.0
550605.28,16,34412.83,17,Tank,Out of Service,1,1,0.995
138107.72,3,46035.90666666667,9,Communication System,Operational,0,0,0.0
478488.13,19,25183.585789473684,16,Generator,Operational,1,1,1.0
46452.79,1,46452.79,1,Armored Vehicle,Operational,0,0,0.0
143233.66,3,47744.55333333334,3,Radar,Maintenance,0,0,0.0
533945.68,20,26697.284000000003,14,Communication System,Maintenance,1,1,1.0
68213.93,2,34106.965,18,Armored Vehicle,Out of Service,0,0,0.0
199278.93,7,28468.41857142857,4,Radar,Operational,0,0,0.0
34549.05,2,17274.525,11,Truck,Operational,0,0,0.0
189546.95,4,47386.7375,1,Truck,Operational,0,0,0.0
128362.94,4,32090.735,19,Truck,Maintenance,0,0,0.0
98782.07,2,49391.035,19,Armored Vehicle,Operational,0,0,0.0
193813.39,5,38762.678,11,Generator,Operational,0,0,0.0
263043.7,9,29227.07777777778,15,Generator,Operational,1,1,1.0
869427.54,18,48301.53,19,Armored Vehicle,Operational,1,1,1.0
59927.17,3,19975.72333333333,20,Drone,Maintenance,0,0,0.0
109646.98,3,36548.99333333333,16,Radar,Operational,0,0,0.0
336348.55,7,48049.79285714286,19,Tank,Operational,0,0,0.0
111898.78,3,37299.59333333333,12,Missile Launcher,Maintenance,0,0,0.0
719170.95,18,39953.941666666666,3,Armored Vehicle,Operational,1,1,1.0
717466.06,16,44841.62875,6,Armored Vehicle,Operational,1,1,1.0
536710.52,20,26835.526,21,Armored Vehicle,Operational,1,1,1.0
344987.53,14,24641.96642857143,3,Generator,Operational,1,1,1.0
275178.3,7,39311.18571428571,18,Armored Vehicle,Maintenance,0,0,0.005
191605.9,4,47901.475,14,Drone,Operational,0,0,0.0
392999.47,16,24562.466875,17,Tank,Operational,1,1,0.995
673376.03,15,44891.73533333334,4,Truck,Operational,1,1,1.0
320719.84,10,32071.984000000004,14,Truck,Operational,1,1,1.0
72154.37,2,36077.185,3,Communication System,Operational,0,0,0.0
93319.14,6,15553.19,14,Communication System,Operational,0,0,0.0
287549.2,7,41078.45714285714,17,Radar,Maintenance,0,0,0.0
52316.58,2,26158.29,16,Communication System,Maintenance,0,0,0.0
139128.1,7,19875.442857142854,16,Missile Launcher,Maintenance,0,0,0.015
0.0,0,0.0,9,Missile Launcher,Operational,0,0,0.0
137546.69,4,34386.6725,12,Truck,Maintenance,0,0,0.0
708667.12,16,44291.695,10,Missile Launcher,Maintenance,1,1,1.0
64569.95,2,32284.975,7,Missile Launcher,Operational,0,0,0.0
79566.35,4,19891.5875,12,Drone,Operational,0,0,0.0
161212.04,6,26868.673333333336,13,Truck,Operational,0,0,0.0
76049.42,2,38024.71,9,Communication System,Maintenance,0,0,0.0
51313.08,2,25656.54,5,Generator,Operational,0,0,0.0
98657.95,4,24664.4875,13,Tank,Operational,0,0,0.0
85218.45,5,17043.69,17,Communication System,Operational,0,0,0.0
137257.26,5,27451.452,9,Armored Vehicle,Operational,0,0,0.0
301484.68,8,37685.585,8,Radar,Operational,1,1,1.0
60221.94,2,30110.97,9,Truck,Operational,0,0,0.0
202730.04,9,22525.56,3,Truck,Operational,1,1,1.0
102282.55,4,25570.6375,8,Generator,Maintenance,0,0,0.0
395376.53,9,43930.72555555556,19,Missile Launcher,Operational,1,1,1.0
175086.81,6,29181.135,10,Radar,Operational,0,0,0.0
223086.03,8,27885.75375,7,Truck,Operational,1,1,0.995
17791.25,1,17791.25,14,Radar,Operational,0,0,0.0
190149.75,4,47537.4375,19,Armored Vehicle,Maintenance,0,0,0.0
326538.37,8,40817.29625,1,Truck,Operational,1,1,0.995
148650.41,9,16516.712222222224,20,Generator,Maintenance,1,1,0.98
255739.43,6,42623.238333333335,6,Drone,Operational,0,0,0.0
0.0,0,0.0,5,Radar,Operational,0,0,0.0
459772.71,17,27045.453529411767,3,Truck,Operational,1,1,1.0
77878.61,2,38939.305,13,Tank,Operational,0,0,0.0
188844.22,12,15737.018333333332,4,Truck,Operational,1,1,1.0
80516.2,2,40258.1,9,Radar,Operational,0,0,0.0
160199.13,4,40049.7825,12,Communication System,Operational,0,0,0.0
0.0,0,0.0,19,Generator,Maintenance,0,0,0.0
86608.69,2,43304.345,13,Truck,Operational,0,0,0.0
103939.88,4,25984.97,8,Radar,Operational,0,0,0.0
190622.98,9,21180.33111111111,8,Missile Launcher,Operational,1,1,1.0
95205.53,4,23801.3825,17,Armored Vehicle,Maintenance,0,0,0.0
502722.77,12,41893.56416666667,7,Radar,Maintenance,1,1,0.99
18676.32,1,18676.32,12,Drone,Operational,0,0,0.0
92766.91,2,46383.455,15,Drone,Operational,0,0,0.0
57190.37,3,19063.45666666667,8,Armored Vehicle,Operational,0,0,0.0
134165.14,4,33541.285,8,Missile Launcher,Operational,0,0,0.0
290326.36,6,48387.72666666666,4,Armored Vehicle,Operational,0,0,0.0
438785.87,12,36565.489166666666,6,Radar,Operational,1,1,1.0
164057.05,5,32811.41,9,Radar,Operational,0,0,0.0
262289.96,9,29143.328888888893,17,Tank,Operational,1,1,1.0
76340.0,2,38170.0,18,Communication System,Operational,0,0,0.0
127588.08,4,31897.02,16,Missile Launcher,Operational,0,0,0.0
643958.83,18,35775.49055555555,18,Radar,Maintenance,1,1,1.0
553182.34,12,46098.52833333333,17,Tank,Operational,1,1,1.0
83217.04,2,41608.52,14,Communication System,Operational,0,0,0.0
44370.71,1,44370.71,20,Missile Launcher,Maintenance,0,0,0.0
212901.81,7,30414.544285714284,13,Communication System,Operational,0,0,0.0
226006.34,5,45201.268,13,Drone,Operational,0,0,0.0
658703.48,16,41168.9675,10,Missile Launcher,Operational,1,1,1.0
686978.61,14,49069.90071428572,17,Missile Launcher,Maintenance,1,1,0.995
216106.08,7,30872.29714285714,6,Truck,Operational,0,0,0.0
128267.21,7,18323.887142857144,11,Tank,Operational,0,0,0.01
19962.54,1,19962.54,12,Drone,Operational,0,0,0.0
43276.16,2,21638.08,1,Communication System,Operational,0,0,0.0
174132.67,4,43533.1675,17,Drone,Maintenance,0,0,0.0
93884.34,2,46942.17,13,Missile Launcher,Operational,0,0,0.0
0.0,0,0.0,2,Missile Launcher,Operational,0,0,0.0
0.0,0,0.0,20,Generator,Maintenance,0,0,0.0
116837.1,6,19472.85,19,Tank,Maintenance,0,0,0.0
153165.08,6,25527.51333333333,10,Truck,Operational,0,0,0.0
85472.32,2,42736.16,9,Generator,Operational,0,0,0.0
0.0,0,0.0,7,Drone,Operational,0,0,0.0
161249.81,5,32249.962,9,Tank,Out of Service,0,0,0.0
99589.27,3,33196.42333333333,3,Missile Launcher,Operational,0,0,0.0
54338.65,2,27169.325,20,Missile Launcher,Operational,0,0,0.0
324470.3,14,23176.45,14,Missile Launcher,Operational,1,1,1.0
139496.11,5,27899.222,1,Radar,Operational,0,0,0.0
512964.79,12,42747.06583333333,6,Missile Launcher,Out of Service,1,1,1.0
0.0,0,0.0,3,Drone,Operational,0,0,0.0
108861.95,4,27215.4875,19,Communication System,Operational,0,0,0.0
150944.04,4,37736.01,21,Truck,Out of Service,0,0,0.0
45761.82,1,45761.82,1,Tank,Operational,0,0,0.0
160471.96,6,26745.326666666664,19,Communication System,Operational,0,0,0.01
442231.05,9,49136.78333333333,13,Truck,Operational,1,1,1.0
575152.24,19,30271.17052631579,5,Generator,Maintenance,1,1,1.0
49280.16,2,24640.08,4,Tank,Maintenance,0,0,0.0
136969.74,5,27393.948,21,Tank,Maintenance,0,0,0.0
67724.75,2,33862.375,20,Communication System,Operational,0,0,0.0
165641.5,4,41410.375,3,Armored Vehicle,Out of Service,0,0,0.0
187455.64,4,46863.91,11,Tank,Operational,0,0,0.0
0.0,0,0.0,8,Radar,Operational,0,0,0.0
245136.05,8,30642.00625,14,Drone,Operational,1,1,0.98
158485.98,4,39621.495,18,Truck,Operational,0,0,0.0
178155.48,7,25450.782857142854,4,Communication System,Operational,0,0,0.0
249093.22,12,20757.768333333333,19,Tank,Operational,1,1,1.0
169891.85,9,18876.872222222224,21,Radar,Operational,1,1,0.995
220330.89,5,44066.178,18,Generator,Maintenance,0,0,0.0
136103.27,3,45367.75666666666,20,Armored Vehicle,Maintenance,0,0,0.0
592110.79,14,42293.62785714286,2,Missile Launcher,Out of Service,1,1,0.995
176002.37,4,44000.5925,2,Tank,Out of Service,0,0,0.0
0.0,0,0.0,17,Armored Vehicle,Operational,0,0,0.0
511039.9,16,31939.99375,5,Drone,Maintenance,1,1,1.0
142635.77,3,47545.25666666666,2,Armored Vehicle,Operational,0,0,0.0
291844.11,6,48640.685,5,Generator,Operational,0,0,0.0
162038.71,4,40509.6775,9,Drone,Operational,0,0,0.0
89725.1,4,22431.275,13,Tank,Operational,0,0,0.0
149118.82,4,37279.705,17,Radar,Operational,0,0,0.0
224765.49,9,24973.943333333333,17,Communication System,Operational,1,1,0.995
239951.08,9,26661.23111111111,4,Armored Vehicle,Operational,1,1,0.995
841785.59,20,42089.2795,11,Truck,Operational,1,1,1.0
41970.32,2,20985.16,7,Drone,Operational,0,0,0.0
590233.37,15,39348.89133333333,21,Armored Vehicle,Operational,1,1,1.0
672184.13,20,33609.2065,7,Communication System,Operational,1,1,1.0
166487.29,10,16648.729,6,Radar,Operational,1,1,1.0
510119.69,16,31882.480625,10,Armored Vehicle,Maintenance,1,1,1.0
518507.82,13,39885.21692307692,14,Drone,Operational,1,1,1.0
87540.97,5,17508.194,8,Tank,Operational,0,0,0.0
0.0,0,0.0,5,Missile Launcher,Operational,0,0,0.0
0.0,0,0.0,1,Truck,Maintenance,0,0,0.0
69277.74,3,23092.58,11,Radar,Operational,0,0,0.0
157205.26,7,22457.894285714287,21,Tank,Operational,0,0,0.01
568892.69,13,43760.97615384615,15,Tank,Out of Service,1,1,1.0
57770.53,3,19256.84333333333,1,Generator,Operational,0,0,0.0
0.0,0,0.0,15,Tank,Operational,0,0,0.0
372898.68,16,23306.1675,10,Generator,Operational,1,1,1.0
0.0,0,0.0,12,Communication System,Operational,0,0,0.0
199079.41,4,49769.8525,13,Generator,Operational,0,0,0.0
563888.39,16,35243.024375,3,Drone,Operational,1,1,1.0
55761.54,2,27880.77,18,Tank,Maintenance,0,0,0.0
293145.84,6,48857.64000000001,3,Radar,Operational,0,0,0.0
37786.53,1,37786.53,17,Armored Vehicle,Maintenance,0,0,0.0
436025.85,11,39638.71363636363,18,Communication System,Operational,1,1,1.0
117435.83,4,29358.9575,14,Radar,Out of Service,0,0,0.0
747634.21,18,41535.23388888888,21,Armored Vehicle,Operational,1,1,1.0
113435.35,4,28358.8375,20,Drone,Operational,0,0,0.0
175452.79,7,25064.684285714287,12,Tank,Maintenance,0,0,0.015
81098.85,3,27032.95,4,Communication System,Operational,0,0,0.0
180573.65,4,45143.4125,19,Drone,Operational,0,0,0.0
74993.38,3,24997.79333333333,18,Missile Launcher,Maintenance,0,0,0.0
86803.25,4,21700.8125,6,Missile Launcher,Operational,0,0,0.0
47002.51,3,15667.503333333334,6,Armored Vehicle,Maintenance,0,0,0.005
90179.15,3,30059.716666666664,21,Truck,Maintenance,0,0,0.0
122456.46,3,40818.82,13,Drone,Operational,0,0,0.0
269426.6,8,33678.325,7,Armored Vehicle,Operational,1,1,1.0
940415.33,19,49495.54368421053,13,Communication System,Operational,1,1,1.0
245023.5,14,17501.678571428572,13,Tank,Operational,1,1,1.0
162138.86,4,40534.715,19,Communication System,Out of Service,0,0,0.0
92414.88,4,23103.72,17,Tank,Operational,0,0,0.0
430493.23,10,43049.323,21,Tank,Maintenance,1,1,0.995
113529.15,4,28382.2875,2,Truck,Operational,0,0,0.0
0.0,0,0.0,18,Radar,Operational,0,0,0.0
0.0,0,0.0,2,Drone,Operational,0,0,0.0
62313.0,2,31156.5,6,Generator,Operational,0,0,0.0
459966.08,19,24208.74105263158,1,Truck,Operational,1,1,1.0
255833.37,8,31979.17125,19,Missile Launcher,Out of Service,1,1,0.96
154392.12,8,19299.015,9,Radar,Operational,1,1,0.99
95959.39,2,47979.695,8,Drone,Operational,0,0,0.0
218484.87,8,27310.60875,13,Radar,Operational,1,1,0.98
208204.18,7,29743.454285714284,14,Missile Launcher,Operational,0,0,0.0
50929.88,2,25464.94,11,Drone,Operational,0,0,0.0
145219.89,3,48406.630000000005,17,Truck,Operational,0,0,0.0
607567.77,19,31977.25105263158,4,Truck,Operational,1,1,1.0
79226.34,4,19806.585,19,Generator,Maintenance,0,0,0.0
677113.45,18,37617.413888888885,8,Tank,Operational,1,1,1.0
52907.32,3,17635.773333333334,20,Communication System,Operational,0,0,0.0
41921.92,2,20960.96,12,Communication System,Operational,0,0,0.0
179691.57,4,44922.8925,20,Tank,Maintenance,0,0,0.0
43700.98,1,43700.98,7,Tank,Maintenance,0,0,0.0
55996.56,2,27998.28,10,Tank,Operational,0,0,0.0
140164.43,6,23360.73833333333,3,Armored Vehicle,Operational,0,0,0.0
127538.82,6,21256.47,15,Armored Vehicle,Operational,0,0,0.0
88974.0,2,44487.0,18,Communication System,Operational,0,0,0.0
500973.9,11,45543.08181818182,8,Drone,Maintenance,1,1,1.0
275091.97,7,39298.85285714285,9,Truck,Out of Service,0,0,0.005
296583.94,8,37072.9925,2,Truck,Operational,1,1,0.985
268021.22,8,33502.6525,10,Communication System,Operational,1,1,1.0
126631.39,3,42210.46333333333,15,Missile Launcher,Maintenance,0,0,0.0
188231.97,4,47057.9925,4,Radar,Operational,0,0,0.0
159220.09,5,31844.018,18,Communication System,Operational,0,0,0.0
355943.27,9,39549.25222222223,14,Drone,Operational,1,1,1.0
141438.77,9,15715.418888888888,5,Missile Launcher,Operational,1,1,0.985
59835.34,3,19945.11333333333,14,Drone,Operational,0,0,0.0
79126.74,2,39563.37,12,Drone,Operational,0,0,0.0
136625.41,5,27325.082,11,Missile Launcher,Operational,0,0,0.0
132111.78,3,44037.26,5,Generator,Out of Service,0,0,0.0
30941.64,1,30941.64,12,Missile Launcher,Operational,0,0,0.0
150662.94,4,37665.735,3,Communication System,Maintenance,0,0,0.0
290932.98,6,48488.83,11,Missile Launcher,Operational,0,0,0.005
742875.81,16,46429.738125,9,Generator,Operational,1,1,1.0
57916.05,3,19305.35,14,Radar,Operational,0,0,0.0
69935.69,2,34967.845,1,Communication System,Operational,0,0,0.0
350256.36,9,38917.37333333333,19,Generator,Operational,1,1,1.0
576073.3,14,41148.09285714286,4,Armored Vehicle,Operational,1,1,1.0
55855.87,2,27927.935,4,Armored Vehicle,Operational,0,0,0.0
77502.55,3,25834.18333333333,6,Generator,Maintenance,0,0,0.0
64789.4,3,21596.466666666667,16,Truck,Maintenance,0,0,0.0
132607.95,7,18943.992857142857,6,Tank,Operational,0,0,0.005
64421.4,3,21473.8,11,Armored Vehicle,Maintenance,0,0,0.0
24862.72,1,24862.72,19,Radar,Operational,0,0,0.0
212059.02,5,42411.804,2,Drone,Operational,0,0,0.0
53554.5,2,26777.25,9,Truck,Operational,0,0,0.0
0.0,0,0.0,15,Drone,Operational,0,0,0.0
82880.32,2,41440.16,3,Armored Vehicle,Operational,0,0,0.0
137589.39,3,45863.130000000005,15,Truck,Operational,0,0,0.0
173158.99,4,43289.7475,8,Generator,Operational,0,0,0.0
0.0,0,0.0,9,Truck,Operational,0,0,0.0
49317.28,1,49317.28,13,Truck,Operational,0,0,0.0
604463.52,17,35556.67764705882,17,Tank,Operational,1,1,1.0
313401.73,8,39175.21625,17,Tank,Operational,1,1,1.0
194500.74,11,17681.885454545452,19,Missile Launcher,Operational,1,1,1.0
387868.39,9,43096.48777777778,16,Communication System,Operational,1,1,1.0
67883.62,2,33941.81,1,Armored Vehicle,Operational,0,0,0.0
26668.39,1,26668.39,13,Armored Vehicle,Operational,0,0,0.0
230962.17,5,46192.434,19,Truck,Maintenance,0,0,0.0
300377.81,7,42911.11571428571,10,Generator,Operational,0,0,0.015
0.0,0,0.0,17,Missile Launcher,Out of Service,0,0,0.0
17260.5,1,17260.5,7,Drone,Maintenance,0,0,0.0
223212.31,7,31887.472857142857,21,Tank,Operational,0,0,0.0
242726.85,6,40454.475,2,Missile Launcher,Maintenance,0,0,0.0
480296.42,11,43663.310909090906,12,Radar,Maintenance,1,1,1.0
106975.69,5,21395.138,6,Missile Launcher,Operational,0,0,0.0
727472.45,15,48498.16333333333,9,Missile Launcher,Operational,1,1,1.0
166156.2,10,16615.620000000003,5,Drone,Operational,1,1,1.0
369056.17,16,23066.010625,5,Radar,Operational,1,1,1.0
58367.61,3,19455.87,12,Missile Launcher,Operational,0,0,0.0
103246.85,4,25811.7125,6,Communication System,Operational,0,0,0.0
280147.48,6,46691.246666666666,2,Armored Vehicle,Out of Service,0,0,0.025
283655.31,8,35456.91375,16,Truck,Operational,1,1,0.995
128877.48,3,42959.16,10,Generator,Operational,0,0,0.0
253753.77,10,25375.377,1,Tank,Out of Service,1,1,0.985
826368.39,19,43493.07315789474,5,Tank,Operational,1,1,1.0
71480.69,3,23826.896666666667,11,Communication System,Operational,0,0,0.0
148600.44,3,49533.48,14,Drone,Operational,0,0,0.0
119069.0,4,29767.25,15,Tank,Operational,0,0,0.0
636770.77,15,42451.384666666665,7,Generator,Operational,1,1,1.0
300858.52,10,30085.852000000003,21,Drone,Operational,1,1,1.0
63435.0,2,31717.5,15,Missile Launcher,Operational,0,0,0.0
26943.88,1,26943.88,16,Communication System,Maintenance,0,0,0.0
261031.97,7,37290.28142857143,4,Drone,Out of Service,0,0,0.005
618676.79,20,30933.8395,17,Missile Launcher,Maintenance,1,1,1.0
153444.79,9,17049.42111111111,7,Tank,Operational,1,1,0.995
145245.57,4,36311.3925,21,Truck,Operational,0,0,0.0
55133.6,2,27566.8,21,Tank,Out of Service,0,0,0.0
382500.41,8,47812.55125,18,Truck,Operational,1,1,1.0
0.0,0,0.0,16,Generator,Maintenance,0,0,0.0
297176.15,18,16509.786111111112,15,Armored Vehicle,Operational,1,1,1.0
131816.85,8,16477.10625,15,Drone,Operational,1,1,0.99
357838.48,9,39759.83111111111,12,Radar,Operational,1,1,1.0
38984.51,1,38984.51,10,Drone,Operational,0,0,0.0
215821.53,6,35970.255,20,Generator,Operational,0,0,0.0
121079.5,7,17297.071428571428,3,Drone,Maintenance,0,0,0.005
181485.11,9,20165.01222222222,9,Tank,Operational,1,1,1.0
53130.67,3,17710.22333333333,3,Communication System,Operational,0,0,0.0
181074.27,4,45268.5675,14,Missile Launcher,Operational,0,0,0.0
166105.12,6,27684.186666666665,6,Truck,Operational,0,0,0.0
842010.8,17,49530.04705882353,17,Missile Launcher,Out of Service,1,1,1.0
245695.88,8,30711.985,1,Missile Launcher,Operational,1,1,0.995
113683.93,3,37894.64333333333,17,Drone,Maintenance,0,0,0.0
180782.35,4,45195.5875,12,Communication System,Operational,0,0,0.0
166526.21,4,41631.5525,3,Missile Launcher,Operational,0,0,0.0
374210.13,9,41578.903333333335,10,Radar,Operational,1,1,1.0
62723.1,4,15680.775,10,Armored Vehicle,Operational,0,0,0.0
0.0,0,0.0,1,Truck,Operational,0,0,0.0
109744.22,5,21948.844,10,Radar,Operational,0,0,0.0
0.0,0,0.0,9,Armored Vehicle,Operational,0,0,0.0
87591.38,5,17518.276,15,Radar,Operational,0,0,0.0
69273.54,2,34636.77,3,Generator,Operational,0,0,0.0
64922.87,3,21640.95666666667,12,Tank,Operational,0,0,0.0
120786.56,8,15098.32,1,Armored Vehicle,Operational,1,1,0.945
362621.67,8,45327.70875,18,Drone,Operational,1,1,1.0
37314.56,2,18657.28,7,Tank,Operational,0,0,0.0
296401.8,6,49400.3,18,Tank,Operational,0,0,0.005
703482.32,15,46898.82133333333,10,Truck,Operational,1,1,1.0
368991.39,9,40999.043333333335,21,Drone,Operational,1,1,1.0
15825.53,1,15825.53,16,Radar,Maintenance,0,0,0.0
208574.02,8,26071.7525,12,Radar,Operational,1,1,1.0
70833.05,2,35416.525,5,Truck,Operational,0,0,0.0
69128.98,3,23042.99333333333,14,Missile Launcher,Operational,0,0,0.0
528138.83,12,44011.56916666666,21,Communication System,Operational,1,1,1.0
336706.12,9,37411.79111111111,18,Tank,Maintenance,1,1,0.99
0.0,0,0.0,12,Armored Vehicle,Operational,0,0,0.0
80688.36,5,16137.672,5,Missile Launcher,Operational,0,0,0.0
67935.12,4,16983.78,5,Drone,Operational,0,0,0.0
93702.93,5,18740.586,11,Missile Launcher,Operational,0,0,0.0
48420.42,1,48420.42,10,Armored Vehicle,Operational,0,0,0.0
135823.5,4,33955.875,3,Armored Vehicle,Out of Service,0,0,0.0
234097.84,6,39016.30666666666,20,Drone,Operational,0,0,0.0
0.0,0,0.0,12,Generator,Operational,0,0,0.0
168946.19,11,15358.744545454543,8,Drone,Operational,1,1,1.0
49679.09,2,24839.545,16,Radar,Operational,0,0,0.0
122634.5,3,40878.16666666666,17,Missile Launcher,Maintenance,0,0,0.0
181117.62,10,18111.762,10,Armored Vehicle,Operational,1,1,0.995
298121.02,8,37265.1275,18,Radar,Operational,1,1,1.0
162753.16,8,20344.145,2,Drone,Operational,1,1,1.0
48546.39,1,48546.39,2,Generator,Maintenance,0,0,0.0
120253.41,8,15031.67625,14,Communication System,Operational,1,1,0.95
45087.5,3,15029.166666666666,14,Armored Vehicle,Operational,0,0,0.0
16280.5,1,16280.5,18,Truck,Operational,0,0,0.0
383999.54,13,29538.42615384615,8,Armored Vehicle,Out of Service,1,1,1.0
38327.69,1,38327.69,14,Communication System,Operational,0,0,0.0
88395.57,4,22098.8925,19,Generator,Out of Service,0,0,0.0
76543.42,3,25514.47333333333,16,Armored Vehicle,Operational,0,0,0.0
31371.85,2,15685.925,1,Radar,Operational,0,0,0.0
95819.7,3,31939.9,6,Generator,Operational,0,0,0.0
88316.56,3,29438.853333333333,14,Drone,Maintenance,0,0,0.0
372498.67,14,26607.047857142858,15,Communication System,Operational,1,1,1.0
325349.88,8,40668.735,20,Tank,Maintenance,1,1,0.99
500440.73,11,45494.61181818182,12,Communication System,Operational,1,1,1.0
0.0,0,0.0,18,Communication System,Maintenance,0,0,0.0
343574.66,8,42946.8325,18,Missile Launcher,Out of Service,1,1,0.99
197997.83,7,28285.404285714285,10,Tank,Operational,0,0,0.01
21361.77,1,21361.77,13,Radar,Operational,0,0,0.0
603224.53,15,40214.96866666667,18,Truck,Operational,1,1,1.0
0.0,0,0.0,2,Truck,Operational,0,0,0.0
85869.87,2,42934.935,9,Missile Launcher,Out of Service,0,0,0.0
194942.31,4,48735.5775,20,Radar,Out of Service,0,0,0.0
222088.42,5,44417.684,19,Missile Launcher,Operational,0,0,0.0
270550.24,7,38650.03428571428,6,Tank,Operational,0,0,0.01
371590.65,14,26542.18928571429,17,Missile Launcher,Out of Service,1,1,1.0
30920.2,2,15460.1,16,Tank,Maintenance,0,0,0.0
214517.02,7,30645.28857142857,6,Truck,Operational,0,0,0.0
92182.87,3,30727.623333333333,14,Communication System,Operational,0,0,0.0
0.0,0,0.0,7,Communication System,Operational,0,0,0.0
231634.01,7,33090.572857142855,10,Communication System,Operational,0,0,0.01
68548.98,2,34274.49,15,Drone,Operational,0,0,0.0
83682.35,2,41841.175,3,Drone,Maintenance,0,0,0.0
119406.19,4,29851.5475,14,Communication System,Operational,0,0,0.0
327502.85,20,16375.142499999998,8,Communication System,Operational,1,1,1.0
437195.33,9,48577.25888888889,9,Tank,Maintenance,1,1,1.0
126378.81,3,42126.27,12,Drone,Operational,0,0,0.0
27688.47,1,27688.47,16,Truck,Maintenance,0,0,0.0
497084.53,15,33138.96866666667,5,Missile Launcher,Operational,1,1,1.0
50306.13,2,25153.065,21,Tank,Operational,0,0,0.0
114947.24,3,38315.746666666666,5,Generator,Operational,0,0,0.0
142024.3,3,47341.43333333333,13,Generator,Out of Service,0,0,0.0
0.0,0,0.0,5,Generator,Operational,0,0,0.0
152879.37,4,38219.8425,4,Tank,Maintenance,0,0,0.0
237492.61,5,47498.522,8,Tank,Operational,0,0,0.0
66259.61,3,22086.536666666667,20,Generator,Operational,0,0,0.005
62194.49,4,15548.6225,12,Communication System,Operational,0,0,0.0
345475.66,15,23031.710666666662,10,Missile Launcher,Maintenance,1,1,1.0
54470.01,2,27235.005,1,Tank,Operational,0,0,0.0
35705.46,1,35705.46,14,Communication System,Operational,0,0,0.0
54251.95,3,18083.983333333334,11,Tank,Operational,0,0,0.0
45345.51,3,15115.17,3,Tank,Operational,0,0,0.0
242841.84,6,40473.64,16,Communication System,Operational,0,0,0.0
167187.89,8,20898.48625,12,Missile Launcher,Operational,1,1,1.0
46797.48,2,23398.74,12,Tank,Operational,0,0,0.0
187803.94,12,15650.328333333331,1,Truck,Operational,1,1,0.99
97538.34,6,16256.39,21,Drone,Operational,0,0,0.0
42807.5,1,42807.5,20,Generator,Operational,0,0,0.0
563312.42,19,29648.02210526316,15,Communication System,Operational,1,1,1.0
165402.83,8,20675.35375,16,Drone,Maintenance,1,1,0.995
145687.09,3,48562.363333333335,8,Communication System,Out of Service,0,0,0.0
227858.79,8,28482.34875,19,Truck,Maintenance,1,1,0.99
249130.21,5,49826.042,18,Communication System,Maintenance,0,0,0.0
0.0,0,0.0,5,Missile Launcher,Operational,0,0,0.0
283042.27,15,18869.484666666667,2,Radar,Operational,1,1,1.0
126315.52,4,31578.88,15,Tank,Operational,0,0,0.0
50793.68,3,16931.226666666666,1,Generator,Operational,0,0,0.005
58234.88,3,19411.626666666667,7,Generator,Operational,0,0,0.0
130951.32,3,43650.44,7,Communication System,Operational,0,0,0.0
126291.69,4,31572.9225,8,Communication System,Operational,0,0,0.0
324046.7,7,46292.38571428572,15,Communication System,Operational,0,0,0.01
97260.89,6,16210.148333333333,16,Communication System,Operational,0,0,0.0
42236.37,2,21118.185,12,Truck,Operational,0,0,0.0
448015.8,19,23579.77894736842,4,Armored Vehicle,Maintenance,1,1,1.0
416257.69,9,46250.85444444444,8,Truck,Operational,1,1,1.0
191477.27,9,21275.25222222222,10,Armored Vehicle,Operational,1,1,0.995
380890.77,9,42321.19666666667,15,Radar,Maintenance,1,1,1.0
202619.16,5,40523.832,11,Armored Vehicle,Operational,0,0,0.0
204467.95,5,40893.59,5,Truck,Operational,0,0,0.0
434081.95,9,48231.32777777778,6,Tank,Out of Service,1,1,1.0
179772.19,9,19974.687777777777,5,Armored Vehicle,Operational,1,1,1.0
151566.44,9,16840.715555555555,21,Missile Launcher,Operational,1,1,0.985
92316.8,2,46158.4,9,Truck,Operational,0,0,0.0
290069.9,8,36258.7375,2,Drone,Operational,1,1,0.99
315396.37,20,15769.8185,5,Drone,Out of Service,1,1,1.0
468602.35,18,26033.463888888888,13,Tank,Operational,1,1,1.0
162519.74,5,32503.948,18,Truck,Operational,0,0,0.0
446131.19,13,34317.78384615385,14,Truck,Operational,1,1,1.0
84256.37,2,42128.185,3,Armored Vehicle,Operational,0,0,0.0
239505.99,5,47901.198,9,Radar,Operational,0,0,0.0
93064.36,4,23266.09,9,Drone,Operational,0,0,0.0
43850.08,2,21925.04,15,Tank,Operational,0,0,0.0
98779.11,2,49389.555,10,Drone,Operational,0,0,0.0
128630.19,4,32157.5475,14,Tank,Operational,0,0,0.0
134889.18,3,44963.06,18,Truck,Maintenance,0,0,0.0
95181.23,4,23795.3075,11,Truck,Operational,0,0,0.0
335758.86,9,37306.54,9,Generator,Operational,1,1,1.0
57416.53,3,19138.84333333333,1,Communication System,Operational,0,0,0.0
263608.82,8,32951.1025,19,Armored Vehicle,Maintenance,1,1,0.995
372369.02,11,33851.729090909095,16,Radar,Maintenance,1,1,1.0
238146.95,11,21649.72272727273,21,Generator,Maintenance,1,1,0.995
135574.24,9,15063.804444444444,20,Communication System,Operational,1,1,0.985
70458.67,2,35229.335,18,Missile Launcher,Operational,0,0,0.0
331635.04,7,47376.43428571429,4,Generator,Out of Service,0,0,0.05
867709.27,20,43385.4635,11,Radar,Maintenance,1,1,1.0
912218.4,19,48011.494736842105,7,Communication System,Operational,1,1,1.0
128629.46,4,32157.365,12,Tank,Maintenance,0,0,0.0
359871.22,12,29989.26833333333,11,Missile Launcher,Out of Service,1,1,1.0
138323.13,3,46107.71,15,Armored Vehicle,Operational,0,0,0.0
433259.83,11,39387.25727272727,12,Communication System,Operational,1,1,1.0
129711.47,3,43237.15666666667,4,Generator,Operational,0,0,0.0
368685.3,8,46085.6625,6,Truck,Operational,1,1,1.0
131489.17,3,43829.723333333335,14,Armored Vehicle,Maintenance,0,0,0.0
17315.71,1,17315.71,3,Missile Launcher,Operational,0,0,0.005
137104.11,4,34276.0275,8,Radar,Operational,0,0,0.0
207901.31,5,41580.262,9,Radar,Maintenance,0,0,0.0
252320.6,7,36045.8,10,Missile Launcher,Operational,0,0,0.015
0.0,0,0.0,20,Drone,Operational,0,0,0.0
42375.16,1,42375.16,17,Radar,Out of Service,0,0,0.0
165537.02,4,41384.255,3,Truck,Operational,0,0,0.0
416304.54,11,37845.86727272727,13,Generator,Maintenance,1,1,1.0
588118.88,12,49009.90666666667,18,Missile Launcher,Operational,1,1,1.0
131420.13,3,43806.71,15,Tank,Operational,0,0,0.0
548660.89,13,42204.68384615385,21,Communication System,Operational,1,1,1.0
163442.7,7,23348.957142857143,6,Tank,Operational,0,0,0.01
79027.01,3,26342.336666666662,8,Communication System,Operational,0,0,0.0
98842.84,2,49421.42,11,Armored Vehicle,Operational,0,0,0.0
508463.0,11,46223.90909090909,15,Armored Vehicle,Operational,1,1,1.0
267149.51,6,44524.918333333335,4,Armored Vehicle,Operational,0,0,0.0
177230.23,9,19692.24777777778,17,Generator,Operational,1,1,1.0
216871.74,6,36145.29,5,Communication System,Maintenance,0,0,0.0
90991.74,3,30330.58,11,Armored Vehicle,Operational,0,0,0.0
155114.08,9,17234.897777777776,3,Missile Launcher,Maintenance,1,1,0.975
251556.89,9,27950.76555555556,4,Generator,Operational,1,1,1.0
136229.46,3,45409.82,1,Drone,Operational,0,0,0.0
690894.62,17,40640.86,13,Radar,Operational,1,1,1.0
444585.93,9,49398.43666666667,16,Truck,Operational,1,1,1.0
945685.53,19,49772.92263157895,19,Tank,Maintenance,1,1,0.99
611040.62,16,38190.03875,8,Truck,Operational,1,1,1.0
25159.18,1,25159.18,1,Truck,Operational,0,0,0.0
121308.58,3,40436.193333333336,15,Armored Vehicle,Operational,0,0,0.0
292209.77,7,41744.25285714286,1,Missile Launcher,Operational,0,0,0.005
54723.73,3,18241.243333333336,17,Tank,Operational,0,0,0.0
36965.56,1,36965.56,14,Drone,Operational,0,0,0.0
331966.09,10,33196.609000000004,13,Missile Launcher,Operational,1,1,1.0
0.0,0,0.0,12,Generator,Operational,0,0,0.0
0.0,0,0.0,9,Tank,Operational,0,0,0.0
357097.36,19,18794.59789473684,4,Drone,Operational,1,1,1.0
116828.26,5,23365.652,15,Radar,Operational,0,0,0.0
464158.45,12,38679.87083333333,1,Missile Launcher,Out of Service,1,1,1.0
455158.27,12,37929.855833333335,6,Generator,Operational,1,1,1.0
383922.53,8,47990.31625,2,Armored Vehicle,Operational,1,1,0.995
120418.9,6,20069.816666666666,4,Truck,Operational,0,0,0.0
760220.48,16,47513.78,10,Missile Launcher,Operational,1,1,1.0
41276.44,1,41276.44,11,Truck,Operational,0,0,0.0
189227.94,5,37845.588,2,Generator,Operational,0,0,0.0
46139.14,2,23069.57,21,Tank,Operational,0,0,0.0
395389.48,13,30414.575384615386,8,Drone,Operational,1,1,1.0
271437.48,13,20879.80615384615,6,Drone,Operational,1,1,1.0
50632.11,2,25316.055,9,Drone,Operational,0,0,0.0
0.0,0,0.0,16,Tank,Maintenance,0,0,0.0
509146.95,12,42428.9125,21,Generator,Operational,1,1,1.0
266409.71,9,29601.078888888893,17,Tank,Operational,1,1,1.0
0.0,0,0.0,6,Missile Launcher,Maintenance,0,0,0.0
363704.6,19,19142.34736842105,3,Truck,Operational,1,1,1.0
145456.12,3,48485.37333333333,11,Drone,Operational,0,0,0.0
28648.14,1,28648.14,16,Tank,Maintenance,0,0,0.005
124334.08,3,41444.693333333336,21,Communication System,Operational,0,0,0.0
34716.97,2,17358.485,8,Drone,Operational,0,0,0.0
203544.75,9,22616.08333333333,16,Truck,Maintenance,1,1,0.995
279978.46,7,39996.92285714286,17,Missile Launcher,Out of Service,0,0,0.005
454702.91,12,37891.909166666665,12,Missile Launcher,Operational,1,1,1.0
252571.34,6,42095.223333333335,8,Communication System,Operational,0,0,0.005
83180.86,2,41590.43,14,Armored Vehicle,Operational,0,0,0.0
59298.08,3,19766.02666666667,9,Armored Vehicle,Operational,0,0,0.0
279278.26,9,31030.91777777778,7,Generator,Operational,1,1,1.0
46559.69,1,46559.69,16,Generator,Operational,0,0,0.0
45174.88,1,45174.88,6,Truck,Operational,0,0,0.0
177914.32,7,25416.33142857143,12,Radar,Operational,0,0,0.0
0.0,0,0.0,9,Missile Launcher,Out of Service,0,0,0.0
198021.07,9,22002.341111111116,11,Generator,Operational,1,1,1.0
305731.6,7,43675.94285714285,19,Armored Vehicle,Operational,0,0,0.005
299243.09,11,27203.917272727274,20,Generator,Operational,1,1,1.0
99842.31,2,49921.155,15,Missile Launcher,Operational,0,0,0.0
119548.92,3,39849.64,12,Truck,Operational,0,0,0.0
205428.31,6,34238.051666666666,6,Armored Vehicle,Operational,0,0,0.0
610534.65,15,40702.310000000005,19,Truck,Operational,1,1,1.0
92097.73,2,46048.865,13,Generator,Operational,0,0,0.0
135072.25,8,16884.03125,6,Communication System,Operational,1,1,0.995
116237.82,4,29059.455,9,Radar,Operational,0,0,0.0
167455.39,4,41863.8475,5,Drone,Operational,0,0,0.0
95155.36,2,47577.68,3,Truck,Operational,0,0,0.0
69414.13,2,34707.065,7,Generator,Operational,0,0,0.0
232037.58,5,46407.516,11,Radar,Operational,0,0,0.0
89484.76,2,44742.38,18,Generator,Operational,0,0,0.0
187630.03,7,26804.29,19,Radar,Operational,0,0,0.005
30861.49,2,15430.745,7,Tank,Operational,0,0,0.0
325715.1,8,40714.3875,5,Communication System,Operational,1,1,0.99
786140.0,18,43674.444444444445,6,Tank,Operational,1,1,1.0
193922.21,9,21546.91222222222,14,Communication System,Operational,1,1,1.0
90354.3,2,45177.15,16,Truck,Operational,0,0,0.0
174398.52,6,29066.42,11,Generator,Operational,0,0,0.0
102221.69,3,34073.89666666667,4,Armored Vehicle,Operational,0,0,0.0
271006.7,17,15941.570588235294,11,Missile Launcher,Out of Service,1,1,1.0
74293.09,2,37146.545,1,Tank,Operational,0,0,0.0
836898.83,17,49229.34294117647,14,Missile Launcher,Maintenance,1,1,0.99
90835.29,6,15139.214999999998,1,Tank,Operational,0,0,0.0
211555.31,6,35259.21833333333,10,Communication System,Operational,0,0,0.0
146591.2,8,18323.9,1,Missile Launcher,Operational,1,1,0.99
92543.51,3,30847.836666666662,3,Radar,Operational,0,0,0.0
513451.02,18,28525.056666666667,21,Missile Launcher,Operational,1,1,1.0
0.0,0,0.0,6,Communication System,Operational,0,0,0.0
516274.6,17,30369.09411764706,17,Truck,Out of Service,1,1,0.995
0.0,0,0.0,16,Truck,Operational,0,0,0.0
418624.45,9,46513.82777777778,6,Missile Launcher,Operational,1,1,1.0
218311.85,9,24256.872222222224,1,Drone,Maintenance,1,1,0.985
244106.37,5,48821.274,19,Tank,Out of Service,0,0,0.0
27977.78,1,27977.78,21,Generator,Operational,0,0,0.0
178331.56,9,19814.617777777778,14,Armored Vehicle,Operational,1,1,0.995
111062.09,3,37020.69666666666,21,Tank,Maintenance,0,0,0.0
793688.34,20,39684.417,18,Armored Vehicle,Operational,1,1,1.0
49674.21,1,49674.21,9,Truck,Operational,0,0,0.0
86995.01,5,17399.002,19,Missile Launcher,Operational,0,0,0.0
104541.75,6,17423.625,5,Generator,Maintenance,0,0,0.0
33537.71,1,33537.71,17,Radar,Maintenance,0,0,0.0
279119.1,9,31013.23333333333,14,Armored Vehicle,Operational,1,1,1.0
135963.31,8,16995.41375,16,Missile Launcher,Out of Service,1,1,0.92
133676.55,4,33419.1375,13,Missile Launcher,Operational,0,0,0.0
283468.66,6,47244.776666666665,11,Generator,Operational,0,0,0.0
52153.04,2,26076.52,20,Drone,Maintenance,0,0,0.0
98316.44,2,49158.22,12,Generator,Operational,0,0,0.0
231880.98,10,23188.098,13,Missile Launcher,Operational,1,1,1.0
145779.99,5,29155.998,15,Generator,Operational,0,0,0.0
416856.85,10,41685.685,11,Tank,Maintenance,1,1,1.0
24032.51,1,24032.51,2,Tank,Operational,0,0,0.0
66404.67,2,33202.335,20,Drone,Maintenance,0,0,0.0
38176.28,1,38176.28,19,Communication System,Out of Service,0,0,0.0
69618.48,4,17404.62,12,Radar,Maintenance,0,0,0.0
71863.79,2,35931.895,20,Communication System,Out of Service,0,0,0.0
297558.79,9,33062.08777777778,9,Radar,Maintenance,1,1,1.0
232644.72,8,29080.59,6,Communication System,Operational,1,1,0.995
36073.55,2,18036.775,2,Communication System,Operational,0,0,0.0
203597.04,8,25449.63,19,Generator,Out of Service,1,1,0.99
74289.0,3,24763.0,11,Armored Vehicle,Operational,0,0,0.0
192004.65,4,48001.1625,7,Armored Vehicle,Operational,0,0,0.0
292350.51,9,32483.39,6,Tank,Operational,1,1,1.0
46796.15,1,46796.15,21,Tank,Operational,0,0,0.0
138171.65,4,34542.9125,14,Tank,Operational,0,0,0.0
436370.86,13,33566.98923076923,12,Generator,Operational,1,1,1.0
72367.61,2,36183.805,4,Tank,Operational,0,0,0.0
37457.5,2,18728.75,20,Armored Vehicle,Operational,0,0,0.0
200877.2,6,33479.53333333333,4,Tank,Operational,0,0,0.0
233723.34,5,46744.668,2,Tank,Operational,0,0,0.0
20523.33,1,20523.33,20,Drone,Operational,0,0,0.0
380856.06,8,47607.0075,2,Armored Vehicle,Operational,1,1,0.995
551539.84,17,32443.52,18,Generator,Operational,1,1,1.0
67515.64,2,33757.82,15,Communication System,Operational,0,0,0.0
82450.96,5,16490.192000000003,1,Tank,Operational,0,0,0.0
79846.9,4,19961.725,7,Missile Launcher,Operational,0,0,0.0
67009.93,2,33504.965,17,Radar,Operational,0,0,0.0
110197.35,3,36732.45,8,Communication System,Operational,0,0,0.0
111017.04,3,37005.68,5,Generator,Operational,0,0,0.0
234616.3,8,29327.0375,3,Radar,Operational,1,1,0.995
419407.32,11,38127.93818181818,15,Tank,Operational,1,1,1.0
176946.19,6,29491.031666666662,10,Drone,Operational,0,0,0.0
594924.19,12,49577.01583333333,13,Drone,Operational,1,1,1.0
249859.92,9,27762.213333333333,21,Drone,Operational,1,1,0.975
0.0,0,0.0,7,Communication System,Operational,0,0,0.0
168246.79,8,21030.84875,12,Communication System,Operational,1,1,1.0
458141.96,13,35241.68923076923,15,Tank,Operational,1,1,1.0
275981.94,17,16234.231764705884,21,Generator,Maintenance,1,1,0.995
258799.89,7,36971.41285714286,12,Drone,Operational,0,0,0.005
285720.99,9,31746.776666666665,1,Drone,Maintenance,1,1,0.985
542999.03,15,36199.935333333335,11,Drone,Operational,1,1,1.0
0.0,0,0.0,10,Tank,Operational,0,0,0.0
135573.02,7,19367.574285714283,14,Missile Launcher,Operational,0,0,0.0
223053.35,8,27881.66875,8,Tank,Operational,1,1,1.0
136026.4,3,45342.13333333333,5,Communication System,Operational,0,0,0.0
788081.52,18,43782.30666666667,7,Generator,Operational,1,1,1.0
314865.19,9,34985.02111111111,5,Drone,Out of Service,1,1,1.0
38740.75,1,38740.75,3,Radar,Operational,0,0,0.0
170198.64,9,18910.960000000003,4,Tank,Operational,1,1,1.0
0.0,0,0.0,1,Generator,Operational,0,0,0.0
124284.56,4,31071.14,21,Tank,Out of Service,0,0,0.0
257852.84,12,21487.736666666668,7,Communication System,Operational,1,1,1.0
157847.46,4,39461.865,19,Missile Launcher,Operational,0,0,0.0
32636.71,1,32636.71,4,Armored Vehicle,Operational,0,0,0.0
64204.04,4,16051.01,3,Radar,Operational,0,0,0.0
33284.3,1,33284.3,7,Tank,Operational,0,0,0.0
70827.38,2,35413.69,18,Armored Vehicle,Maintenance,0,0,0.0
782795.97,18,43488.665,9,Communication System,Operational,1,1,1.0
460773.49,20,23038.6745,1,Generator,Operational,1,1,1.0
297903.11,6,49650.51833333333,3,Truck,Operational,0,0,0.0
0.0,0,0.0,7,Generator,Operational,0,0,0.0
479756.64,16,29984.79,4,Generator,Operational,1,1,1.0
212362.86,7,30337.551428571427,18,Missile Launcher,Maintenance,0,0,0.005
352747.4,12,29395.61666666667,16,Radar,Out of Service,1,1,1.0
518314.14,15,34554.276,17,Tank,Maintenance,1,1,1.0
183145.32,4,45786.33,1,Truck,Operational,0,0,0.0
65032.34,2,32516.17,7,Tank,Operational,0,0,0.0
212275.39,5,42455.078,16,Missile Launcher,Operational,0,0,0.0
358560.84,10,35856.084,14,Generator,Operational,1,1,1.0
142801.19,3,47600.39666666667,13,Generator,Operational,0,0,0.0
123477.83,3,41159.276666666665,4,Truck,Operational,0,0,0.0
148636.91,3,49545.636666666665,4,Tank,Operational,0,0,0.005
344719.43,7,49245.63285714285,9,Communication System,Operational,0,0,0.01
424511.8,11,38591.98181818182,4,Armored Vehicle,Operational,1,1,1.0
98752.38,2,49376.19,11,Missile Launcher,Operational,0,0,0.0
96541.42,2,48270.71,16,Communication System,Maintenance,0,0,0.0
100212.07,3,33404.02333333334,17,Tank,Operational,0,0,0.0
311444.29,7,44492.04142857143,1,Drone,Operational,0,0,0.01
228357.13,9,25373.014444444445,11,Missile Launcher,Maintenance,1,1,1.0
596959.59,17,35115.27,13,Drone,Operational,1,1,1.0
93756.73,3,31252.24333333333,13,Radar,Operational,0,0,0.0
477420.7,15,31828.04666666667,18,Drone,Operational,1,1,1.0
79099.21,3,26366.403333333332,16,Tank,Operational,0,0,0.0
54738.78,3,18246.26,5,Radar,Operational,0,0,0.0
79921.41,2,39960.705,20,Radar,Maintenance,0,0,0.0
257038.78,9,28559.864444444444,21,Truck,Operational,1,1,1.0
745263.59,16,46578.974375,5,Armored Vehicle,Operational,1,1,1.0
156335.03,5,31267.006,14,Armored Vehicle,Operational,0,0,0.005
43593.05,1,43593.05,9,Tank,Operational,0,0,0.0
169606.15,4,42401.5375,16,Tank,Operational,0,0,0.0
218761.16,9,24306.79555555556,3,Communication System,Operational,1,1,1.0
102680.64,3,34226.88,5,Missile Launcher,Operational,0,0,0.0
86223.48,2,43111.74,6,Radar,Operational,0,0,0.0
0.0,0,0.0,11,Tank,Operational,0,0,0.0
123826.93,3,41275.64333333333,20,Radar,Out of Service,0,0,0.0
36027.02,1,36027.02,4,Generator,Operational,0,0,0.0
121626.86,5,24325.372,19,Tank,Operational,0,0,0.0
123752.55,4,30938.1375,17,Missile Launcher,Operational,0,0,0.0
57801.15,2,28900.575,4,Drone,Maintenance,0,0,0.0
40107.79,1,40107.79,16,Armored Vehicle,Maintenance,0,0,0.0
943236.44,20,47161.822,21,Tank,Maintenance,1,1,1.0
252922.25,8,31615.28125,2,Drone,Operational,1,1,1.0
657974.18,14,46998.15571428572,18,Missile Launcher,Maintenance,1,1,1.0
31671.2,2,15835.6,4,Missile Launcher,Operational,0,0,0.0
220227.14,7,31461.02,9,Armored Vehicle,Operational,0,0,0.005
162861.95,4,40715.4875,18,Drone,Operational,0,0,0.0
468382.56,15,31225.504,7,Generator,Operational,1,1,1.0
234996.57,12,19583.0475,5,Drone,Operational,1,1,1.0
303517.33,9,33724.147777777776,20,Drone,Operational,1,1,0.995
117993.67,4,29498.4175,19,Armored Vehicle,Maintenance,0,0,0.0
461637.9,13,35510.60769230769,10,Missile Launcher,Operational,1,1,1.0
400018.4,15,26667.893333333333,4,Radar,Operational,1,1,1.0
0.0,0,0.0,13,Drone,Out of Service,0,0,0.0
28300.36,1,28300.36,20,Missile Launcher,Operational,0,0,0.0
153906.25,6,25651.041666666668,2,Armored Vehicle,Operational,0,0,0.005
0.0,0,0.0,7,Missile Launcher,Operational,0,0,0.0
61696.2,2,30848.1,14,Truck,Operational,0,0,0.0
619297.92,19,32594.627368421054,1,Armored Vehicle,Out of Service,1,1,1.0
24961.57,1,24961.57,14,Tank,Operational,0,0,0.0
109023.22,4,27255.805,14,Generator,Operational,0,0,0.0
203679.5,7,29097.071428571428,20,Communication System,Maintenance,0,0,0.01
135655.1,8,16956.8875,2,Radar,Maintenance,1,1,0.995
52737.04,3,17579.013333333332,15,Tank,Operational,0,0,0.0
77984.09,2,38992.045,19,Communication System,Maintenance,0,0,0.0
334993.41,13,25768.723846153844,16,Tank,Operational,1,1,1.0
367733.7,8,45966.7125,11,Missile Launcher,Operational,1,1,1.0
436914.98,19,22995.52526315789,7,Drone,Operational,1,1,1.0
183338.24,4,45834.56,19,Missile Launcher,Operational,0,0,0.0
295677.89,6,49279.64833333334,15,Drone,Operational,0,0,0.005
230966.78,7,32995.25428571428,11,Armored Vehicle,Operational,0,0,0.0
0.0,0,0.0,2,Drone,Operational,0,0,0.0
78601.5,3,26200.5,18,Armored Vehicle,Maintenance,0,0,0.0
517264.51,16,32329.031875,13,Drone,Operational,1,1,1.0
372136.62,8,46517.0775,4,Armored Vehicle,Operational,1,1,1.0
0.0,0,0.0,3,Missile Launcher,Operational,0,0,0.0
928154.24,19,48850.22315789474,20,Truck,Operational,1,1,1.0
90476.97,4,22619.2425,11,Truck,Operational,0,0,0.0
171928.75,4,42982.1875,9,Communication System,Maintenance,0,0,0.0
141781.23,3,47260.41,2,Generator,Operational,0,0,0.0
53130.86,2,26565.43,15,Armored Vehicle,Operational,0,0,0.0
198809.14,4,49702.285,10,Generator,Operational,0,0,0.0
144445.07,5,28889.014000000003,4,Generator,Operational,0,0,0.0
66672.43,3,22224.14333333333,7,Communication System,Maintenance,0,0,0.0
38745.69,2,19372.845,5,Armored Vehicle,Out of Service,0,0,0.0
81766.86,2,40883.43,19,Radar,Maintenance,0,0,0.0
267086.32,6,44514.386666666665,6,Missile Launcher,Operational,0,0,0.0
22829.57,1,22829.57,16,Generator,Operational,0,0,0.0
174915.27,4,43728.8175,3,Radar,Maintenance,0,0,0.0
186438.37,6,31073.061666666665,4,Communication System,Operational,0,0,0.0
129920.0,4,32480.0,19,Generator,Out of Service,0,0,0.0
191733.49,4,47933.3725,18,Radar,Operational,0,0,0.0
124139.37,5,24827.874,19,Missile Launcher,Operational,0,0,0.0
65206.91,2,32603.455,2,Communication System,Operational,0,0,0.0
286773.69,7,40967.67,6,Radar,Operational,0,0,0.0
425008.37,19,22368.86157894737,10,Armored Vehicle,Operational,1,1,1.0
135717.37,3,45239.12333333333,4,Tank,Operational,0,0,0.0
162514.21,6,27085.701666666664,13,Truck,Operational,0,0,0.0
361341.54,9,40149.06,21,Communication System,Operational,1,1,1.0
611026.27,13,47002.02076923077,7,Armored Vehicle,Operational,1,1,1.0
0.0,0,0.0,15,Missile Launcher,Maintenance,0,0,0.0
83843.89,2,41921.945,7,Truck,Operational,0,0,0.0
113896.88,5,22779.376,3,Communication System,Operational,0,0,0.0
0.0,0,0.0,10,Armored Vehicle,Operational,0,0,0.0
116516.75,6,19419.45833333333,1,Generator,Maintenance,0,0,0.005
0.0,0,0.0,17,Drone,Maintenance,0,0,0.0
74106.5,3,24702.166666666668,2,Generator,Operational,0,0,0.0
368374.06,9,40930.45111111111,7,Armored Vehicle,Operational,1,1,1.0
69817.87,3,23272.623333333333,6,Communication System,Operational,0,0,0.0
435306.65,9,48367.40555555556,4,Armored Vehicle,Operational,1,1,1.0
104004.2,3,34668.066666666666,19,Missile Launcher,Operational,0,0,0.0
188834.67,7,26976.38142857143,21,Communication System,Maintenance,0,0,0.01
293550.1,13,22580.776923076923,9,Tank,Out of Service,1,1,0.99
470233.81,14,33588.12928571428,9,Tank,Operational,1,1,1.0
192272.53,5,38454.506,15,Radar,Operational,0,0,0.0
61845.32,4,15461.33,20,Generator,Operational,0,0,0.0
139108.8,4,34777.2,18,Tank,Operational,0,0,0.0
208348.53,7,29764.075714285715,16,Missile Launcher,Operational,0,0,0.0
639531.84,13,49194.75692307692,21,Tank,Out of Service,1,1,0.995
20591.18,1,20591.18,13,Missile Launcher,Operational,0,0,0.0
109142.17,7,15591.738571428572,11,Drone,Maintenance,0,0,0.005
93467.35,2,46733.675,20,Communication System,Operational,0,0,0.0
141849.11,3,47283.03666666666,14,Radar,Operational,0,0,0.0
470346.2,10,47034.62,11,Communication System,Operational,1,1,1.0
48553.17,3,16184.39,8,Generator,Operational,0,0,0.0
210783.19,12,17565.265833333335,11,Generator,Operational,1,1,1.0
104111.87,4,26027.9675,21,Tank,Operational,0,0,0.0
74987.09,4,18746.7725,14,Communication System,Operational,0,0,0.0
21396.28,1,21396.28,7,Tank,Operational,0,0,0.0
26620.16,1,26620.16,8,Communication System,Operational,0,0,0.0
111458.42,4,27864.605,17,Tank,Operational,0,0,0.0
67148.9,2,33574.45,15,Truck,Operational,0,0,0.0
564070.23,13,43390.017692307694,11,Generator,Operational,1,1,1.0
0.0,0,0.0,2,Tank,Operational,0,0,0.0
23842.08,1,23842.08,6,Communication System,Operational,0,0,0.0
63820.09,3,21273.36333333333,10,Missile Launcher,Out of Service,0,0,0.0
122320.9,3,40773.63333333333,7,Generator,Maintenance,0,0,0.005
293859.81,7,41979.97285714286,12,Armored Vehicle,Operational,0,0,0.0
70863.02,3,23621.006666666668,8,Communication System,Operational,0,0,0.0
553510.41,15,36900.694,17,Tank,Operational,1,1,1.0
33294.89,1,33294.89,13,Truck,Operational,0,0,0.0
241808.74,5,48361.748,8,Generator,Operational,0,0,0.0
626058.16,14,44718.44,13,Drone,Operational,1,1,1.0
96717.06,3,32239.02,2,Drone,Operational,0,0,0.0
124176.27,4,31044.0675,19,Missile Launcher,Maintenance,0,0,0.0
191503.96,6,31917.326666666664,11,Communication System,Operational,0,0,0.0
213500.89,8,26687.61125,15,Drone,Maintenance,1,1,0.995
61794.48,2,30897.24,18,Missile Launcher,Operational,0,0,0.0
52515.52,2,26257.76,15,Tank,Operational,0,0,0.0
294409.87,6,49068.31166666667,21,Radar,Out of Service,0,0,0.025
810112.03,17,47653.64882352942,21,Armored Vehicle,Operational,1,1,0.995
15250.86,1,15250.86,21,Communication System,Operational,0,0,0.005
171964.95,5,34392.990000000005,2,Missile Launcher,Operational,0,0,0.0
342473.9,8,42809.2375,4,Drone,Maintenance,1,1,0.98
39808.75,1,39808.75,3,Communication System,Operational,0,0,0.0
530915.13,18,29495.285,12,Truck,Operational,1,1,1.0
187812.12,7,26830.30285714285,8,Generator,Operational,0,0,0.025
520926.97,13,40071.305384615385,16,Generator,Maintenance,1,1,1.0
201636.76,5,40327.352,15,Missile Launcher,Maintenance,0,0,0.0
81069.41,2,40534.705,20,Truck,Out of Service,0,0,0.0
190369.63,7,27195.661428571428,14,Armored Vehicle,Operational,0,0,0.01
45461.06,2,22730.53,8,Communication System,Operational,0,0,0.0
0.0,0,0.0,6,Armored Vehicle,Operational,0,0,0.0
298886.18,6,49814.363333333335,18,Truck,Maintenance,0,0,0.005
71070.69,2,35535.345,13,Armored Vehicle,Operational,0,0,0.0
230588.47,9,25620.94111111111,5,Communication System,Operational,1,1,0.995
123921.34,5,24784.268,3,Armored Vehicle,Operational,0,0,0.0
33713.9,1,33713.9,7,Tank,Operational,0,0,0.0
44987.7,2,22493.85,5,Generator,Operational,0,0,0.0
122046.13,3,40682.043333333335,4,Missile Launcher,Operational,0,0,0.0
415973.78,9,46219.30888888889,1,Generator,Operational,1,1,0.995
631202.86,20,31560.143,1,Truck,Operational,1,1,1.0
82725.73,2,41362.865,15,Communication System,Operational,0,0,0.0
0.0,0,0.0,13,Tank,Operational,0,0,0.0
137550.68,8,17193.835,21,Truck,Operational,1,1,0.965
127335.26,3,42445.08666666666,1,Truck,Operational,0,0,0.0
32708.6,2,16354.3,8,Radar,Operational,0,0,0.0
522101.82,12,43508.485,4,Generator,Operational,1,1,1.0
162301.71,6,27050.285,10,Truck,Maintenance,0,0,0.01
0.0,0,0.0,6,Truck,Operational,0,0,0.0
27651.74,1,27651.74,7,Communication System,Operational,0,0,0.0
204425.46,12,17035.454999999998,7,Drone,Out of Service,1,1,1.0
126327.16,3,42109.05333333334,6,Tank,Maintenance,0,0,0.0
281978.3,7,40282.61428571429,13,Armored Vehicle,Operational,0,0,0.005
47122.98,3,15707.660000000002,9,Missile Launcher,Operational,0,0,0.0
222549.79,8,27818.72375,11,Radar,Operational,1,1,0.99
18468.5,1,18468.5,9,Drone,Operational,0,0,0.0
275281.91,6,45880.31833333333,10,Communication System,Out of Service,0,0,0.005
0.0,0,0.0,2,Truck,Operational,0,0,0.0
125793.2,3,41931.066666666666,13,Tank,Operational,0,0,0.0
259329.21,17,15254.659411764706,13,Communication System,Operational,1,1,1.0
641387.0,13,49337.46153846154,8,Truck,Operational,1,1,1.0
164619.65,7,23517.092857142856,12,Truck,Operational,0,0,0.01
25683.07,1,25683.07,6,Missile Launcher,Operational,0,0,0.0
65738.08,2,32869.04,12,Drone,Operational,0,0,0.0
47536.06,2,23768.03,11,Armored Vehicle,Operational,0,0,0.0
316574.57,9,35174.95222222222,2,Generator,Maintenance,1,1,0.995
0.0,0,0.0,10,Communication System,Operational,0,0,0.0
356025.67,9,39558.40777777778,9,Tank,Operational,1,1,1.0
236006.12,6,39334.35333333333,4,Radar,Operational,0,0,0.0
231115.01,12,19259.584166666667,10,Generator,Operational,1,1,0.995
307366.87,10,30736.687,11,Communication System,Operational,1,1,1.0
556595.7,20,27829.785,21,Drone,Maintenance,1,1,1.0
94684.42,6,15780.736666666666,10,Generator,Operational,0,0,0.0
95119.98,2,47559.99,15,Missile Launcher,Operational,0,0,0.0
941391.96,20,47069.598,15,Truck,Operational,1,1,1.0
94509.82,3,31503.27333333333,13,Generator,Operational,0,0,0.0
198006.24,4,49501.56,19,Armored Vehicle,Operational,0,0,0.0
866540.17,19,45607.377368421054,18,Communication System,Operational,1,1,1.0
116807.49,3,38935.83,7,Communication System,Operational,0,0,0.0
92553.7,2,46276.85,20,Armored Vehicle,Operational,0,0,0.0
240855.07,7,34407.86714285715,9,Generator,Operational,0,0,0.015
214922.52,8,26865.315,11,Generator,Operational,1,1,0.995
55221.99,3,18407.33,2,Communication System,Operational,0,0,0.0
401560.2,16,25097.5125,21,Drone,Out of Service,1,1,1.0
18354.73,1,18354.73,12,Radar,Operational,0,0,0.0
102514.8,4,25628.7,10,Missile Launcher,Operational,0,0,0.0
621191.79,19,32694.304736842107,2,Radar,Operational,1,1,1.0
82380.31,2,41190.155,14,Missile Launcher,Operational,0,0,0.0
130291.74,3,43430.58,17,Generator,Out of Service,0,0,0.0
92687.06,4,23171.765,15,Tank,Operational,0,0,0.0
345857.38,10,34585.738,7,Tank,Operational,1,1,1.0
113757.14,4,28439.285,17,Radar,Operational,0,0,0.0
76572.73,3,25524.24333333333,18,Drone,Maintenance,0,0,0.0
174526.33,4,43631.5825,7,Truck,Operational,0,0,0.0
95361.31,3,31787.103333333333,4,Missile Launcher,Operational,0,0,0.0
205161.95,5,41032.39,21,Tank,Out of Service,0,0,0.005
41095.3,2,20547.65,16,Tank,Out of Service,0,0,0.0
25530.44,1,25530.44,9,Missile Launcher,Operational,0,0,0.0
499543.97,12,41628.66416666666,13,Radar,Operational,1,1,1.0
40862.03,1,40862.03,8,Generator,Operational,0,0,0.0
45613.85,1,45613.85,7,Communication System,Maintenance,0,0,0.0
137008.49,4,34252.1225,3,Drone,Operational,0,0,0.0
155158.15,4,38789.5375,3,Communication System,Maintenance,0,0,0.0
330099.91,7,47157.13,14,Armored Vehicle,Operational,0,0,0.005
177586.33,4,44396.5825,10,Radar,Operational,0,0,0.0
615858.95,17,36226.99705882353,18,Truck,Maintenance,1,1,1.0
90707.73,2,45353.865,3,Armored Vehicle,Operational,0,0,0.0
66598.35,3,22199.45,2,Drone,Operational,0,0,0.0
120597.65,4,30149.4125,21,Drone,Maintenance,0,0,0.005
113048.64,7,16149.805714285714,1,Armored Vehicle,Operational,0,0,0.005
32976.32,1,32976.32,16,Communication System,Out of Service,0,0,0.0
63437.81,2,31718.905,4,Tank,Operational,0,0,0.0
118878.89,4,29719.7225,2,Communication System,Operational,0,0,0.0
151447.1,8,18930.8875,15,Radar,Operational,1,1,0.975
363134.68,13,27933.436923076923,18,Missile Launcher,Operational,1,1,1.0
136708.32,5,27341.664,12,Armored Vehicle,Operational,0,0,0.0
345346.39,9,38371.82111111112,5,Missile Launcher,Operational,1,1,1.0
284252.7,8,35531.5875,2,Tank,Operational,1,1,0.98
123001.11,8,15375.13875,1,Tank,Operational,1,1,0.97
133474.64,3,44491.54666666667,20,Generator,Operational,0,0,0.0
75633.18,5,15126.636,11,Communication System,Operational,0,0,0.0
73462.24,3,24487.41333333333,17,Communication System,Maintenance,0,0,0.0
148239.64,4,37059.91,16,Communication System,Maintenance,0,0,0.0
192287.77,5,38457.554,20,Truck,Maintenance,0,0,0.0
43108.71,2,21554.355,9,Tank,Operational,0,0,0.0
413063.15,16,25816.446875,6,Communication System,Operational,1,1,0.995
218426.9,5,43685.38,7,Drone,Out of Service,0,0,0.01
135521.3,4,33880.325,19,Drone,Maintenance,0,0,0.0
380579.5,17,22387.029411764703,12,Missile Launcher,Operational,1,1,1.0
168072.94,4,42018.235,9,Missile Launcher,Operational,0,0,0.0
136827.59,3,45609.19666666666,6,Armored Vehicle,Operational,0,0,0.0
72750.63,4,18187.6575,1,Generator,Operational,0,0,0.0
261755.36,9,29083.928888888888,17,Radar,Maintenance,1,1,1.0
37082.4,1,37082.4,4,Generator,Operational,0,0,0.0
65609.57,2,32804.785,14,Radar,Operational,0,0,0.0
80365.24,3,26788.41333333333,3,Truck,Operational,0,0,0.0
189572.08,7,27081.725714285712,5,Truck,Operational,0,0,0.005
293373.03,7,41910.43285714286,11,Generator,Operational,0,0,0.005
215820.7,7,30831.52857142857,3,Communication System,Operational,0,0,0.0
86240.07,4,21560.0175,9,Communication System,Operational,0,0,0.0
250695.92,10,25069.592,20,Generator,Operational,1,1,0.995
83739.39,2,41869.695,18,Drone,Operational,0,0,0.0
236366.47,7,33766.63857142857,4,Missile Launcher,Operational,0,0,0.005
723864.32,15,48257.62133333333,2,Armored Vehicle,Operational,1,1,1.0
115776.85,3,38592.28333333333,19,Armored Vehicle,Maintenance,0,0,0.0
220357.8,5,44071.56,14,Armored Vehicle,Operational,0,0,0.005
46797.64,3,15599.213333333331,3,Communication System,Operational,0,0,0.0
106295.99,4,26573.9975,9,Radar,Operational,0,0,0.0
175789.78,8,21973.7225,8,Radar,Out of Service,1,1,1.0
513649.04,13,39511.46461538461,10,Tank,Operational,1,1,1.0
487744.18,13,37518.78307692308,20,Missile Launcher,Operational,1,1,1.0
359564.76,8,44945.595,19,Generator,Maintenance,1,1,0.995
144057.89,3,48019.29666666667,9,Truck,Operational,0,0,0.0
175527.88,7,25075.411428571428,8,Tank,Operational,0,0,0.005
250014.91,8,31251.86375,21,Tank,Operational,1,1,0.975
48466.61,1,48466.61,19,Radar,Operational,0,0,0.0
97875.67,3,32625.22333333333,18,Communication System,Out of Service,0,0,0.0
111815.88,5,22363.176,5,Tank,Operational,0,0,0.0
318991.53,8,39873.94125,4,Drone,Maintenance,1,1,0.98
549541.42,13,42272.416923076926,4,Radar,Operational,1,1,1.0
33268.83,1,33268.83,1,Radar,Operational,0,0,0.0
77671.08,4,19417.77,4,Truck,Operational,0,0,0.0
48836.37,2,24418.185,11,Missile Launcher,Operational,0,0,0.0
191349.25,5,38269.85,9,Communication System,Operational,0,0,0.0
93885.35,2,46942.675,5,Armored Vehicle,Operational,0,0,0.0
139247.91,3,46415.97,19,Missile Launcher,Operational,0,0,0.0
265292.74,12,22107.728333333333,3,Armored Vehicle,Operational,1,1,1.0
188315.62,7,26902.231428571427,12,Communication System,Out of Service,0,0,0.0
333792.84,8,41724.105,2,Missile Launcher,Operational,1,1,0.995
225678.54,5,45135.708,17,Missile Launcher,Maintenance,0,0,0.0
0.0,0,0.0,11,Drone,Operational,0,0,0.0
73387.94,2,36693.97,12,Missile Launcher,Operational,0,0,0.0
347012.78,7,49573.25428571429,9,Missile Launcher,Operational,0,0,0.015
179948.56,9,19994.284444444445,20,Tank,Operational,1,1,1.0
86899.12,2,43449.56,18,Drone,Maintenance,0,0,0.0
285230.72,19,15012.143157894736,6,Drone,Operational,1,1,0.985
39555.7,1,39555.7,4,Truck,Operational,0,0,0.0
50742.74,3,16914.246666666666,16,Radar,Out of Service,0,0,0.0
0.0,0,0.0,10,Radar,Operational,0,0,0.0
83697.51,2,41848.755,9,Radar,Maintenance,0,0,0.0
85994.77,4,21498.6925,11,Generator,Operational,0,0,0.0
290454.33,6,48409.055,1,Radar,Operational,0,0,0.0
0.0,0,0.0,8,Armored Vehicle,Operational,0,0,0.0
95598.17,2,47799.085,3,Communication System,Operational,0,0,0.0
46672.01,2,23336.005,7,Radar,Operational,0,0,0.0
61039.83,2,30519.915,21,Missile Launcher,Operational,0,0,0.0
93895.29,4,23473.8225,12,Generator,Operational,0,0,0.0
84162.0,3,28054.0,6,Truck,Operational,0,0,0.0
284147.17,6,47357.86166666666,14,Tank,Operational,0,0,0.0
79429.12,4,19857.28,10,Missile Launcher,Operational,0,0,0.0
60956.75,2,30478.375,8,Armored Vehicle,Operational,0,0,0.0
290579.91,7,41511.41571428571,2,Armored Vehicle,Operational,0,0,0.005
226914.48,8,28364.31,15,Tank,Operational,1,1,0.985
136891.22,3,45630.40666666667,9,Radar,Operational,0,0,0.0
384099.49,9,42677.72111111111,1,Communication System,Operational,1,1,1.0
122808.6,3,40936.2,17,Armored Vehicle,Maintenance,0,0,0.0
101074.97,5,20214.994,6,Generator,Operational,0,0,0.0
236789.6,6,39464.93333333333,17,Missile Launcher,Maintenance,0,0,0.005
189764.51,5,37952.902,12,Tank,Operational,0,0,0.0
196418.92,5,39283.784,13,Generator,Maintenance,0,0,0.0
64284.53,3,21428.176666666663,2,Generator,Operational,0,0,0.0
87671.38,2,43835.69,3,Truck,Operational,0,0,0.0
85374.5,4,21343.625,20,Communication System,Operational,0,0,0.0
136072.76,3,45357.58666666667,1,Tank,Operational,0,0,0.0
211828.78,6,35304.79666666667,8,Tank,Operational,0,0,0.0
47545.94,2,23772.97,14,Armored Vehicle,Operational,0,0,0.0
216548.15,8,27068.51875,15,Radar,Operational,1,1,1.0
361999.34,8,45249.9175,8,Generator,Operational,1,1,1.0
0.0,0,0.0,15,Missile Launcher,Operational,0,0,0.0
119804.87,6,19967.478333333333,14,Armored Vehicle,Operational,0,0,0.0
150037.17,9,16670.79666666667,13,Tank,Operational,1,1,1.0
188845.07,7,26977.867142857143,4,Drone,Operational,0,0,0.005
30894.19,2,15447.095,18,Communication System,Maintenance,0,0,0.005
307426.42,8,38428.3025,20,Communication System,Operational,1,1,1.0
196870.76,9,21874.52888888889,5,Drone,Operational,1,1,1.0
179163.25,8,22395.40625,8,Radar,Operational,1,1,0.995
186056.48,7,26579.497142857144,17,Truck,Operational,0,0,0.0
374960.0,13,28843.07692307692,8,Generator,Operational,1,1,1.0
89323.4,2,44661.7,5,Armored Vehicle,Operational,0,0,0.0
86211.64,4,21552.91,2,Drone,Out of Service,0,0,0.0
58206.58,3,19402.193333333333,19,Drone,Operational,0,0,0.0
0.0,0,0.0,14,Missile Launcher,Operational,0,0,0.0
130164.02,3,43388.00666666667,9,Generator,Maintenance,0,0,0.0
155097.55,4,38774.3875,16,Tank,Operational,0,0,0.0
38862.79,2,19431.395,11,Missile Launcher,Operational,0,0,0.0
170990.57,8,21373.82125,2,Armored Vehicle,Operational,1,1,1.0
875756.59,19,46092.45210526315,8,Drone,Operational,1,1,1.0
316152.14,7,45164.59142857143,10,Truck,Operational,0,0,0.005
61182.74,4,15295.685,4,Radar,Maintenance,0,0,0.005
56639.58,2,28319.79,1,Tank,Operational,0,0,0.0
94708.82,3,31569.60666666667,1,Generator,Operational,0,0,0.0
283030.08,13,21771.544615384617,13,Tank,Operational,1,1,1.0
377640.95,14,26974.35357142857,9,Tank,Operational,1,1,1.0
63318.82,3,21106.27333333333,20,Radar,Operational,0,0,0.0
44751.44,2,22375.72,7,Tank,Operational,0,0,0.0
130863.4,6,21810.566666666666,5,Missile Launcher,Operational,0,0,0.0
234085.7,10,23408.57,3,Radar,Operational,1,1,1.0
325248.33,9,36138.70333333334,13,Armored Vehicle,Operational,1,1,0.995
810522.39,20,40526.1195,19,Generator,Operational,1,1,1.0
233610.0,8,29201.25,2,Generator,Operational,1,1,0.995
798633.91,19,42033.363684210526,4,Truck,Operational,1,1,1.0
60770.66,2,30385.33,8,Radar,Operational,0,0,0.0
289199.76,6,48199.96,13,Communication System,Operational,0,0,0.0
34605.09,1,34605.09,15,Tank,Operational,0,0,0.0
175455.5,4,43863.875,16,Drone,Operational,0,0,0.0
72468.1,4,18117.025,2,Missile Launcher,Operational,0,0,0.0
94938.64,2,47469.32,3,Tank,Operational,0,0,0.0
50538.08,2,25269.04,13,Communication System,Operational,0,0,0.0
40784.14,1,40784.14,20,Drone,Operational,0,0,0.0
159741.92,4,39935.48,12,Armored Vehicle,Operational,0,0,0.0
282446.54,6,47074.42333333333,20,Tank,Operational,0,0,0.0
42098.58,1,42098.58,7,Radar,Operational,0,0,0.0
148383.01,4,37095.7525,19,Radar,Maintenance,0,0,0.0
46434.29,1,46434.29,17,Tank,Operational,0,0,0.0
892758.14,19,46987.27052631579,14,Communication System,Operational,1,1,1.0
0.0,0,0.0,2,Drone,Operational,0,0,0.0
119406.62,3,39802.206666666665,2,Drone,Operational,0,0,0.0
87838.38,3,29279.460000000003,9,Radar,Operational,0,0,0.0
314446.84,19,16549.833684210527,4,Drone,Operational,1,1,1.0
41055.79,1,41055.79,9,Armored Vehicle,Operational,0,0,0.0
111728.58,3,37242.86,15,Truck,Operational,0,0,0.0
92059.56,4,23014.89,21,Truck,Operational,0,0,0.015
0.0,0,0.0,16,Tank,Operational,0,0,0.0
255877.69,13,19682.89923076923,9,Communication System,Operational,1,1,1.0
209084.63,11,19007.69363636364,11,Tank,Operational,1,1,1.0
322358.5,7,46051.21428571428,17,Radar,Maintenance,0,0,0.0
130945.98,8,16368.2475,11,Armored Vehicle,Operational,1,1,0.99
340217.51,9,37801.945555555554,12,Truck,Operational,1,1,1.0
43554.02,1,43554.02,4,Radar,Operational,0,0,0.0
260612.99,6,43435.49833333333,10,Radar,Maintenance,0,0,0.005
33072.51,1,33072.51,14,Drone,Operational,0,0,0.0
98391.1,3,32797.03333333333,16,Communication System,Out of Service,0,0,0.0
208535.95,9,23170.661111111112,10,Radar,Operational,1,1,1.0
133778.68,5,26755.736,13,Radar,Maintenance,0,0,0.0
187319.25,4,46829.8125,8,Truck,Operational,0,0,0.0
37287.45,1,37287.45,18,Missile Launcher,Maintenance,0,0,0.0
596890.64,12,49740.886666666665,12,Generator,Operational,1,1,1.0
84440.07,4,21110.0175,21,Truck,Maintenance,0,0,0.005
961142.05,20,48057.1025,17,Truck,Out of Service,1,1,0.995
46434.59,2,23217.295,20,Communication System,Operational,0,0,0.0
36897.94,1,36897.94,14,Communication System,Operational,0,0,0.0
199236.9,4,49809.225,5,Generator,Operational,0,0,0.0
229400.12,5,45880.024,4,Generator,Operational,0,0,0.0
106491.18,3,35497.06,1,Drone,Operational,0,0,0.0
204516.94,6,34086.15666666667,11,Radar,Operational,0,0,0.0
124829.58,4,31207.395,17,Tank,Operational,0,0,0.0
48596.56,2,24298.28,12,Communication System,Operational,0,0,0.0
199121.33,7,28445.904285714285,20,Tank,Operational,0,0,0.005
424834.79,13,32679.59923076923,2,Drone,Operational,1,1,1.0
690907.54,16,43181.72125,11,Generator,Operational,1,1,1.0
423048.01,9,47005.334444444445,10,Missile Launcher,Operational,1,1,1.0
127494.11,3,42498.03666666667,12,Radar,Maintenance,0,0,0.0
357390.94,10,35739.094,6,Drone,Operational,1,1,1.0
111809.77,4,27952.4425,21,Tank,Maintenance,0,0,0.0
212529.28,12,17710.773333333334,21,Communication System,Operational,1,1,1.0
382996.82,8,47874.6025,13,Tank,Operational,1,1,1.0
109463.59,4,27365.8975,13,Generator,Operational,0,0,0.0
20222.39,1,20222.39,11,Generator,Operational,0,0,0.0
0.0,0,0.0,13,Generator,Operational,0,0,0.0
159887.65,5,31977.53,15,Generator,Operational,0,0,0.0
48174.61,1,48174.61,16,Tank,Maintenance,0,0,0.0
53746.19,3,17915.396666666667,1,Armored Vehicle,Operational,0,0,0.0
166217.23,8,20777.15375,7,Generator,Operational,1,1,1.0
116762.29,3,38920.76333333333,5,Generator,Operational,0,0,0.0
26536.78,1,26536.78,20,Generator,Operational,0,0,0.0
62790.96,3,20930.32,10,Generator,Maintenance,0,0,0.0
80438.16,3,26812.72,7,Drone,Operational,0,0,0.0
83986.81,4,20996.7025,12,Armored Vehicle,Operational,0,0,0.0
20348.54,1,20348.54,16,Generator,Maintenance,0,0,0.0
227105.57,6,37850.92833333334,8,Drone,Operational,0,0,0.005
0.0,0,0.0,21,Missile Launcher,Operational,0,0,0.0
39512.56,1,39512.56,12,Communication System,Operational,0,0,0.0
99079.85,5,19815.97,18,Drone,Operational,0,0,0.0
64348.61,2,32174.305,17,Truck,Operational,0,0,0.0
273593.27,6,45598.87833333333,1,Missile Launcher,Operational,0,0,0.0
72132.18,2,36066.09,12,Generator,Operational,0,0,0.0
150392.63,5,30078.526,16,Truck,Operational,0,0,0.0
67733.13,2,33866.565,9,Drone,Operational,0,0,0.0
377693.3,8,47211.6625,16,Drone,Operational,1,1,1.0
669913.95,16,41869.621875,12,Truck,Operational,1,1,1.0
954859.35,20,47742.9675,6,Truck,Operational,1,1,1.0
0.0,0,0.0,7,Drone,Operational,0,0,0.0
0.0,0,0.0,13,Radar,Operational,0,0,0.0
266679.51,7,38097.072857142855,4,Tank,Operational,0,0,0.015
543531.22,17,31972.424705882357,11,Radar,Operational,1,1,1.0
76412.07,3,25470.69,8,Radar,Operational,0,0,0.0
34998.12,1,34998.12,1,Truck,Operational,0,0,0.0
32799.84,1,32799.84,5,Radar,Out of Service,0,0,0.0
159084.73,5,31816.946000000004,2,Tank,Operational,0,0,0.0
67877.05,4,16969.2625,4,Missile Launcher,Operational,0,0,0.0
0.0,0,0.0,3,Armored Vehicle,Operational,0,0,0.0
166319.18,11,15119.925454545451,4,Tank,Operational,1,1,1.0
283383.61,9,31487.06777777777,6,Armored Vehicle,Operational,1,1,1.0
654279.16,16,40892.4475,4,Drone,Operational,1,1,1.0
149472.9,3,49824.3,1,Truck,Maintenance,0,0,0.0
537818.76,11,48892.61454545455,19,Drone,Operational,1,1,1.0
0.0,0,0.0,11,Truck,Operational,0,0,0.0
377625.55,12,31468.795833333334,11,Tank,Operational,1,1,1.0
276706.49,12,23058.874166666665,10,Generator,Operational,1,1,1.0
115540.48,6,19256.746666666662,4,Truck,Operational,0,0,0.0
345488.84,7,49355.548571428575,1,Drone,Operational,0,0,0.01
60728.74,2,30364.37,14,Radar,Operational,0,0,0.0
453977.97,14,32426.99785714285,18,Radar,Operational,1,1,1.0
21885.25,1,21885.25,14,Armored Vehicle,Operational,0,0,0.0
288806.84,7,41258.12,15,Radar,Operational,0,0,0.005
176895.48,7,25270.782857142854,9,Radar,Operational,0,0,0.005
383019.86,10,38301.986,18,Radar,Operational,1,1,1.0
310601.21,8,38825.15125,13,Truck,Operational,1,1,1.0
266320.06,11,24210.914545454547,10,Truck,Out of Service,1,1,0.995
27104.85,1,27104.85,20,Generator,Maintenance,0,0,0.0
58821.74,3,19607.246666666662,4,Truck,Maintenance,0,0,0.0
0.0,0,0.0,6,Truck,Out of Service,0,0,0.0
109508.59,4,27377.1475,4,Missile Launcher,Operational,0,0,0.0
362047.89,8,45255.98625,6,Tank,Operational,1,1,1.0
178520.68,8,22315.085,15,Radar,Maintenance,1,1,1.0
412482.92,10,41248.292,2,Communication System,Operational,1,1,1.0
56602.1,2,28301.05,2,Tank,Operational,0,0,0.0
517469.4,12,43122.45,17,Truck,Maintenance,1,1,1.0
48877.38,1,48877.38,20,Truck,Operational,0,0,0.0
585820.06,17,34460.00352941177,12,Truck,Operational,1,1,1.0
281638.37,9,31293.152222222223,15,Armored Vehicle,Operational,1,1,1.0
0.0,0,0.0,20,Tank,Operational,0,0,0.0
445063.92,20,22253.196,13,Radar,Operational,1,1,1.0
0.0,0,0.0,15,Missile Launcher,Operational,0,0,0.0
392776.25,8,49097.03125,21,Armored Vehicle,Operational,1,1,1.0
275095.39,9,30566.154444444444,15,Armored Vehicle,Maintenance,1,1,1.0
104695.13,3,34898.37666666667,20,Communication System,Operational,0,0,0.0
570707.55,13,43900.58076923077,14,Drone,Operational,1,1,1.0
98260.83,4,24565.2075,20,Generator,Operational,0,0,0.0
621320.26,16,38832.51625,14,Drone,Operational,1,1,1.0
322026.54,12,26835.545,14,Communication System,Operational,1,1,1.0
53332.02,2,26666.01,3,Generator,Operational,0,0,0.0
150542.46,8,18817.8075,20,Missile Launcher,Out of Service,1,1,0.95
145601.65,6,24266.941666666666,10,Communication System,Operational,0,0,0.0
376757.12,15,25117.141333333333,17,Tank,Operational,1,1,1.0
41282.41,2,20641.205,10,Armored Vehicle,Operational,0,0,0.0
668076.94,17,39298.64352941176,20,Generator,Out of Service,1,1,1.0
121269.41,4,30317.3525,14,Radar,Operational,0,0,0.0
40695.91,2,20347.955,4,Truck,Operational,0,0,0.0
0.0,0,0.0,4,Radar,Operational,0,0,0.0
113097.17,4,28274.2925,8,Tank,Operational,0,0,0.0
169577.85,5,33915.57,16,Missile Launcher,Out of Service,0,0,0.005
954734.19,20,47736.7095,6,Drone,Operational,1,1,1.0
184887.58,4,46221.895,9,Missile Launcher,Operational,0,0,0.0
41568.15,2,20784.075,7,Truck,Operational,0,0,0.0
171530.43,4,42882.6075,3,Truck,Operational,0,0,0.0
148242.31,7,21177.472857142857,6,Communication System,Operational,0,0,0.0
357772.94,13,27520.995384615384,10,Tank,Maintenance,1,1,1.0
48306.14,3,16102.046666666669,1,Truck,Operational,0,0,0.0
904499.13,19,47605.21736842105,15,Radar,Operational,1,1,1.0
135761.48,5,27152.296,9,Generator,Operational,0,0,0.0
54471.65,3,18157.216666666667,8,Tank,Operational,0,0,0.0
470499.73,11,42772.70272727273,5,Radar,Operational,1,1,1.0
267061.05,9,29673.45,13,Truck,Operational,1,1,1.0
111539.96,5,22307.992,15,Drone,Operational,0,0,0.0
237763.27,6,39627.21166666666,6,Missile Launcher,Operational,0,0,0.0
447170.31,19,23535.27947368421,19,Armored Vehicle,Operational,1,1,1.0
96895.75,5,19379.15,10,Radar,Operational,0,0,0.0
395921.13,9,43991.23666666666,16,Missile Launcher,Operational,1,1,1.0
584559.49,19,30766.28894736842,1,Generator,Operational,1,1,1.0
152389.26,7,21769.894285714287,5,Truck,Operational,0,0,0.0
316732.14,8,39591.5175,20,Truck,Out of Service,1,1,0.99
114672.7,5,22934.54,14,Truck,Operational,0,0,0.0
402686.36,13,30975.873846153845,10,Tank,Out of Service,1,1,1.0
80857.19,2,40428.595,17,Armored Vehicle,Out of Service,0,0,0.0
66247.83,2,33123.915,11,Drone,Operational,0,0,0.0
93909.7,5,18781.94,15,Radar,Maintenance,0,0,0.0
210251.85,8,26281.48125,2,Truck,Operational,1,1,1.0
40478.03,2,20239.015,10,Communication System,Out of Service,0,0,0.0
126157.51,3,42052.50333333333,10,Missile Launcher,Operational,0,0,0.0
348668.17,8,43583.52125,20,Generator,Operational,1,1,1.0
88306.52,2,44153.26,2,Armored Vehicle,Operational,0,0,0.0
56133.65,3,18711.216666666667,14,Missile Launcher,Operational,0,0,0.0
701661.03,17,41274.17823529412,6,Radar,Operational,1,1,1.0
372717.22,8,46589.6525,17,Generator,Operational,1,1,1.0
309983.19,13,23844.86076923077,11,Armored Vehicle,Operational,1,1,1.0
37744.01,1,37744.01,9,Generator,Operational,0,0,0.0
98352.05,4,24588.0125,15,Tank,Operational,0,0,0.0
608976.05,13,46844.311538461545,7,Generator,Operational,1,1,1.0
73514.77,3,24504.923333333336,15,Missile Launcher,Operational,0,0,0.0
194209.17,7,27744.167142857143,13,Missile Launcher,Maintenance,0,0,0.005
148325.39,6,24720.89833333333,18,Drone,Maintenance,0,0,0.0
126088.39,4,31522.0975,3,Armored Vehicle,Operational,0,0,0.0
286324.62,10,28632.462,7,Missile Launcher,Operational,1,1,1.0
64705.84,4,16176.46,9,Radar,Operational,0,0,0.0
182582.74,9,20286.97111111111,18,Missile Launcher,Operational,1,1,1.0
121459.65,3,40486.55,21,Generator,Operational,0,0,0.0
220056.55,7,31436.65,12,Communication System,Operational,0,0,0.0
239759.13,10,23975.913,10,Radar,Operational,1,1,1.0
0.0,0,0.0,7,Communication System,Operational,0,0,0.0
24082.88,1,24082.88,3,Armored Vehicle,Operational,0,0,0.0
672447.77,14,48031.98357142857,2,Radar,Operational,1,1,1.0
110878.74,3,36959.58,20,Drone,Out of Service,0,0,0.0
128543.41,4,32135.8525,6,Tank,Operational,0,0,0.0
168282.99,4,42070.7475,12,Generator,Operational,0,0,0.0
505278.78,11,45934.43454545455,14,Generator,Operational,1,1,1.0
48811.25,1,48811.25,10,Armored Vehicle,Out of Service,0,0,0.0
350874.18,15,23391.612,21,Communication System,Maintenance,1,1,1.0
53016.08,3,17672.02666666667,16,Missile Launcher,Operational,0,0,0.0
451504.79,10,45150.479,3,Armored Vehicle,Operational,1,1,1.0
314390.88,7,44912.98285714286,5,Truck,Operational,0,0,0.0
349306.87,7,49900.98142857143,13,Armored Vehicle,Operational,0,0,0.025
90092.95,4,22523.2375,15,Radar,Operational,0,0,0.0
107851.75,3,35950.583333333336,12,Truck,Operational,0,0,0.0
420198.16,17,24717.53882352941,21,Armored Vehicle,Operational,1,1,1.0
171878.45,7,24554.06428571429,1,Tank,Operational,0,0,0.02
69165.26,4,17291.315,18,Tank,Operational,0,0,0.0
0.0,0,0.0,3,Armored Vehicle,Operational,0,0,0.0
104006.22,5,20801.244,13,Missile Launcher,Operational,0,0,0.0
209241.68,13,16095.513846153846,12,Communication System,Operational,1,1,1.0
0.0,0,0.0,9,Generator,Operational,0,0,0.0
0.0,0,0.0,15,Communication System,Operational,0,0,0.0
74162.68,2,37081.34,12,Armored Vehicle,Operational,0,0,0.0
407136.18,20,20356.809,6,Missile Launcher,Maintenance,1,1,1.0
37263.71,2,18631.855,18,Generator,Maintenance,0,0,0.0
490796.58,14,35056.89857142857,15,Tank,Out of Service,1,1,1.0
0.0,0,0.0,19,Missile Launcher,Maintenance,0,0,0.0
52424.25,2,26212.125,1,Generator,Operational,0,0,0.0
82501.84,2,41250.92,6,Drone,Operational,0,0,0.0
276282.08,9,30698.00888888889,5,Tank,Operational,1,1,1.0
469385.35,15,31292.356666666667,13,Missile Launcher,Operational,1,1,1.0
0.0,0,0.0,21,Generator,Maintenance,0,0,0.0
75053.28,3,25017.76,4,Tank,Operational,0,0,0.0
37428.08,1,37428.08,9,Armored Vehicle,Operational,0,0,0.0
186341.32,5,37268.264,10,Tank,Operational,0,0,0.0
0.0,0,0.0,19,Missile Launcher,Out of Service,0,0,0.0
237348.42,13,18257.57076923077,21,Truck,Out of Service,1,1,0.98
78329.25,3,26109.75,11,Truck,Operational,0,0,0.0
158156.55,4,39539.1375,2,Generator,Operational,0,0,0.0
131589.02,3,43863.00666666666,14,Drone,Maintenance,0,0,0.0
938396.23,20,46919.8115,10,Truck,Operational,1,1,1.0
279517.71,8,34939.71375,17,Truck,Operational,1,1,0.99
128320.23,3,42773.41,4,Armored Vehicle,Operational,0,0,0.0
93219.13,2,46609.565,8,Communication System,Operational,0,0,0.0
268093.34,14,19149.524285714288,10,Tank,Operational,1,1,1.0
21897.35,1,21897.35,12,Missile Launcher,Operational,0,0,0.0
504391.43,14,36027.959285714285,19,Radar,Operational,1,1,1.0
659122.53,17,38771.913529411766,18,Communication System,Operational,1,1,1.0
72353.85,2,36176.925,21,Drone,Maintenance,0,0,0.0
332862.32,7,47551.76,19,Armored Vehicle,Operational,0,0,0.01
66319.56,3,22106.52,13,Truck,Operational,0,0,0.0
0.0,0,0.0,2,Generator,Maintenance,0,0,0.0
0.0,0,0.0,11,Radar,Operational,0,0,0.0
0.0,0,0.0,17,Radar,Out of Service,0,0,0.0
0.0,0,0.0,2,Tank,Operational,0,0,0.0
153556.82,6,25592.803333333333,9,Truck,Operational,0,0,0.005
48448.97,3,16149.656666666668,16,Tank,Out of Service,0,0,0.0
0.0,0,0.0,8,Drone,Out of Service,0,0,0.0
86507.56,2,43253.78,9,Truck,Operational,0,0,0.0
184959.77,4,46239.9425,7,Radar,Operational,0,0,0.0
128973.67,4,32243.4175,18,Generator,Maintenance,0,0,0.0
104832.79,3,34944.26333333333,8,Radar,Operational,0,0,0.0
251518.6,6,41919.76666666667,7,Armored Vehicle,Operational,0,0,0.0
80810.21,4,20202.5525,13,Communication System,Out of Service,0,0,0.0
189315.01,5,37863.002,6,Communication System,Maintenance,0,0,0.0
372609.68,8,46576.21,21,Communication System,Operational,1,1,1.0
42891.62,2,21445.81,3,Communication System,Operational,0,0,0.0
272406.93,6,45401.155,21,Truck,Maintenance,0,0,0.0
848471.86,18,47137.32555555555,7,Armored Vehicle,Operational,1,1,1.0
60760.9,3,20253.63333333333,16,Drone,Out of Service,0,0,0.0
57381.52,2,28690.76,10,Truck,Operational,0,0,0.0
0.0,0,0.0,4,Radar,Operational,0,0,0.0
243885.38,6,40647.56333333333,14,Armored Vehicle,Operational,0,0,0.0
314538.59,9,34948.73222222223,2,Truck,Operational,1,1,1.0
208968.29,9,23218.698888888888,17,Truck,Out of Service,1,1,0.99
66214.75,2,33107.375,8,Communication System,Operational,0,0,0.0
130689.15,3,43563.05,6,Radar,Operational,0,0,0.0
68827.95,2,34413.975,7,Tank,Operational,0,0,0.0
0.0,0,0.0,6,Communication System,Operational,0,0,0.0
172820.54,11,15710.958181818183,13,Drone,Operational,1,1,1.0
251443.35,9,27938.15,11,Drone,Out of Service,1,1,0.995
200978.88,9,22330.986666666668,18,Radar,Maintenance,1,1,1.0
103291.88,4,25822.97,9,Missile Launcher,Operational,0,0,0.0
59544.12,3,19848.04,13,Truck,Operational,0,0,0.0
33885.87,2,16942.935,21,Tank,Operational,0,0,0.0
0.0,0,0.0,5,Armored Vehicle,Operational,0,0,0.0
94081.01,4,23520.2525,16,Communication System,Maintenance,0,0,0.0
100158.83,3,33386.276666666665,18,Drone,Maintenance,0,0,0.0
272297.85,6,45382.975,14,Radar,Operational,0,0,0.0
83433.16,3,27811.053333333333,15,Armored Vehicle,Operational,0,0,0.0
113822.57,3,37940.85666666667,19,Missile Launcher,Out of Service,0,0,0.0
32123.83,2,16061.915,12,Generator,Operational,0,0,0.0
59084.44,3,19694.81333333333,8,Truck,Operational,0,0,0.0
147079.22,4,36769.805,10,Tank,Operational,0,0,0.0
93172.97,4,23293.2425,14,Armored Vehicle,Operational,0,0,0.0
0.0,0,0.0,6,Drone,Operational,0,0,0.0
70112.81,4,17528.2025,19,Truck,Maintenance,0,0,0.0
305016.18,8,38127.0225,16,Tank,Operational,1,1,1.0
72570.22,3,24190.073333333334,16,Drone,Operational,0,0,0.0
0.0,0,0.0,4,Radar,Operational,0,0,0.0
376848.8,12,31404.066666666666,18,Generator,Operational,1,1,1.0
15630.69,1,15630.69,7,Generator,Maintenance,0,0,0.0
0.0,0,0.0,4,Communication System,Maintenance,0,0,0.0
25674.26,1,25674.26,10,Armored Vehicle,Operational,0,0,0.0
121327.33,4,30331.8325,5,Tank,Operational,0,0,0.0
543355.61,12,45279.63416666666,21,Tank,Out of Service,1,1,1.0
0.0,0,0.0,20,Tank,Maintenance,0,0,0.0
110144.02,4,27536.005,4,Radar,Maintenance,0,0,0.0
0.0,0,0.0,7,Tank,Operational,0,0,0.0
197354.8,4,49338.7,11,Radar,Operational,0,0,0.0
96564.62,6,16094.103333333333,1,Generator,Operational,0,0,0.005
286091.1,6,47681.85,2,Generator,Operational,0,0,0.0
80475.29,2,40237.645,9,Generator,Operational,0,0,0.0
59989.93,3,19996.643333333333,7,Communication System,Operational,0,0,0.0
271850.83,15,18123.38866666667,16,Generator,Operational,1,1,1.0
522875.48,18,29048.637777777774,18,Missile Launcher,Operational,1,1,1.0
122198.5,6,20366.416666666668,11,Radar,Operational,0,0,0.0
142017.58,9,15779.73111111111,3,Drone,Maintenance,1,1,0.985
0.0,0,0.0,3,Drone,Operational,0,0,0.0
46016.06,1,46016.06,21,Drone,Maintenance,0,0,0.0
255934.93,7,36562.13285714285,12,Drone,Operational,0,0,0.005
199365.97,6,33227.66166666667,8,Tank,Operational,0,0,0.0
241118.27,5,48223.654,12,Missile Launcher,Operational,0,0,0.0
45553.19,2,22776.595,17,Communication System,Operational,0,0,0.0
132305.06,3,44101.68666666667,2,Truck,Operational,0,0,0.0
135986.95,3,45328.98333333334,18,Truck,Operational,0,0,0.0
32591.84,2,16295.92,1,Truck,Operational,0,0,0.0
109240.7,5,21848.14,8,Truck,Operational,0,0,0.0
338610.35,9,37623.37222222222,17,Truck,Out of Service,1,1,1.0
81113.11,5,16222.622,18,Generator,Operational,0,0,0.0
0.0,0,0.0,3,Truck,Operational,0,0,0.0
29714.75,1,29714.75,9,Tank,Operational,0,0,0.0
22292.43,1,22292.43,14,Drone,Maintenance,0,0,0.0
171266.93,11,15569.72090909091,7,Communication System,Maintenance,1,1,0.99
26924.81,1,26924.81,18,Generator,Maintenance,0,0,0.0
77682.14,2,38841.07,2,Armored Vehicle,Operational,0,0,0.0
830865.89,19,43729.783684210524,9,Armored Vehicle,Operational,1,1,1.0
87745.07,4,21936.2675,21,Truck,Maintenance,0,0,0.0
240678.32,6,40113.05333333334,1,Radar,Operational,0,0,0.005
224859.84,8,28107.48,10,Missile Launcher,Operational,1,1,0.995
106748.69,6,17791.448333333334,18,Radar,Maintenance,0,0,0.0
81671.01,2,40835.505,12,Truck,Operational,0,0,0.0
94880.78,3,31626.926666666663,13,Truck,Operational,0,0,0.0
399160.15,9,44351.12777777778,7,Missile Launcher,Operational,1,1,1.0
200674.68,6,33445.78,7,Armored Vehicle,Operational,0,0,0.0
131906.74,5,26381.348,2,Generator,Operational,0,0,0.0
255212.01,6,42535.335,8,Generator,Operational,0,0,0.0
203860.78,5,40772.156,14,Armored Vehicle,Operational,0,0,0.0
72450.35,3,24150.11666666667,9,Generator,Operational,0,0,0.0
123865.1,4,30966.275,2,Drone,Operational,0,0,0.0
0.0,0,0.0,11,Tank,Operational,0,0,0.0
100997.95,5,20199.59,7,Tank,Operational,0,0,0.0
122586.71,3,40862.23666666667,13,Communication System,Operational,0,0,0.0
100729.2,4,25182.3,3,Armored Vehicle,Maintenance,0,0,0.0
633351.17,16,39584.448125,13,Armored Vehicle,Operational,1,1,1.0
110663.04,4,27665.76,15,Tank,Maintenance,0,0,0.0
85649.64,3,28549.88,4,Radar,Operational,0,0,0.0
33265.27,2,16632.635,20,Missile Launcher,Operational,0,0,0.0
130527.08,5,26105.416,20,Truck,Operational,0,0,0.0
141798.72,6,23633.12,2,Tank,Operational,0,0,0.0
35519.5,1,35519.5,11,Truck,Operational,0,0,0.0
43356.22,2,21678.11,13,Communication System,Operational,0,0,0.0
99554.84,2,49777.42,5,Truck,Operational,0,0,0.0
143234.86,3,47744.95333333333,12,Communication System,Operational,0,0,0.0
52733.47,3,17577.823333333334,20,Communication System,Operational,0,0,0.0
104111.31,4,26027.8275,19,Armored Vehicle,Maintenance,0,0,0.0
39642.87,2,19821.435,13,Radar,Operational,0,0,0.0
523871.51,13,40297.80846153847,17,Missile Launcher,Maintenance,1,1,1.0
107885.01,3,35961.67,9,Tank,Operational,0,0,0.0
0.0,0,0.0,16,Communication System,Maintenance,0,0,0.0
409883.29,13,31529.48384615385,11,Missile Launcher,Operational,1,1,1.0
310080.55,9,34453.39444444444,5,Generator,Operational,1,1,1.0
66891.82,2,33445.91,13,Armored Vehicle,Operational,0,0,0.0
522193.06,11,47472.09636363637,4,Missile Launcher,Operational,1,1,0.995
38824.84,1,38824.84,2,Drone,Operational,0,0,0.0
487893.06,16,30493.31625,13,Communication System,Operational,1,1,1.0
207776.67,7,29682.38142857143,3,Drone,Operational,0,0,0.005
177465.28,4,44366.32,6,Armored Vehicle,Operational,0,0,0.0
45337.0,2,22668.5,20,Generator,Out of Service,0,0,0.0
297878.96,8,37234.87,14,Communication System,Operational,1,1,1.0
343922.02,18,19106.77888888889,16,Communication System,Maintenance,1,1,1.0
106439.43,4,26609.8575,13,Missile Launcher,Operational,0,0,0.0
738467.7,16,46154.23125,4,Radar,Maintenance,1,1,1.0
31173.59,1,31173.59,5,Truck,Operational,0,0,0.0
151489.65,7,21641.37857142857,4,Truck,Maintenance,0,0,0.005
79446.06,2,39723.03,9,Communication System,Operational,0,0,0.0
159190.42,8,19898.8025,4,Missile Launcher,Operational,1,1,0.995
278839.72,16,17427.4825,16,Missile Launcher,Out of Service,1,1,0.995
141055.18,4,35263.795,18,Missile Launcher,Maintenance,0,0,0.0
105490.81,4,26372.7025,9,Communication System,Operational,0,0,0.0
301381.84,8,37672.73,10,Communication System,Operational,1,1,1.0
0.0,0,0.0,6,Armored Vehicle,Operational,0,0,0.0
576527.02,19,30343.52736842105,21,Drone,Out of Service,1,1,0.995
130044.17,5,26008.834,19,Communication System,Operational,0,0,0.005
0.0,0,0.0,5,Radar,Operational,0,0,0.0
187831.08,5,37566.216,7,Generator,Operational,0,0,0.0
316314.74,12,26359.561666666665,19,Drone,Operational,1,1,1.0
148419.22,5,29683.844,8,Missile Launcher,Operational,0,0,0.0
262971.26,9,29219.02888888889,5,Communication System,Maintenance,1,1,0.99
138408.15,3,46136.05,18,Communication System,Maintenance,0,0,0.0
31288.56,2,15644.28,4,Generator,Operational,0,0,0.005
136782.89,9,15198.09888888889,11,Generator,Operational,1,1,0.995
273745.51,9,30416.16777777778,19,Generator,Maintenance,1,1,1.0
294092.09,8,36761.51125,19,Radar,Operational,1,1,1.0
164014.62,7,23430.66,6,Radar,Operational,0,0,0.015
128469.19,3,42823.06333333333,2,Radar,Maintenance,0,0,0.0
71214.58,3,23738.193333333333,16,Missile Launcher,Operational,0,0,0.0
417739.19,9,46415.46555555556,16,Truck,Operational,1,1,1.0
83371.99,2,41685.995,8,Tank,Operational,0,0,0.0
336829.88,8,42103.735,7,Armored Vehicle,Operational,1,1,1.0
0.0,0,0.0,9,Truck,Operational,0,0,0.0
0.0,0,0.0,20,Drone,Operational,0,0,0.0
384583.94,20,19229.197,6,Generator,Maintenance,1,1,1.0
94569.92,2,47284.96,5,Generator,Operational,0,0,0.0
463194.88,20,23159.744,12,Truck,Operational,1,1,1.0
186113.78,6,31018.963333333333,21,Armored Vehicle,Maintenance,0,0,0.0
44360.34,2,22180.17,4,Radar,Operational,0,0,0.0
0.0,0,0.0,1,Communication System,Operational,0,0,0.0
70998.31,2,35499.155,10,Truck,Operational,0,0,0.0
375306.48,8,46913.31,8,Generator,Maintenance,1,1,1.0
208916.17,5,41783.234,11,Generator,Operational,0,0,0.0
430012.12,9,47779.124444444446,21,Tank,Operational,1,1,1.0
22308.11,1,22308.11,21,Communication System,Maintenance,0,0,0.0
193778.39,12,16148.199166666667,7,Truck,Operational,1,1,1.0
169955.9,9,18883.98888888889,9,Truck,Out of Service,1,1,1.0
534086.98,20,26704.349,5,Drone,Operational,1,1,1.0
265705.87,9,29522.87444444445,15,Armored Vehicle,Operational,1,1,1.0
116040.85,6,19340.141666666663,12,Truck,Maintenance,0,0,0.0
0.0,0,0.0,7,Truck,Operational,0,0,0.0
123411.28,4,30852.82,17,Missile Launcher,Operational,0,0,0.0
149251.49,6,24875.248333333333,20,Truck,Out of Service,0,0,0.0
462585.88,14,33041.84857142857,21,Generator,Out of Service,1,1,0.985
321161.29,7,45880.18428571429,11,Generator,Operational,0,0,0.0
96683.95,2,48341.975,4,Missile Launcher,Operational,0,0,0.0
552631.89,20,27631.5945,11,Generator,Operational,1,1,1.0
272487.19,7,38926.74142857143,5,Generator,Out of Service,0,0,0.035
541390.23,11,49217.29363636363,10,Missile Launcher,Operational,1,1,1.0
162398.66,4,40599.665,16,Communication System,Operational,0,0,0.0
677240.42,17,39837.67176470588,18,Truck,Operational,1,1,1.0
372402.76,17,21906.044705882352,5,Radar,Operational,1,1,1.0
69008.62,4,17252.155,3,Radar,Operational,0,0,0.0
0.0,0,0.0,2,Generator,Operational,0,0,0.0
459166.63,10,45916.663,4,Missile Launcher,Operational,1,1,0.995
329442.91,9,36604.76777777777,10,Missile Launcher,Maintenance,1,1,1.0
38574.23,1,38574.23,6,Communication System,Operational,0,0,0.0
120909.21,3,40303.07,19,Missile Launcher,Operational,0,0,0.0
330020.85,7,47145.83571428571,16,Missile Launcher,Operational,0,0,0.005
147512.16,3,49170.72,16,Tank,Operational,0,0,0.0
450371.28,11,40942.84363636364,3,Armored Vehicle,Operational,1,1,1.0
78880.41,2,39440.205,18,Communication System,Maintenance,0,0,0.0
0.0,0,0.0,10,Truck,Operational,0,0,0.0
104380.86,3,34793.62,11,Generator,Operational,0,0,0.0
168785.97,7,24112.28142857143,7,Truck,Operational,0,0,0.005
151518.96,5,30303.792,15,Generator,Operational,0,0,0.0
215401.75,7,30771.67857142857,11,Generator,Operational,0,0,0.0
0.0,0,0.0,1,Missile Launcher,Operational,0,0,0.0
16122.31,1,16122.31,7,Tank,Out of Service,0,0,0.0
284031.1,6,47338.51666666666,10,Tank,Operational,0,0,0.0
0.0,0,0.0,14,Truck,Operational,0,0,0.0
132741.57,4,33185.3925,5,Missile Launcher,Operational,0,0,0.0
85937.95,2,42968.975,15,Truck,Maintenance,0,0,0.0
75715.07,2,37857.535,8,Communication System,Operational,0,0,0.0
115261.03,4,28815.2575,17,Truck,Out of Service,0,0,0.0
298739.31,11,27158.11909090909,14,Truck,Operational,1,1,1.0
163985.05,6,27330.841666666664,11,Radar,Operational,0,0,0.0
252423.15,8,31552.89375,8,Truck,Operational,1,1,1.0
69307.59,4,17326.8975,10,Radar,Operational,0,0,0.0
537269.89,11,48842.71727272728,13,Armored Vehicle,Operational,1,1,1.0
86230.68,4,21557.67,17,Communication System,Maintenance,0,0,0.0
661674.01,17,38922.00058823529,8,Missile Launcher,Operational,1,1,1.0
109390.24,6,18231.70666666667,9,Radar,Operational,0,0,0.0
83425.12,2,41712.56,9,Radar,Operational,0,0,0.0
661872.88,15,44124.85866666667,15,Generator,Operational,1,1,1.0
257669.25,7,36809.892857142855,16,Radar,Operational,0,0,0.01
632830.83,16,39551.926875,18,Generator,Out of Service,1,1,1.0
22005.78,1,22005.78,9,Missile Launcher,Operational,0,0,0.0
133327.63,4,33331.9075,19,Truck,Out of Service,0,0,0.0
154561.22,4,38640.305,11,Missile Launcher,Operational,0,0,0.0
160022.73,7,22860.390000000003,16,Missile Launcher,Out of Service,0,0,0.035
0.0,0,0.0,20,Generator,Operational,0,0,0.0
34717.49,1,34717.49,16,Missile Launcher,Maintenance,0,0,0.0
46038.55,1,46038.55,16,Armored Vehicle,Operational,0,0,0.0
382421.86,12,31868.48833333333,5,Radar,Operational,1,1,1.0
407069.28,15,27137.952,13,Radar,Operational,1,1,1.0
160004.23,8,20000.52875,12,Truck,Operational,1,1,0.985
39786.47,1,39786.47,10,Drone,Maintenance,0,0,0.0
46703.23,2,23351.615,9,Communication System,Operational,0,0,0.0
186634.31,4,46658.5775,12,Radar,Operational,0,0,0.0
299564.92,14,21397.494285714285,14,Radar,Operational,1,1,0.995
285119.61,8,35639.95125,13,Drone,Operational,1,1,0.995
164494.33,8,20561.79125,15,Drone,Operational,1,1,1.0
343593.61,11,31235.782727272726,18,Drone,Operational,1,1,1.0
349494.76,16,21843.4225,13,Truck,Operational,1,1,1.0
130662.32,3,43554.10666666667,14,Tank,Operational,0,0,0.0
114082.61,5,22816.522,18,Tank,Operational,0,0,0.0
80091.55,5,16018.31,20,Drone,Operational,0,0,0.0
245300.31,9,27255.59,19,Armored Vehicle,Operational,1,1,0.99
43024.24,2,21512.12,21,Radar,Maintenance,0,0,0.0
133122.33,5,26624.466,17,Armored Vehicle,Operational,0,0,0.0
30522.22,2,15261.11,13,Truck,Out of Service,0,0,0.0
29293.34,1,29293.34,9,Armored Vehicle,Operational,0,0,0.0
20628.07,1,20628.07,2,Communication System,Out of Service,0,0,0.0
369415.21,10,36941.521,17,Tank,Maintenance,1,1,1.0
115335.44,3,38445.14666666667,10,Truck,Out of Service,0,0,0.0
396617.74,12,33051.47833333333,19,Radar,Operational,1,1,1.0
51529.47,3,17176.49,8,Armored Vehicle,Operational,0,0,0.0
294527.03,16,18407.939375,20,Missile Launcher,Out of Service,1,1,1.0
0.0,0,0.0,21,Radar,Out of Service,0,0,0.0
106255.31,3,35418.43666666667,7,Communication System,Operational,0,0,0.0
22514.79,1,22514.79,3,Armored Vehicle,Operational,0,0,0.0
0.0,0,0.0,2,Generator,Operational,0,0,0.0
189731.92,12,15810.993333333334,16,Missile Launcher,Operational,1,1,0.995
0.0,0,0.0,12,Tank,Operational,0,0,0.0
489127.07,14,34937.64785714286,1,Generator,Operational,1,1,1.0
241174.52,7,34453.502857142856,20,Truck,Out of Service,0,0,0.005
162461.34,6,27076.89,5,Drone,Operational,0,0,0.0
178359.62,6,29726.603333333333,1,Communication System,Maintenance,0,0,0.005
0.0,0,0.0,3,Radar,Operational,0,0,0.0
283945.14,7,40563.59142857143,16,Generator,Maintenance,0,0,0.005
495472.13,11,45042.920909090906,18,Communication System,Maintenance,1,1,1.0
865359.67,18,48075.53722222222,7,Truck,Operational,1,1,1.0
429737.55,18,23874.30833333333,9,Armored Vehicle,Operational,1,1,1.0
290969.88,7,41567.125714285714,21,Armored Vehicle,Out of Service,0,0,0.02
41547.79,1,41547.79,15,Armored Vehicle,Operational,0,0,0.0
489864.5,11,44533.13636363636,1,Missile Launcher,Operational,1,1,1.0
0.0,0,0.0,11,Truck,Operational,0,0,0.0
146965.91,3,48988.636666666665,17,Armored Vehicle,Out of Service,0,0,0.0
169358.97,8,21169.87125,2,Communication System,Maintenance,1,1,0.975
117497.74,3,39165.91333333334,7,Drone,Maintenance,0,0,0.0
230575.25,5,46115.05,12,Missile Launcher,Operational,0,0,0.005
122437.11,3,40812.37,2,Drone,Operational,0,0,0.0
36210.67,2,18105.335,13,Generator,Operational,0,0,0.0
0.0,0,0.0,5,Missile Launcher,Operational,0,0,0.0
417573.82,9,46397.09111111111,2,Tank,Operational,1,1,1.0
168826.5,4,42206.625,21,Generator,Operational,0,0,0.0
0.0,0,0.0,12,Communication System,Operational,0,0,0.0
178823.53,4,44705.8825,5,Generator,Operational,0,0,0.0
31478.81,1,31478.81,5,Drone,Operational,0,0,0.0
140660.21,6,23443.36833333333,16,Truck,Maintenance,0,0,0.005
197549.33,7,28221.332857142854,4,Truck,Operational,0,0,0.005
31479.88,1,31479.88,9,Generator,Maintenance,0,0,0.0
218762.34,5,43752.468,5,Truck,Operational,0,0,0.0
439758.39,10,43975.839,4,Drone,Operational,1,1,1.0
292311.34,8,36538.9175,2,Missile Launcher,Operational,1,1,0.99
157633.51,4,39408.3775,17,Communication System,Maintenance,0,0,0.0
258259.58,6,43043.26333333333,9,Truck,Operational,0,0,0.0
578313.35,16,36144.584375,16,Generator,Maintenance,1,1,1.0
111241.28,3,37080.426666666666,18,Tank,Out of Service,0,0,0.0
28744.66,1,28744.66,15,Tank,Operational,0,0,0.0
309293.16,11,28117.56,4,Communication System,Operational,1,1,1.0
314526.29,7,44932.32714285714,9,Tank,Operational,0,0,0.0
736274.3,19,38751.27894736842,8,Armored Vehicle,Maintenance,1,1,1.0
62705.91,2,31352.955,14,Missile Launcher,Operational,0,0,0.0
83143.58,3,27714.52666666667,18,Generator,Maintenance,0,0,0.0
0.0,0,0.0,14,Communication System,Operational,0,0,0.0
76945.49,2,38472.745,17,Truck,Operational,0,0,0.0
68028.7,2,34014.35,3,Tank,Operational,0,0,0.0
597557.97,13,45965.99769230769,3,Generator,Operational,1,1,1.0
128759.56,4,32189.89,5,Radar,Maintenance,0,0,0.0
0.0,0,0.0,19,Armored Vehicle,Maintenance,0,0,0.0
316796.65,7,45256.66428571429,9,Missile Launcher,Maintenance,0,0,0.005
290066.1,15,19337.74,19,Truck,Operational,1,1,1.0
526763.05,17,30986.06176470589,19,Radar,Maintenance,1,1,1.0
72166.86,4,18041.715,5,Drone,Operational,0,0,0.0
119885.53,5,23977.106,1,Tank,Operational,0,0,0.0
768750.93,19,40460.57526315789,20,Tank,Operational,1,1,1.0
369317.65,9,41035.29444444445,10,Missile Launcher,Operational,1,1,1.0
424774.3,14,30341.02142857143,4,Truck,Operational,1,1,1.0
483116.75,20,24155.8375,13,Tank,Operational,1,1,1.0
182440.93,10,18244.093,12,Drone,Operational,1,1,1.0
773062.02,16,48316.37625,5,Truck,Operational,1,1,1.0
287281.88,9,31920.20888888889,4,Communication System,Out of Service,1,1,0.995
88377.12,2,44188.56,2,Tank,Operational,0,0,0.0
174745.66,8,21843.2075,13,Drone,Operational,1,1,1.0
441324.93,18,24518.051666666663,4,Missile Launcher,Operational,1,1,1.0
48314.71,1,48314.71,1,Truck,Operational,0,0,0.0
0.0,0,0.0,1,Radar,Operational,0,0,0.0
127789.4,8,15973.675,21,Communication System,Maintenance,1,1,0.985
436380.23,9,48486.69222222222,1,Drone,Operational,1,1,0.995
123750.05,6,20625.00833333333,19,Armored Vehicle,Operational,0,0,0.0
271323.68,6,45220.613333333335,18,Truck,Maintenance,0,0,0.0
173571.45,7,24795.92142857143,4,Missile Launcher,Operational,0,0,0.01
191949.02,5,38389.804,7,Missile Launcher,Operational,0,0,0.0
138558.68,6,23093.11333333333,17,Communication System,Operational,0,0,0.0
89945.54,2,44972.77,15,Missile Launcher,Out of Service,0,0,0.0
92520.99,2,46260.495,12,Missile Launcher,Operational,0,0,0.0
698417.86,18,38800.99222222222,19,Generator,Out of Service,1,1,1.0
803016.61,20,40150.8305,2,Tank,Operational,1,1,1.0
138626.95,3,46208.98333333334,2,Tank,Operational,0,0,0.0
120757.71,3,40252.57,14,Radar,Maintenance,0,0,0.0
220149.85,6,36691.64166666667,20,Armored Vehicle,Operational,0,0,0.01
61707.8,2,30853.9,12,Missile Launcher,Operational,0,0,0.0
170113.56,9,18901.506666666668,13,Communication System,Operational,1,1,1.0
27422.99,1,27422.99,19,Generator,Maintenance,0,0,0.0
194002.46,9,21555.82888888889,4,Truck,Operational,1,1,0.995
46743.02,3,15581.006666666666,21,Radar,Operational,0,0,0.01
57036.34,3,19012.11333333333,16,Generator,Operational,0,0,0.0
195026.52,4,48756.63,3,Communication System,Operational,0,0,0.0
79998.11,4,19999.5275,4,Tank,Operational,0,0,0.0
95994.21,2,47997.105,6,Truck,Operational,0,0,0.0
40465.76,1,40465.76,14,Drone,Operational,0,0,0.0
80282.78,3,26760.926666666663,19,Missile Launcher,Operational,0,0,0.0
30039.4,1,30039.4,19,Communication System,Out of Service,0,0,0.0
0.0,0,0.0,18,Generator,Operational,0,0,0.0
55828.78,2,27914.39,11,Radar,Operational,0,0,0.0
30043.94,1,30043.94,4,Generator,Operational,0,0,0.0
58366.3,2,29183.15,12,Generator,Maintenance,0,0,0.0
156144.73,5,31228.946000000004,8,Truck,Operational,0,0,0.0
529769.44,20,26488.472,6,Tank,Operational,1,1,1.0
179348.78,4,44837.195,15,Radar,Operational,0,0,0.0
455906.03,13,35069.694615384615,1,Radar,Operational,1,1,1.0
674745.6,16,42171.6,16,Communication System,Operational,1,1,1.0
300917.5,8,37614.6875,10,Communication System,Operational,1,1,0.995
560558.72,20,28027.936,18,Communication System,Operational,1,1,1.0
39769.24,2,19884.62,3,Communication System,Operational,0,0,0.0
204675.35,6,34112.558333333334,10,Tank,Operational,0,0,0.0
316906.98,7,45272.42571428571,21,Armored Vehicle,Maintenance,0,0,0.0
86675.98,3,28891.99333333333,3,Armored Vehicle,Operational,0,0,0.0
361021.01,11,32820.09181818182,15,Tank,Operational,1,1,1.0
482810.85,13,37139.29615384615,17,Generator,Operational,1,1,1.0
82100.48,3,27366.826666666664,7,Generator,Operational,0,0,0.0
119500.51,4,29875.1275,12,Tank,Operational,0,0,0.0
521168.97,20,26058.4485,5,Armored Vehicle,Operational,1,1,1.0
45073.15,1,45073.15,18,Drone,Operational,0,0,0.0
177512.57,5,35502.514,10,Truck,Operational,0,0,0.0
80328.32,2,40164.16,12,Drone,Operational,0,0,0.0
159231.52,10,15923.151999999998,8,Drone,Operational,1,1,1.0
703969.72,20,35198.486,6,Generator,Out of Service,1,1,1.0
76825.79,4,19206.4475,12,Tank,Operational,0,0,0.0
76767.1,3,25589.033333333336,12,Communication System,Operational,0,0,0.0
72355.92,2,36177.96,15,Communication System,Operational,0,0,0.0
19594.55,1,19594.55,13,Communication System,Operational,0,0,0.0
153393.12,4,38348.28,15,Tank,Operational,0,0,0.0
46345.04,1,46345.04,4,Truck,Operational,0,0,0.0
64830.28,3,21610.09333333333,7,Missile Launcher,Operational,0,0,0.0
49508.26,3,16502.753333333334,2,Drone,Operational,0,0,0.0
84527.67,2,42263.835,8,Radar,Operational,0,0,0.0
225790.78,5,45158.156,19,Drone,Operational,0,0,0.0
107248.64,3,35749.54666666667,17,Radar,Operational,0,0,0.0
132183.9,4,33045.975,18,Drone,Operational,0,0,0.0
284057.61,12,23671.4675,13,Armored Vehicle,Operational,1,1,1.0
201272.44,5,40254.488,19,Missile Launcher,Operational,0,0,0.0
155719.69,8,19464.96125,19,Truck,Maintenance,1,1,0.98
118333.2,3,39444.4,5,Missile Launcher,Operational,0,0,0.0
80456.36,3,26818.786666666667,12,Truck,Operational,0,0,0.0
198398.76,5,39679.752,11,Tank,Operational,0,0,0.0
87597.08,3,29199.02666666667,12,Armored Vehicle,Operational,0,0,0.0
287949.88,8,35993.735,20,Drone,Maintenance,1,1,0.985
87231.61,4,21807.9025,15,Truck,Operational,0,0,0.0
385259.24,9,42806.58222222222,14,Communication System,Operational,1,1,1.0
95403.04,2,47701.52,6,Radar,Operational,0,0,0.0
522658.68,12,43554.89,17,Armored Vehicle,Maintenance,1,1,1.0
737797.44,19,38831.44421052632,13,Truck,Out of Service,1,1,1.0
95510.23,4,23877.5575,20,Drone,Operational,0,0,0.0
432017.71,9,48001.96777777778,4,Missile Launcher,Operational,1,1,0.995
80373.16,2,40186.58,4,Generator,Operational,0,0,0.0
180498.59,4,45124.6475,8,Tank,Operational,0,0,0.0
950748.06,20,47537.403000000006,9,Communication System,Operational,1,1,1.0
222140.0,14,15867.142857142857,15,Armored Vehicle,Operational,1,1,0.995
105407.17,6,17567.861666666668,3,Tank,Maintenance,0,0,0.0
156246.76,6,26041.126666666667,9,Tank,Operational,0,0,0.0
169101.65,6,28183.608333333334,3,Armored Vehicle,Operational,0,0,0.0
207372.54,9,23041.393333333333,13,Missile Launcher,Operational,1,1,1.0
361685.45,13,27821.957692307693,7,Drone,Out of Service,1,1,1.0
102665.02,5,20533.004,14,Tank,Operational,0,0,0.0
0.0,0,0.0,3,Truck,Operational,0,0,0.0
175331.17,7,25047.31,5,Truck,Operational,0,0,0.0
0.0,0,0.0,20,Generator,Operational,0,0,0.0
21075.0,1,21075.0,21,Tank,Out of Service,0,0,0.0
363560.7,11,33050.972727272725,18,Communication System,Maintenance,1,1,1.0
145647.86,3,48549.28666666666,20,Truck,Operational,0,0,0.0
15035.12,1,15035.12,18,Generator,Operational,0,0,0.0
503991.99,14,35999.42785714286,5,Communication System,Operational,1,1,1.0
144120.08,3,48040.026666666665,4,Armored Vehicle,Out of Service,0,0,0.0
230417.0,7,32916.71428571428,19,Radar,Out of Service,0,0,0.005
32561.3,1,32561.3,19,Radar,Operational,0,0,0.0
24321.93,1,24321.93,3,Armored Vehicle,Operational,0,0,0.0
73292.26,2,36646.13,18,Drone,Maintenance,0,0,0.0
0.0,0,0.0,11,Tank,Operational,0,0,0.0
565847.28,12,47153.94,4,Truck,Operational,1,1,1.0
0.0,0,0.0,9,Generator,Operational,0,0,0.0
255581.97,13,19660.151538461538,7,Communication System,Operational,1,1,1.0
135588.33,3,45196.10999999999,12,Missile Launcher,Operational,0,0,0.0
58787.49,3,19595.83,13,Generator,Operational,0,0,0.0
138238.96,3,46079.65333333333,2,Tank,Operational,0,0,0.0
558969.12,12,46580.76,7,Generator,Operational,1,1,1.0
469137.75,12,39094.8125,19,Communication System,Maintenance,1,1,1.0
312727.14,8,39090.8925,19,Armored Vehicle,Out of Service,1,1,1.0
0.0,0,0.0,7,Missile Launcher,Operational,0,0,0.0
179287.6,4,44821.9,1,Tank,Operational,0,0,0.0
269392.55,15,17959.503333333334,11,Armored Vehicle,Operational,1,1,1.0
123709.5,5,24741.9,6,Missile Launcher,Operational,0,0,0.0
24040.34,1,24040.34,14,Generator,Maintenance,0,0,0.0
299312.16,10,29931.216,7,Truck,Operational,1,1,1.0
30530.34,2,15265.17,7,Radar,Operational,0,0,0.0
184466.27,11,16769.660909090908,11,Missile Launcher,Out of Service,1,1,0.995
0.0,0,0.0,6,Armored Vehicle,Operational,0,0,0.0
61609.45,2,30804.725,14,Drone,Operational,0,0,0.0
166405.61,4,41601.4025,9,Radar,Operational,0,0,0.0
70401.83,3,23467.27666666667,2,Drone,Operational,0,0,0.0
72263.64,4,18065.91,9,Truck,Out of Service,0,0,0.0
354248.53,10,35424.853,18,Drone,Maintenance,1,1,1.0
263713.23,6,43952.205,18,Radar,Maintenance,0,0,0.0
22633.44,1,22633.44,13,Radar,Operational,0,0,0.0
430059.9,15,28670.66,5,Armored Vehicle,Operational,1,1,1.0
255924.12,7,36560.58857142857,17,Truck,Out of Service,0,0,0.01
0.0,0,0.0,7,Communication System,Operational,0,0,0.0
429377.42,11,39034.310909090906,18,Generator,Maintenance,1,1,1.0
92559.15,3,30853.05,16,Armored Vehicle,Operational,0,0,0.0
51948.31,2,25974.155,20,Armored Vehicle,Operational,0,0,0.0
404834.88,9,44981.653333333335,2,Generator,Operational,1,1,1.0
416649.22,9,46294.357777777775,7,Armored Vehicle,Operational,1,1,1.0
356738.75,9,39637.63888888889,2,Truck,Operational,1,1,1.0
227958.06,8,28494.7575,5,Truck,Operational,1,1,1.0
35929.6,2,17964.8,6,Generator,Out of Service,0,0,0.0
0.0,0,0.0,8,Truck,Operational,0,0,0.0
29504.77,1,29504.77,21,Generator,Operational,0,0,0.0
39628.8,1,39628.8,15,Tank,Operational,0,0,0.0
825933.2,19,43470.16842105263,21,Generator,Maintenance,1,1,0.995
0.0,0,0.0,6,Truck,Operational,0,0,0.0
36142.82,2,18071.41,19,Missile Launcher,Operational,0,0,0.0
45059.36,3,15019.786666666669,7,Communication System,Operational,0,0,0.0
253537.11,7,36219.58714285714,20,Missile Launcher,Maintenance,0,0,0.035
136364.58,3,45454.85999999999,20,Communication System,Operational,0,0,0.0
61761.64,4,15440.41,18,Tank,Operational,0,0,0.0
442338.33,9,49148.70333333334,18,Missile Launcher,Operational,1,1,1.0
517909.56,16,32369.3475,15,Missile Launcher,Operational,1,1,1.0
917135.61,19,48270.295263157896,19,Truck,Maintenance,1,1,1.0
149197.03,6,24866.171666666665,10,Radar,Operational,0,0,0.0
210712.83,6,35118.805,10,Armored Vehicle,Operational,0,0,0.0
105190.25,3,35063.416666666664,19,Drone,Maintenance,0,0,0.0
43853.55,1,43853.55,4,Armored Vehicle,Operational,0,0,0.0
348698.36,13,26822.950769230767,7,Communication System,Maintenance,1,1,0.995
188156.83,4,47039.2075,14,Drone,Operational,0,0,0.0
297824.3,15,19854.95333333333,8,Communication System,Maintenance,1,1,1.0
572380.56,14,40884.32571428572,8,Drone,Operational,1,1,1.0
50276.32,2,25138.16,12,Tank,Operational,0,0,0.0
102271.3,4,25567.825,13,Drone,Operational,0,0,0.0
244156.33,13,18781.256153846152,11,Drone,Operational,1,1,1.0
486727.67,14,34766.262142857144,6,Communication System,Operational,1,1,1.0
179054.67,4,44763.6675,7,Radar,Operational,0,0,0.0
125955.29,3,41985.096666666665,20,Armored Vehicle,Operational,0,0,0.0
239546.49,15,15969.766,2,Drone,Operational,1,1,1.0
117168.11,4,29292.0275,17,Tank,Operational,0,0,0.0
63938.44,4,15984.61,7,Communication System,Operational,0,0,0.0
77426.46,2,38713.23,2,Drone,Operational,0,0,0.0
192227.79,4,48056.9475,2,Drone,Out of Service,0,0,0.0
186882.12,5,37376.424,7,Generator,Operational,0,0,0.0
145715.68,3,48571.89333333333,2,Tank,Operational,0,0,0.0
65804.94,2,32902.47,6,Drone,Operational,0,0,0.0
192681.65,8,24085.20625,20,Drone,Operational,1,1,0.985
600375.54,18,33354.19666666667,5,Communication System,Operational,1,1,1.0
182255.64,4,45563.91,4,Truck,Out of Service,0,0,0.0
244825.18,9,27202.797777777778,14,Drone,Operational,1,1,0.995
163495.11,9,18166.123333333333,17,Drone,Operational,1,1,0.995
307907.4,9,34211.933333333334,13,Communication System,Operational,1,1,1.0
98260.75,3,32753.58333333333,15,Tank,Maintenance,0,0,0.0
82837.86,3,27612.62,20,Tank,Maintenance,0,0,0.0
299284.92,7,42754.98857142857,6,Communication System,Maintenance,0,0,0.03
116776.83,3,38925.61,10,Missile Launcher,Operational,0,0,0.0
348287.45,9,38698.60555555556,12,Radar,Operational,1,1,1.0
97753.33,2,48876.665,15,Generator,Operational,0,0,0.0
805045.17,19,42370.79842105264,9,Communication System,Operational,1,1,1.0
283685.18,7,40526.45428571429,17,Communication System,Out of Service,0,0,0.01
92528.92,2,46264.46,12,Tank,Maintenance,0,0,0.0
252396.61,7,36056.65857142857,8,Radar,Operational,0,0,0.01
416577.26,10,41657.726,13,Armored Vehicle,Operational,1,1,1.0
60191.01,4,15047.7525,1,Armored Vehicle,Maintenance,0,0,0.015
41325.62,1,41325.62,19,Communication System,Operational,0,0,0.0
69477.99,3,23159.33,11,Missile Launcher,Operational,0,0,0.0
64395.1,4,16098.775,9,Radar,Operational,0,0,0.0
0.0,0,0.0,13,Radar,Out of Service,0,0,0.0
34780.56,1,34780.56,7,Communication System,Operational,0,0,0.0
17364.12,1,17364.12,18,Missile Launcher,Maintenance,0,0,0.005
66626.76,3,22208.92,5,Radar,Maintenance,0,0,0.0
114301.3,4,28575.325,21,Truck,Maintenance,0,0,0.0
34208.76,1,34208.76,21,Drone,Operational,0,0,0.0
64720.14,4,16180.035,3,Tank,Operational,0,0,0.0
478780.6,13,36829.27692307692,21,Missile Launcher,Operational,1,1,1.0
615383.32,16,38461.4575,4,Drone,Operational,1,1,1.0
142949.16,8,17868.645,4,Generator,Operational,1,1,0.98
185382.88,7,26483.268571428573,20,Tank,Operational,0,0,0.01
216477.68,7,30925.382857142857,6,Missile Launcher,Operational,0,0,0.005
568361.56,15,37890.77066666667,17,Tank,Operational,1,1,1.0
182918.67,4,45729.6675,2,Tank,Out of Service,0,0,0.005
45305.98,3,15101.993333333334,4,Missile Launcher,Operational,0,0,0.005
166188.14,4,41547.035,11,Armored Vehicle,Operational,0,0,0.0
754958.27,16,47184.891875,13,Tank,Operational,1,1,1.0
300173.89,9,33352.654444444444,1,Armored Vehicle,Maintenance,1,1,0.99
308111.38,12,25675.948333333334,10,Tank,Maintenance,1,1,1.0
244734.06,5,48946.812,19,Armored Vehicle,Maintenance,0,0,0.005
176032.74,4,44008.185,20,Generator,Operational,0,0,0.0
94970.95,2,47485.475,4,Generator,Operational,0,0,0.0
542747.32,12,45228.94333333333,16,Missile Launcher,Operational,1,1,1.0
267706.86,6,44617.81,1,Truck,Operational,0,0,0.0
149860.08,7,21408.582857142854,14,Armored Vehicle,Operational,0,0,0.01
185578.84,6,30929.806666666667,7,Truck,Operational,0,0,0.0
278075.99,7,39725.14142857143,15,Radar,Operational,0,0,0.005
127210.98,4,31802.745,19,Communication System,Out of Service,0,0,0.0
37112.49,2,18556.245,13,Drone,Operational,0,0,0.0
145862.49,4,36465.6225,15,Missile Launcher,Operational,0,0,0.0
94306.43,4,23576.6075,13,Generator,Operational,0,0,0.0
92185.25,2,46092.625,20,Communication System,Out of Service,0,0,0.0
180850.3,4,45212.575,2,Generator,Operational,0,0,0.0
94918.93,3,31639.64333333333,18,Generator,Operational,0,0,0.0
95012.14,3,31670.713333333333,15,Armored Vehicle,Operational,0,0,0.0
441553.48,10,44155.348,8,Missile Launcher,Operational,1,1,1.0
552625.64,20,27631.282,1,Missile Launcher,Out of Service,1,1,1.0
77640.11,4,19410.0275,17,Communication System,Maintenance,0,0,0.0
33689.34,2,16844.67,2,Truck,Operational,0,0,0.0
63008.01,3,21002.67,20,Missile Launcher,Operational,0,0,0.0
91186.94,2,45593.47,11,Tank,Maintenance,0,0,0.0
65621.95,4,16405.4875,1,Generator,Operational,0,0,0.005
31593.44,2,15796.72,12,Communication System,Operational,0,0,0.0
0.0,0,0.0,5,Drone,Operational,0,0,0.0
325417.03,15,21694.468666666668,13,Armored Vehicle,Operational,1,1,1.0
504738.11,20,25236.9055,5,Drone,Operational,1,1,1.0
108982.82,6,18163.803333333333,4,Tank,Operational,0,0,0.0
142532.43,7,20361.77571428571,12,Truck,Operational,0,0,0.0
37722.23,1,37722.23,16,Drone,Operational,0,0,0.0
140580.3,4,35145.075,18,Radar,Operational,0,0,0.0
16303.02,1,16303.02,6,Tank,Operational,0,0,0.0
32904.21,1,32904.21,2,Generator,Operational,0,0,0.0
125042.07,8,15630.25875,1,Truck,Maintenance,1,1,0.93
894242.67,18,49680.14833333334,4,Truck,Operational,1,1,1.0
258226.4,14,18444.742857142857,21,Radar,Operational,1,1,1.0
0.0,0,0.0,4,Armored Vehicle,Operational,0,0,0.0
72903.1,3,24301.033333333336,15,Radar,Operational,0,0,0.0
263279.65,7,37611.37857142858,6,Communication System,Operational,0,0,0.01
160902.85,4,40225.7125,8,Drone,Operational,0,0,0.0
109574.42,4,27393.605,14,Radar,Operational,0,0,0.0
69535.06,2,34767.53,17,Armored Vehicle,Operational,0,0,0.0
438026.92,19,23054.04842105263,21,Drone,Operational,1,1,1.0
190704.87,4,47676.2175,4,Generator,Out of Service,0,0,0.0
163489.24,6,27248.206666666665,7,Drone,Operational,0,0,0.0
88191.63,4,22047.9075,12,Radar,Operational,0,0,0.0
58366.26,2,29183.13,17,Tank,Out of Service,0,0,0.0
149935.07,4,37483.7675,15,Radar,Operational,0,0,0.0
107541.91,7,15363.13,21,Radar,Maintenance,0,0,0.0
160280.42,8,20035.0525,19,Generator,Out of Service,1,1,0.985
97375.36,5,19475.072,12,Missile Launcher,Operational,0,0,0.0
47549.39,1,47549.39,20,Missile Launcher,Maintenance,0,0,0.0
53201.9,3,17733.966666666667,15,Radar,Operational,0,0,0.0
108964.71,5,21792.942000000003,5,Communication System,Operational,0,0,0.0
98081.02,4,24520.255,14,Radar,Operational,0,0,0.0
349591.81,10,34959.181,13,Missile Launcher,Operational,1,1,1.0
900292.61,19,47383.82157894737,21,Drone,Out of Service,1,1,1.0
169286.49,4,42321.6225,3,Armored Vehicle,Operational,0,0,0.0
332402.96,16,20775.185,16,Drone,Operational,1,1,1.0
26092.01,1,26092.01,12,Drone,Operational,0,0,0.005
68861.33,2,34430.665,7,Radar,Operational,0,0,0.0
433437.08,9,48159.67555555556,16,Generator,Maintenance,1,1,1.0
183932.48,9,20436.942222222224,18,Tank,Maintenance,1,1,1.0
20696.26,1,20696.26,6,Communication System,Operational,0,0,0.0
118807.26,5,23761.452,15,Truck,Operational,0,0,0.0
230589.99,7,32941.427142857145,10,Truck,Operational,0,0,0.005
112182.63,4,28045.6575,14,Drone,Operational,0,0,0.0
441019.34,9,49002.14888888889,11,Missile Launcher,Operational,1,1,1.0
0.0,0,0.0,12,Generator,Operational,0,0,0.0
123537.36,3,41179.12,19,Drone,Out of Service,0,0,0.0
369748.6,12,30812.38333333333,15,Radar,Maintenance,1,1,1.0
0.0,0,0.0,21,Communication System,Operational,0,0,0.0
18963.28,1,18963.28,20,Missile Launcher,Operational,0,0,0.005
72457.92,4,18114.48,19,Generator,Operational,0,0,0.0
58300.25,2,29150.125,17,Missile Launcher,Out of Service,0,0,0.0
234468.15,7,33495.45,20,Generator,Out of Service,0,0,0.005
809906.96,19,42626.68210526316,4,Generator,Operational,1,1,1.0
952869.81,20,47643.4905,2,Radar,Maintenance,1,1,1.0
175941.56,4,43985.39,16,Tank,Maintenance,0,0,0.0
0.0,0,0.0,10,Truck,Operational,0,0,0.0
81693.68,5,16338.736,16,Armored Vehicle,Maintenance,0,0,0.005
83494.32,5,16698.864,10,Missile Launcher,Maintenance,0,0,0.0
46770.22,3,15590.073333333334,18,Communication System,Operational,0,0,0.0
108334.2,3,36111.4,11,Truck,Operational,0,0,0.0
141751.03,4,35437.7575,15,Radar,Operational,0,0,0.0
192689.03,4,48172.2575,9,Truck,Operational,0,0,0.0
22820.16,1,22820.16,8,Radar,Operational,0,0,0.0
249046.14,7,35578.020000000004,10,Radar,Operational,0,0,0.01
816988.91,17,48058.17117647059,9,Armored Vehicle,Operational,1,1,1.0
494596.59,11,44963.32636363636,8,Missile Launcher,Operational,1,1,1.0
235684.67,15,15712.311333333337,12,Drone,Maintenance,1,1,0.995
0.0,0,0.0,3,Drone,Operational,0,0,0.0
403126.69,9,44791.85444444444,2,Missile Launcher,Out of Service,1,1,0.995
0.0,0,0.0,17,Radar,Maintenance,0,0,0.0
309796.43,15,20653.09533333333,14,Drone,Maintenance,1,1,1.0
365128.76,8,45641.095,11,Armored Vehicle,Operational,1,1,1.0
426668.41,9,47407.60111111111,6,Armored Vehicle,Maintenance,1,1,0.985
118171.06,5,23634.212,19,Armored Vehicle,Operational,0,0,0.0
231634.65,7,33090.66428571429,12,Armored Vehicle,Operational,0,0,0.005
64880.0,2,32440.0,11,Missile Launcher,Operational,0,0,0.0
40168.31,1,40168.31,20,Radar,Maintenance,0,0,0.0
219549.71,6,36591.61833333333,12,Missile Launcher,Operational,0,0,0.0
86956.32,3,28985.44,9,Generator,Maintenance,0,0,0.0
214309.88,8,26788.735,12,Radar,Operational,1,1,1.0
91210.71,4,22802.6775,21,Radar,Operational,0,0,0.005
666074.37,20,33303.7185,15,Armored Vehicle,Operational,1,1,1.0
544403.2,19,28652.8,17,Missile Launcher,Out of Service,1,1,1.0
555074.89,17,32651.46411764706,7,Missile Launcher,Operational,1,1,1.0
68559.19,4,17139.7975,3,Truck,Operational,0,0,0.0
161498.57,4,40374.6425,4,Missile Launcher,Operational,0,0,0.0
0.0,0,0.0,14,Radar,Operational,0,0,0.0
344299.59,10,34429.959,19,Tank,Maintenance,1,1,1.0
48587.84,1,48587.84,17,Missile Launcher,Maintenance,0,0,0.0
132746.4,8,16593.3,2,Truck,Operational,1,1,0.985
81197.57,5,16239.514,4,Truck,Operational,0,0,0.0
119583.86,6,19930.643333333333,19,Tank,Maintenance,0,0,0.0
107449.68,4,26862.42,2,Armored Vehicle,Operational,0,0,0.0
71316.98,2,35658.49,18,Armored Vehicle,Maintenance,0,0,0.0
46400.69,1,46400.69,10,Drone,Operational,0,0,0.0
313674.44,7,44810.63428571429,17,Drone,Out of Service,0,0,0.025
92665.24,6,15444.206666666669,10,Truck,Maintenance,0,0,0.0
335765.78,8,41970.7225,8,Communication System,Out of Service,1,1,0.97
968910.49,20,48445.5245,9,Communication System,Operational,1,1,0.995
126405.18,4,31601.295,1,Generator,Maintenance,0,0,0.0
138967.97,5,27793.594,16,Truck,Maintenance,0,0,0.0
75784.94,4,18946.235,5,Communication System,Operational,0,0,0.0
579360.99,20,28968.0495,7,Communication System,Operational,1,1,1.0
446585.88,9,49620.653333333335,14,Radar,Maintenance,1,1,1.0
0.0,0,0.0,12,Missile Launcher,Operational,0,0,0.0
116441.33,3,38813.776666666665,3,Drone,Maintenance,0,0,0.0
21188.17,1,21188.17,9,Missile Launcher,Operational,0,0,0.0
49576.74,3,16525.579999999998,14,Missile Launcher,Operational,0,0,0.0
258917.78,6,43152.96333333333,5,Truck,Operational,0,0,0.005
51877.65,2,25938.825,20,Drone,Operational,0,0,0.0
506259.73,12,42188.31083333333,4,Truck,Operational,1,1,1.0
16814.89,1,16814.89,20,Missile Launcher,Operational,0,0,0.0
516967.57,13,39766.73615384616,7,Drone,Out of Service,1,1,1.0
141107.51,4,35276.8775,9,Generator,Out of Service,0,0,0.0
363841.52,10,36384.152,8,Communication System,Operational,1,1,1.0
147867.02,5,29573.404,15,Tank,Operational,0,0,0.0
108730.02,3,36243.34,1,Armored Vehicle,Maintenance,0,0,0.0
83643.84,2,41821.92,12,Armored Vehicle,Operational,0,0,0.0
253793.34,9,28199.26,7,Drone,Operational,1,1,1.0
148714.22,3,49571.40666666667,20,Drone,Maintenance,0,0,0.0
170013.35,9,18890.372222222224,11,Armored Vehicle,Operational,1,1,1.0
61498.28,3,20499.426666666663,3,Generator,Operational,0,0,0.0
185006.13,7,26429.447142857145,3,Radar,Operational,0,0,0.0
331751.8,7,47393.11428571429,15,Tank,Operational,0,0,0.005
65351.0,4,16337.75,5,Generator,Operational,0,0,0.0
445359.0,9,49484.333333333336,19,Truck,Maintenance,1,1,1.0
103734.3,3,34578.1,14,Armored Vehicle,Operational,0,0,0.0
201108.56,6,33518.09333333333,6,Communication System,Operational,0,0,0.0
0.0,0,0.0,8,Armored Vehicle,Operational,0,0,0.0
146988.41,4,36747.1025,3,Truck,Operational,0,0,0.0
47566.61,1,47566.61,1,Truck,Operational,0,0,0.0
130973.45,3,43657.816666666666,4,Tank,Operational,0,0,0.0
100123.78,6,16687.296666666665,8,Radar,Operational,0,0,0.0
335388.25,8,41923.53125,9,Generator,Operational,1,1,1.0
60183.66,2,30091.83,7,Armored Vehicle,Maintenance,0,0,0.0
115436.62,3,38478.87333333333,7,Communication System,Operational,0,0,0.0
0.0,0,0.0,15,Communication System,Operational,0,0,0.0
441117.41,13,33932.10846153846,17,Radar,Maintenance,1,1,1.0
123810.0,5,24762.0,21,Tank,Maintenance,0,0,0.0
0.0,0,0.0,15,Tank,Maintenance,0,0,0.0
260548.55,8,32568.56875,10,Truck,Operational,1,1,0.995
75375.39,3,25125.13,8,Armored Vehicle,Operational,0,0,0.0
119637.16,3,39879.05333333334,18,Tank,Operational,0,0,0.0
341930.27,8,42741.28375,19,Radar,Operational,1,1,1.0
66554.04,4,16638.51,12,Missile Launcher,Operational,0,0,0.0
49963.36,3,16654.453333333335,5,Tank,Operational,0,0,0.0
656883.65,16,41055.228125,3,Generator,Operational,1,1,1.0
456463.06,12,38038.58833333333,1,Missile Launcher,Out of Service,1,1,1.0
68122.37,4,17030.5925,6,Communication System,Operational,0,0,0.0
418791.56,11,38071.96,13,Radar,Operational,1,1,1.0
342202.69,8,42775.33625,2,Truck,Operational,1,1,0.995
83916.32,3,27972.10666666667,21,Generator,Maintenance,0,0,0.0
324870.1,20,16243.505,15,Armored Vehicle,Operational,1,1,1.0
346837.57,7,49548.224285714285,12,Drone,Operational,0,0,0.01
352342.57,8,44042.82125,6,Communication System,Out of Service,1,1,1.0
22200.78,1,22200.78,10,Armored Vehicle,Operational,0,0,0.0
94050.09,3,31350.03,8,Missile Launcher,Operational,0,0,0.0
0.0,0,0.0,7,Communication System,Operational,0,0,0.0
216552.59,8,27069.07375,11,Truck,Operational,1,1,1.0
45935.73,2,22967.865,9,Radar,Operational,0,0,0.0
245431.01,6,40905.168333333335,16,Communication System,Maintenance,0,0,0.0
27904.64,1,27904.64,19,Communication System,Maintenance,0,0,0.0
39026.56,1,39026.56,17,Armored Vehicle,Operational,0,0,0.0
43371.59,1,43371.59,4,Communication System,Operational,0,0,0.0
158361.78,6,26393.63,3,Truck,Operational,0,0,0.0
161714.31,9,17968.256666666668,17,Tank,Operational,1,1,1.0
98732.29,2,49366.145,12,Armored Vehicle,Operational,0,0,0.0
76471.59,3,25490.53,5,Radar,Operational,0,0,0.0
126510.32,3,42170.10666666667,19,Armored Vehicle,Out of Service,0,0,0.0
77775.45,2,38887.725,6,Communication System,Operational,0,0,0.0
54870.5,3,18290.166666666668,18,Radar,Maintenance,0,0,0.0
378069.22,14,27004.94428571428,16,Armored Vehicle,Operational,1,1,1.0
41110.57,1,41110.57,10,Communication System,Operational,0,0,0.0
99795.29,4,24948.8225,20,Missile Launcher,Operational,0,0,0.0
86503.35,5,17300.670000000002,3,Armored Vehicle,Out of Service,0,0,0.0
41523.87,1,41523.87,8,Communication System,Operational,0,0,0.0
224077.49,10,22407.749,20,Armored Vehicle,Operational,1,1,1.0
0.0,0,0.0,7,Missile Launcher,Operational,0,0,0.0
393411.11,8,49176.38875,15,Radar,Operational,1,1,1.0
244742.93,6,40790.488333333335,17,Missile Launcher,Operational,0,0,0.0
275995.12,12,22999.59333333333,4,Armored Vehicle,Operational,1,1,1.0
42636.61,1,42636.61,12,Radar,Operational,0,0,0.0
318733.76,9,35414.862222222226,8,Drone,Operational,1,1,1.0
371577.57,8,46447.19625,9,Drone,Maintenance,1,1,1.0
47092.73,3,15697.576666666668,12,Communication System,Operational,0,0,0.0
288262.21,8,36032.77625,16,Truck,Maintenance,1,1,0.985
55778.68,3,18592.893333333333,10,Truck,Maintenance,0,0,0.0
224107.6,12,18675.63333333333,5,Tank,Operational,1,1,1.0
428395.94,9,47599.54888888889,7,Truck,Out of Service,1,1,1.0
111346.79,3,37115.596666666665,1,Drone,Operational,0,0,0.0
63908.99,2,31954.495,19,Generator,Maintenance,0,0,0.0
219421.99,6,36570.331666666665,17,Armored Vehicle,Maintenance,0,0,0.0
288715.8,7,41245.11428571429,17,Generator,Operational,0,0,0.0
169668.84,8,21208.605,9,Tank,Operational,1,1,1.0
93513.92,6,15585.653333333334,10,Generator,Operational,0,0,0.0
294383.46,7,42054.780000000006,2,Radar,Operational,0,0,0.005
99123.84,2,49561.92,17,Radar,Operational,0,0,0.0
82980.08,3,27660.02666666667,20,Radar,Out of Service,0,0,0.0
383643.21,14,27403.08642857143,3,Truck,Operational,1,1,1.0
25575.33,1,25575.33,2,Drone,Operational,0,0,0.0
384552.29,9,42728.03222222222,17,Missile Launcher,Maintenance,1,1,1.0
440499.92,18,24472.217777777776,16,Generator,Operational,1,1,1.0
91323.18,3,30441.06,9,Armored Vehicle,Operational,0,0,0.0
239250.27,7,34178.61,18,Radar,Maintenance,0,0,0.005
112309.13,4,28077.2825,9,Radar,Operational,0,0,0.0
550530.07,17,32384.12176470588,15,Armored Vehicle,Operational,1,1,1.0
248057.42,6,41342.903333333335,1,Radar,Operational,0,0,0.0
22959.44,1,22959.44,2,Drone,Operational,0,0,0.0
651414.82,20,32570.741,2,Communication System,Operational,1,1,1.0
901705.74,20,45085.287,13,Truck,Operational,1,1,1.0
146004.43,3,48668.14333333333,10,Truck,Operational,0,0,0.0
148794.11,3,49598.03666666666,9,Armored Vehicle,Maintenance,0,0,0.005
80874.55,3,26958.18333333333,6,Communication System,Out of Service,0,0,0.0
124283.31,3,41427.77,6,Armored Vehicle,Maintenance,0,0,0.0
266056.91,8,33257.11375,4,Generator,Out of Service,1,1,0.99
30228.03,1,30228.03,18,Drone,Maintenance,0,0,0.0
0.0,0,0.0,1,Missile Launcher,Operational,0,0,0.0
75268.05,5,15053.61,20,Missile Launcher,Operational,0,0,0.005
511552.73,19,26923.82789473684,18,Generator,Operational,1,1,1.0
119558.95,5,23911.79,4,Drone,Operational,0,0,0.0
122863.3,6,20477.216666666667,10,Missile Launcher,Operational,0,0,0.0
165406.65,6,27567.775,16,Communication System,Maintenance,0,0,0.0
583282.67,19,30699.087894736844,2,Communication System,Maintenance,1,1,1.0
0.0,0,0.0,21,Missile Launcher,Operational,0,0,0.0
18947.97,1,18947.97,20,Generator,Maintenance,0,0,0.0
117501.49,5,23500.298000000003,6,Drone,Operational,0,0,0.0
31140.26,1,31140.26,4,Drone,Operational,0,0,0.0
100755.31,4,25188.8275,18,Radar,Operational,0,0,0.0
39241.34,1,39241.34,18,Missile Launcher,Out of Service,0,0,0.0
122528.26,4,30632.065,9,Drone,Operational,0,0,0.0
72635.08,3,24211.693333333333,6,Communication System,Out of Service,0,0,0.0
399073.69,9,44341.52111111111,15,Generator,Operational,1,1,1.0
318425.65,9,35380.62777777778,2,Radar,Operational,1,1,1.0
47404.29,1,47404.29,10,Truck,Operational,0,0,0.0
282024.9,10,28202.49,7,Radar,Operational,1,1,1.0
42659.77,1,42659.77,1,Generator,Operational,0,0,0.0
311879.43,10,31187.943,6,Missile Launcher,Operational,1,1,1.0
63257.47,4,15814.3675,15,Truck,Operational,0,0,0.0
221676.55,9,24630.727777777774,16,Missile Launcher,Out of Service,1,1,0.995
129741.32,7,18534.47428571429,14,Communication System,Operational,0,0,0.01
132709.43,3,44236.47666666666,20,Generator,Operational,0,0,0.0
138471.5,3,46157.16666666666,16,Generator,Maintenance,0,0,0.0
58593.25,2,29296.625,8,Communication System,Operational,0,0,0.0
249656.77,8,31207.09625,7,Drone,Operational,1,1,0.99
146877.37,9,16319.707777777778,9,Missile Launcher,Operational,1,1,1.0
64447.53,3,21482.51,10,Drone,Operational,0,0,0.0
26734.56,1,26734.56,8,Generator,Operational,0,0,0.0
240513.97,5,48102.794,14,Communication System,Operational,0,0,0.0
109832.45,4,27458.1125,15,Radar,Operational,0,0,0.0
331829.99,9,36869.99888888889,5,Drone,Maintenance,1,1,0.995
298517.35,15,19901.156666666662,1,Missile Launcher,Operational,1,1,0.995
151618.12,4,37904.53,11,Radar,Operational,0,0,0.0
157323.05,4,39330.7625,5,Radar,Operational,0,0,0.0
355580.98,16,22223.81125,5,Drone,Operational,1,1,1.0
91514.16,3,30504.72,9,Generator,Operational,0,0,0.0
141425.66,5,28285.132,1,Generator,Operational,0,0,0.0
878488.28,20,43924.414,9,Armored Vehicle,Operational,1,1,1.0
126869.48,3,42289.82666666667,10,Truck,Operational,0,0,0.0
212742.29,9,23638.032222222224,18,Communication System,Maintenance,1,1,0.995
868075.41,18,48226.41166666667,4,Drone,Operational,1,1,1.0
228506.24,11,20773.294545454544,1,Missile Launcher,Out of Service,1,1,0.98
308235.48,9,34248.386666666665,4,Communication System,Operational,1,1,1.0
315038.36,7,45005.48,11,Generator,Operational,0,0,0.0
111435.06,6,18572.51,17,Communication System,Maintenance,0,0,0.0
158368.15,6,26394.691666666666,12,Radar,Operational,0,0,0.005
32532.66,1,32532.66,16,Communication System,Operational,0,0,0.0
42350.5,1,42350.5,9,Communication System,Operational,0,0,0.0
56918.99,2,28459.495,12,Communication System,Operational,0,0,0.0
83756.57,2,41878.285,4,Drone,Operational,0,0,0.0
364845.34,8,45605.6675,19,Armored Vehicle,Maintenance,1,1,0.995
89825.84,3,29941.946666666667,14,Generator,Operational,0,0,0.0
218856.39,7,31265.198571428573,6,Truck,Operational,0,0,0.0
84455.13,3,28151.710000000003,12,Generator,Operational,0,0,0.0
173558.69,7,24794.09857142857,3,Communication System,Operational,0,0,0.0
404838.95,13,31141.457692307693,1,Truck,Operational,1,1,1.0
77149.3,2,38574.65,17,Communication System,Operational,0,0,0.0
328014.55,11,29819.504545454543,18,Radar,Operational,1,1,1.0
237015.4,9,26335.044444444444,4,Radar,Operational,1,1,1.0
231831.11,8,28978.88875,21,Communication System,Maintenance,1,1,0.98
129194.15,8,16149.26875,15,Generator,Operational,1,1,1.0
74581.58,4,18645.395,18,Tank,Operational,0,0,0.0
93280.19,2,46640.095,9,Tank,Operational,0,0,0.0
233398.71,7,33342.672857142854,15,Tank,Operational,0,0,0.0
110531.71,4,27632.9275,2,Armored Vehicle,Maintenance,0,0,0.0
0.0,0,0.0,5,Truck,Operational,0,0,0.0
53888.55,2,26944.275,8,Communication System,Operational,0,0,0.0
461544.24,12,38462.02,14,Radar,Operational,1,1,1.0
98486.9,2,49243.45,18,Armored Vehicle,Maintenance,0,0,0.0
33961.3,1,33961.3,12,Generator,Operational,0,0,0.0
382549.94,12,31879.161666666667,18,Truck,Out of Service,1,1,1.0
412738.72,9,45859.857777777775,14,Generator,Operational,1,1,1.0
103090.28,6,17181.713333333333,5,Generator,Out of Service,0,0,0.0
235417.3,5,47083.46,4,Communication System,Operational,0,0,0.0
93772.69,2,46886.345,13,Tank,Operational,0,0,0.0
178573.42,4,44643.355,16,Armored Vehicle,Operational,0,0,0.0
124838.89,4,31209.7225,19,Drone,Operational,0,0,0.0
36763.58,1,36763.58,21,Truck,Maintenance,0,0,0.0
38118.06,1,38118.06,9,Truck,Operational,0,0,0.0
239549.47,5,47909.894,7,Generator,Operational,0,0,0.0
55040.26,3,18346.75333333333,2,Drone,Operational,0,0,0.0
366036.6,12,30503.05,2,Generator,Operational,1,1,0.995
45154.34,2,22577.17,6,Truck,Operational,0,0,0.0
301625.96,10,30162.596,16,Radar,Maintenance,1,1,1.0
198905.54,4,49726.385,12,Truck,Maintenance,0,0,0.0
246930.34,9,27436.704444444444,8,Generator,Operational,1,1,1.0
192417.2,4,48104.3,9,Radar,Operational,0,0,0.0
499389.6,12,41615.8,16,Armored Vehicle,Operational,1,1,0.995
0.0,0,0.0,6,Truck,Operational,0,0,0.0
41999.34,2,20999.67,18,Generator,Operational,0,0,0.005
56331.66,3,18777.22,11,Communication System,Maintenance,0,0,0.0
475297.39,13,36561.337692307694,16,Drone,Maintenance,1,1,1.0
180118.62,4,45029.655,10,Drone,Operational,0,0,0.0
127834.5,3,42611.5,7,Generator,Operational,0,0,0.0
0.0,0,0.0,5,Radar,Operational,0,0,0.0
25347.99,1,25347.99,3,Armored Vehicle,Operational,0,0,0.0
221026.23,8,27628.27875,2,Truck,Operational,1,1,0.995
216654.7,6,36109.11666666667,10,Generator,Operational,0,0,0.0
445406.06,15,29693.73733333333,19,Armored Vehicle,Operational,1,1,1.0
53177.33,3,17725.77666666667,15,Truck,Out of Service,0,0,0.0
155879.31,8,19484.91375,15,Generator,Operational,1,1,0.995
410753.83,9,45639.31444444445,17,Tank,Maintenance,1,1,1.0
0.0,0,0.0,10,Communication System,Operational,0,0,0.0
140190.92,5,28038.184,9,Tank,Operational,0,0,0.0
227295.17,7,32470.738571428574,15,Drone,Operational,0,0,0.005
519862.87,20,25993.1435,5,Armored Vehicle,Operational,1,1,1.0
0.0,0,0.0,3,Missile Launcher,Operational,0,0,0.0
402151.28,19,21165.856842105262,7,Radar,Operational,1,1,1.0
56044.98,3,18681.66,11,Generator,Operational,0,0,0.0
0.0,0,0.0,18,Armored Vehicle,Maintenance,0,0,0.0
88108.5,2,44054.25,11,Armored Vehicle,Operational,0,0,0.0
220426.6,5,44085.32,18,Missile Launcher,Operational,0,0,0.0
90625.48,2,45312.74,14,Truck,Operational,0,0,0.0
211969.87,7,30281.41,8,Communication System,Operational,0,0,0.0
0.0,0,0.0,16,Tank,Operational,0,0,0.0
149473.56,3,49824.52,11,Armored Vehicle,Operational,0,0,0.0
376459.27,13,28958.405384615387,12,Truck,Operational,1,1,1.0
296287.5,7,42326.78571428572,15,Truck,Operational,0,0,0.0
139105.12,9,15456.124444444444,17,Missile Launcher,Operational,1,1,0.985
265638.16,6,44273.026666666665,14,Communication System,Operational,0,0,0.0
191339.94,9,21259.99333333333,10,Missile Launcher,Operational,1,1,1.0
242055.26,7,34579.322857142855,13,Radar,Operational,0,0,0.0
0.0,0,0.0,17,Drone,Operational,0,0,0.0
637467.45,17,37498.08529411764,11,Tank,Operational,1,1,1.0
0.0,0,0.0,8,Communication System,Operational,0,0,0.0
66920.6,2,33460.3,17,Tank,Maintenance,0,0,0.0
456482.3,17,26851.9,1,Drone,Operational,1,1,1.0
50932.54,3,16977.513333333332,21,Truck,Maintenance,0,0,0.0
70737.62,2,35368.81,5,Missile Launcher,Maintenance,0,0,0.0
663692.8,16,41480.8,8,Truck,Operational,1,1,1.0
315206.75,9,35022.97222222222,14,Generator,Operational,1,1,1.0
254236.72,8,31779.59,9,Missile Launcher,Maintenance,1,1,1.0
159314.97,4,39828.7425,10,Drone,Operational,0,0,0.0
0.0,0,0.0,15,Tank,Operational,0,0,0.0
517303.03,17,30429.59,12,Communication System,Operational,1,1,1.0
0.0,0,0.0,12,Radar,Operational,0,0,0.0
55343.87,3,18447.95666666667,15,Tank,Operational,0,0,0.0
362890.57,17,21346.50411764706,3,Tank,Operational,1,1,1.0
0.0,0,0.0,14,Radar,Operational,0,0,0.0
176786.46,6,29464.41,8,Drone,Operational,0,0,0.0
290827.32,8,36353.415,15,Armored Vehicle,Operational,1,1,1.0
53301.83,2,26650.915,17,Radar,Operational,0,0,0.0
0.0,0,0.0,20,Generator,Operational,0,0,0.0
156769.68,6,26128.28,4,Armored Vehicle,Maintenance,0,0,0.0
710999.66,20,35549.983,15,Truck,Operational,1,1,1.0
0.0,0,0.0,15,Drone,Operational,0,0,0.0
48372.9,1,48372.9,17,Radar,Out of Service,0,0,0.0
137863.17,5,27572.634,14,Communication System,Operational,0,0,0.0
301872.03,9,33541.33666666667,6,Truck,Operational,1,1,1.0
69569.63,3,23189.876666666667,7,Truck,Operational,0,0,0.0
223446.96,9,24827.44,18,Missile Launcher,Out of Service,1,1,0.995
126761.56,5,25352.312,10,Communication System,Operational,0,0,0.0
22676.32,1,22676.32,15,Communication System,Operational,0,0,0.0
0.0,0,0.0,2,Tank,Operational,0,0,0.0
463154.75,10,46315.475,16,Communication System,Out of Service,1,1,0.995
30712.95,1,30712.95,6,Tank,Operational,0,0,0.0
312675.53,9,34741.72555555556,8,Generator,Operational,1,1,1.0
390393.16,9,43377.01777777777,12,Armored Vehicle,Operational,1,1,1.0
28748.22,1,28748.22,14,Missile Launcher,Operational,0,0,0.0
280599.42,17,16505.848235294117,21,Drone,Operational,1,1,0.995
311448.73,10,31144.873,5,Communication System,Operational,1,1,1.0
294145.71,10,29414.571000000004,6,Communication System,Operational,1,1,1.0
90170.87,3,30056.956666666665,6,Tank,Operational,0,0,0.0
426516.14,9,47390.68222222223,15,Radar,Operational,1,1,1.0
490813.11,19,25832.26894736842,16,Tank,Operational,1,1,1.0
71468.64,4,17867.16,6,Tank,Maintenance,0,0,0.0
0.0,0,0.0,13,Tank,Operational,0,0,0.0
148925.28,4,37231.32,14,Drone,Operational,0,0,0.0
148518.64,5,29703.728000000003,11,Generator,Operational,0,0,0.0
280516.55,6,46752.75833333333,6,Communication System,Operational,0,0,0.0
60185.6,2,30092.8,2,Generator,Operational,0,0,0.0
72622.16,2,36311.08,17,Armored Vehicle,Operational,0,0,0.0
129934.79,3,43311.596666666665,20,Tank,Out of Service,0,0,0.0
22811.09,1,22811.09,8,Armored Vehicle,Operational,0,0,0.0
88335.08,2,44167.54,1,Drone,Operational,0,0,0.0
443737.11,16,27733.569375,16,Truck,Maintenance,1,1,1.0
113016.89,4,28254.2225,17,Truck,Operational,0,0,0.0
624268.45,16,39016.778125,8,Tank,Maintenance,1,1,1.0
101140.93,3,33713.64333333333,16,Generator,Out of Service,0,0,0.0
93593.96,4,23398.49,8,Generator,Operational,0,0,0.0
296246.83,8,37030.85375,4,Radar,Operational,1,1,1.0
735360.68,17,43256.510588235295,16,Communication System,Operational,1,1,1.0
187971.73,5,37594.346000000005,11,Communication System,Operational,0,0,0.0
532421.28,15,35494.752,1,Truck,Operational,1,1,0.995
46703.55,1,46703.55,19,Missile Launcher,Operational,0,0,0.0
842148.27,19,44323.593157894735,14,Generator,Operational,1,1,1.0
166831.79,8,20853.97375,2,Radar,Operational,1,1,1.0
617650.99,13,47511.61461538461,12,Generator,Operational,1,1,1.0
94567.28,2,47283.64,20,Generator,Operational,0,0,0.0
240160.88,9,26684.542222222222,5,Truck,Operational,1,1,1.0
97849.97,3,32616.656666666662,4,Tank,Operational,0,0,0.0
0.0,0,0.0,4,Truck,Operational,0,0,0.0
18743.32,1,18743.32,14,Drone,Operational,0,0,0.0
258232.55,8,32279.06875,18,Armored Vehicle,Out of Service,1,1,0.995
240622.36,7,34374.62285714286,18,Missile Launcher,Maintenance,0,0,0.005
0.0,0,0.0,21,Drone,Maintenance,0,0,0.0
365110.24,8,45638.78,19,Drone,Out of Service,1,1,1.0
33104.73,2,16552.365,13,Radar,Operational,0,0,0.0
67559.24,4,16889.81,6,Missile Launcher,Operational,0,0,0.0
353026.88,9,39225.20888888889,15,Truck,Operational,1,1,1.0
550629.01,16,34414.313125,15,Communication System,Operational,1,1,1.0
429981.4,16,26873.8375,5,Communication System,Operational,1,1,1.0
50501.95,2,25250.975,12,Generator,Operational,0,0,0.0
45336.72,1,45336.72,15,Tank,Operational,0,0,0.0
998970.89,20,49948.5445,19,Tank,Out of Service,1,1,0.995
63419.07,2,31709.535,5,Generator,Operational,0,0,0.0
412761.59,16,25797.599375,8,Drone,Operational,1,1,1.0
145383.6,4,36345.9,15,Truck,Maintenance,0,0,0.0
980345.61,20,49017.2805,14,Drone,Operational,1,1,1.0
0.0,0,0.0,5,Radar,Operational,0,0,0.0
84753.24,2,42376.62,7,Generator,Operational,0,0,0.0
149924.29,3,49974.763333333336,18,Missile Launcher,Out of Service,0,0,0.0
530261.48,12,44188.456666666665,21,Truck,Operational,1,1,0.99
304336.31,9,33815.14555555556,20,Tank,Maintenance,1,1,1.0
185767.03,6,30961.171666666665,15,Missile Launcher,Maintenance,0,0,0.0
37428.35,2,18714.175,14,Radar,Operational,0,0,0.0
697362.67,14,49811.61928571429,19,Generator,Operational,1,1,1.0
85278.52,5,17055.704,13,Truck,Operational,0,0,0.0
34062.03,1,34062.03,13,Armored Vehicle,Operational,0,0,0.0
255655.62,8,31956.9525,5,Truck,Operational,1,1,1.0
62132.26,4,15533.065,16,Radar,Operational,0,0,0.0
353912.54,17,20818.384705882352,14,Missile Launcher,Maintenance,1,1,1.0
118410.35,3,39470.11666666667,13,Truck,Operational,0,0,0.0
17755.1,1,17755.1,7,Armored Vehicle,Operational,0,0,0.0
87103.39,4,21775.8475,17,Armored Vehicle,Maintenance,0,0,0.0
36265.69,1,36265.69,4,Truck,Operational,0,0,0.0
181018.81,4,45254.7025,4,Tank,Operational,0,0,0.0
0.0,0,0.0,7,Communication System,Operational,0,0,0.0
40890.98,1,40890.98,18,Truck,Operational,0,0,0.0
87257.34,3,29085.78,7,Drone,Out of Service,0,0,0.0
99533.78,2,49766.89,3,Tank,Operational,0,0,0.0
215581.85,6,35930.308333333334,8,Radar,Operational,0,0,0.0
442791.61,16,27674.475625,7,Radar,Maintenance,1,1,1.0
217179.37,5,43435.874,5,Missile Launcher,Operational,0,0,0.0
71796.92,2,35898.46,8,Tank,Operational,0,0,0.0
231364.67,5,46272.934,12,Drone,Operational,0,0,0.0
357301.16,12,29775.096666666665,5,Truck,Operational,1,1,1.0
124947.92,4,31236.98,10,Armored Vehicle,Operational,0,0,0.0
117114.32,6,19519.053333333333,16,Truck,Maintenance,0,0,0.0
56803.78,2,28401.89,7,Tank,Operational,0,0,0.0
595271.54,12,49605.96166666667,7,Radar,Operational,1,1,1.0
22567.42,1,22567.42,16,Tank,Out of Service,0,0,0.0
176650.64,11,16059.149090909092,14,Tank,Operational,1,1,1.0
164015.13,4,41003.7825,19,Communication System,Maintenance,0,0,0.0
129689.32,3,43229.77333333334,3,Generator,Maintenance,0,0,0.0
158063.17,5,31612.634,7,Generator,Operational,0,0,0.0
339222.49,16,21201.405625,5,Drone,Maintenance,1,1,1.0
194274.87,4,48568.7175,5,Generator,Operational,0,0,0.0
27404.57,1,27404.57,16,Missile Launcher,Maintenance,0,0,0.0
25323.98,1,25323.98,7,Radar,Operational,0,0,0.0
186293.07,5,37258.614,11,Communication System,Operational,0,0,0.0
87462.9,2,43731.45,5,Truck,Operational,0,0,0.0
545709.69,14,38979.26357142856,16,Generator,Maintenance,1,1,1.0
540965.67,12,45080.4725,1,Radar,Operational,1,1,1.0
146551.97,3,48850.65666666667,15,Communication System,Operational,0,0,0.0
326487.75,11,29680.704545454544,3,Drone,Operational,1,1,1.0
174499.93,8,21812.49125,15,Radar,Out of Service,1,1,1.0
472666.32,11,42969.66545454546,10,Radar,Operational,1,1,1.0
143425.5,7,20489.35714285714,4,Missile Launcher,Operational,0,0,0.005
140754.81,8,17594.35125,10,Generator,Operational,1,1,0.995
128283.41,5,25656.682,9,Tank,Operational,0,0,0.0
343277.53,20,17163.876500000002,5,Radar,Operational,1,1,0.995
423902.66,15,28260.177333333333,19,Truck,Maintenance,1,1,1.0
196023.37,9,21780.37444444445,21,Tank,Maintenance,1,1,1.0
187326.5,4,46831.625,20,Drone,Operational,0,0,0.0
30184.46,2,15092.23,1,Communication System,Operational,0,0,0.0
254531.65,7,36361.66428571429,20,Armored Vehicle,Maintenance,0,0,0.03
128328.05,3,42776.01666666667,15,Drone,Operational,0,0,0.0
382308.08,18,21239.33777777778,13,Generator,Maintenance,1,1,1.0
302062.97,18,16781.27611111111,10,Generator,Operational,1,1,1.0
238589.19,9,26509.91,2,Truck,Operational,1,1,1.0
371790.7,15,24786.04666666667,6,Radar,Operational,1,1,1.0
178567.26,7,25509.608571428573,14,Armored Vehicle,Operational,0,0,0.005
72062.0,2,36031.0,3,Radar,Maintenance,0,0,0.0
246406.59,9,27378.51,20,Drone,Maintenance,1,1,0.995
71139.27,2,35569.635,6,Generator,Operational,0,0,0.0
623106.74,20,31155.337,1,Communication System,Operational,1,1,1.0
112316.59,4,28079.1475,6,Truck,Operational,0,0,0.0
208861.63,13,16066.27923076923,7,Generator,Operational,1,1,1.0
233205.21,8,29150.65125,19,Armored Vehicle,Out of Service,1,1,0.975
610573.19,13,46967.16846153846,2,Truck,Operational,1,1,1.0
323515.52,7,46216.50285714286,2,Tank,Operational,0,0,0.02
321023.55,9,35669.28333333333,5,Radar,Maintenance,1,1,1.0
212203.86,6,35367.31,18,Communication System,Out of Service,0,0,0.005
435649.4,18,24202.744444444445,8,Armored Vehicle,Operational,1,1,1.0
455632.98,10,45563.298,3,Generator,Operational,1,1,1.0
342149.3,8,42768.6625,20,Truck,Maintenance,1,1,0.99
195421.65,5,39084.33,6,Communication System,Out of Service,0,0,0.0
172994.98,10,17299.498,9,Missile Launcher,Operational,1,1,1.0
48823.15,2,24411.575,13,Radar,Maintenance,0,0,0.0
0.0,0,0.0,18,Communication System,Operational,0,0,0.0
33496.15,2,16748.075,7,Missile Launcher,Operational,0,0,0.0
143508.34,4,35877.085,17,Drone,Maintenance,0,0,0.0
184331.45,4,46082.8625,21,Drone,Operational,0,0,0.0
156563.09,7,22366.155714285716,12,Communication System,Operational,0,0,0.0
89991.1,2,44995.55,9,Armored Vehicle,Maintenance,0,0,0.0
100703.79,4,25175.9475,12,Missile Launcher,Operational,0,0,0.0
87708.08,3,29236.02666666667,5,Generator,Operational,0,0,0.0
901278.7,19,47435.721052631576,7,Truck,Operational,1,1,1.0
128242.72,4,32060.68,14,Armored Vehicle,Operational,0,0,0.0
28755.34,1,28755.34,19,Generator,Maintenance,0,0,0.0
578206.02,12,48183.835,18,Tank,Operational,1,1,1.0
0.0,0,0.0,2,Generator,Out of Service,0,0,0.0
0.0,0,0.0,9,Truck,Operational,0,0,0.0
443572.6,9,49285.84444444444,17,Generator,Operational,1,1,1.0
451877.37,16,28242.335625,13,Drone,Operational,1,1,1.0
120506.22,4,30126.555,7,Armored Vehicle,Operational,0,0,0.0
248095.05,5,49619.01,9,Tank,Operational,0,0,0.0
108777.74,3,36259.246666666666,11,Generator,Operational,0,0,0.0
25663.68,1,25663.68,15,Truck,Operational,0,0,0.0
66428.73,3,22142.91,8,Communication System,Operational,0,0,0.0
107425.97,4,26856.4925,5,Missile Launcher,Out of Service,0,0,0.0
495335.72,19,26070.301052631577,6,Armored Vehicle,Operational,1,1,1.0
185517.06,7,26502.437142857143,2,Armored Vehicle,Operational,0,0,0.02
244104.13,6,40684.02166666667,17,Generator,Maintenance,0,0,0.005
206314.08,7,29473.44,12,Generator,Operational,0,0,0.0
0.0,0,0.0,9,Armored Vehicle,Operational,0,0,0.0
573651.8,19,30192.2,17,Tank,Maintenance,1,1,1.0
141935.84,5,28387.168,14,Generator,Operational,0,0,0.0
0.0,0,0.0,7,Communication System,Operational,0,0,0.0
614486.66,13,47268.20461538462,14,Radar,Operational,1,1,1.0
611299.98,16,38206.24875,15,Communication System,Operational,1,1,1.0
38191.59,2,19095.795,19,Drone,Out of Service,0,0,0.0
96888.93,4,24222.2325,1,Missile Launcher,Operational,0,0,0.0
79854.19,3,26618.06333333333,15,Truck,Operational,0,0,0.0
467102.73,17,27476.631176470582,19,Drone,Operational,1,1,1.0
64469.94,3,21489.98,4,Communication System,Operational,0,0,0.0
140250.66,4,35062.665,18,Communication System,Operational,0,0,0.0
56214.56,3,18738.186666666665,21,Communication System,Operational,0,0,0.0
903363.67,19,47545.45631578947,2,Generator,Operational,1,1,1.0
250411.49,6,41735.24833333333,4,Drone,Operational,0,0,0.0
98437.57,4,24609.3925,16,Tank,Operational,0,0,0.0
27976.23,1,27976.23,9,Missile Launcher,Operational,0,0,0.0
69908.56,4,17477.14,16,Armored Vehicle,Operational,0,0,0.0
311207.55,7,44458.22142857143,16,Missile Launcher,Out of Service,0,0,0.01
45347.5,2,22673.75,2,Generator,Operational,0,0,0.0
259818.15,13,19986.01153846154,5,Missile Launcher,Operational,1,1,0.995
33436.01,2,16718.005,17,Drone,Operational,0,0,0.0
132922.32,7,18988.902857142857,19,Truck,Maintenance,0,0,0.005
207539.82,7,29648.54571428572,7,Drone,Operational,0,0,0.0
83593.85,5,16718.77,1,Generator,Operational,0,0,0.005
301675.49,7,43096.49857142857,16,Missile Launcher,Operational,0,0,0.005
240092.68,8,30011.585,4,Missile Launcher,Operational,1,1,0.995
43385.56,1,43385.56,14,Communication System,Operational,0,0,0.0
820271.86,19,43172.203157894735,16,Armored Vehicle,Operational,1,1,0.995
247936.12,6,41322.68666666667,2,Radar,Operational,0,0,0.0
546362.61,12,45530.2175,11,Generator,Operational,1,1,1.0
0.0,0,0.0,10,Tank,Operational,0,0,0.0
45722.87,1,45722.87,3,Communication System,Operational,0,0,0.0
504135.56,12,42011.29666666667,5,Communication System,Operational,1,1,1.0
131378.77,3,43792.92333333333,1,Generator,Operational,0,0,0.0
0.0,0,0.0,11,Generator,Operational,0,0,0.0
341008.72,14,24357.765714285717,4,Communication System,Maintenance,1,1,1.0
228283.87,5,45656.774,16,Tank,Maintenance,0,0,0.005
212315.47,7,30330.78142857143,21,Armored Vehicle,Operational,0,0,0.015
25066.84,1,25066.84,10,Tank,Operational,0,0,0.0
194706.52,4,48676.63,7,Missile Launcher,Operational,0,0,0.0
0.0,0,0.0,7,Radar,Operational,0,0,0.0
79979.85,3,26659.95,16,Truck,Operational,0,0,0.0
116021.67,6,19336.945,4,Communication System,Operational,0,0,0.0
34773.88,1,34773.88,3,Generator,Operational,0,0,0.0
74899.57,3,24966.52333333333,21,Radar,Operational,0,0,0.0
127944.8,3,42648.26666666667,15,Drone,Operational,0,0,0.0
62287.82,2,31143.91,10,Tank,Operational,0,0,0.0
203859.3,8,25482.4125,18,Missile Launcher,Operational,1,1,0.995
501240.24,15,33416.016,11,Radar,Operational,1,1,1.0
345772.3,8,43221.5375,2,Missile Launcher,Operational,1,1,0.99
332403.48,8,41550.435,5,Armored Vehicle,Operational,1,1,1.0
105228.21,4,26307.0525,15,Tank,Operational,0,0,0.0
17697.81,1,17697.81,6,Communication System,Operational,0,0,0.0
239626.37,8,29953.29625,21,Generator,Operational,1,1,0.955
94495.33,2,47247.665,1,Generator,Operational,0,0,0.0
142938.01,8,17867.25125,1,Armored Vehicle,Operational,1,1,0.99
0.0,0,0.0,10,Radar,Operational,0,0,0.0
109301.99,3,36433.996666666666,14,Tank,Operational,0,0,0.0
49831.86,1,49831.86,20,Radar,Operational,0,0,0.0
202359.51,9,22484.39,9,Generator,Operational,1,1,1.0
126251.57,4,31562.8925,13,Communication System,Operational,0,0,0.0
0.0,0,0.0,12,Truck,Maintenance,0,0,0.0
33267.36,1,33267.36,20,Tank,Operational,0,0,0.0
31557.04,2,15778.52,2,Drone,Maintenance,0,0,0.0
74641.69,2,37320.845,15,Drone,Operational,0,0,0.0
311364.51,9,34596.05666666667,20,Drone,Maintenance,1,1,1.0
120795.66,3,40265.22,16,Tank,Operational,0,0,0.0
222378.81,9,24708.756666666668,7,Truck,Out of Service,1,1,1.0
179846.8,4,44961.7,9,Truck,Maintenance,0,0,0.0
73431.49,2,36715.745,11,Radar,Operational,0,0,0.0
189249.42,9,21027.713333333333,6,Missile Launcher,Operational,1,1,1.0
201427.31,9,22380.812222222223,21,Radar,Operational,1,1,1.0
526719.46,14,37622.81857142857,17,Radar,Maintenance,1,1,1.0
248745.23,12,20728.76916666667,9,Missile Launcher,Operational,1,1,1.0
397825.46,17,23401.497647058823,2,Communication System,Operational,1,1,1.0
492061.24,19,25897.96,17,Communication System,Maintenance,1,1,1.0
166272.01,8,20784.00125,11,Armored Vehicle,Operational,1,1,1.0
63621.05,3,21207.016666666663,19,Truck,Out of Service,0,0,0.0
121900.86,4,30475.215,7,Truck,Operational,0,0,0.005
272020.84,8,34002.605,6,Drone,Operational,1,1,1.0
27606.27,1,27606.27,7,Armored Vehicle,Operational,0,0,0.0
542088.27,13,41699.097692307696,15,Truck,Operational,1,1,1.0
111090.05,3,37030.01666666667,8,Tank,Operational,0,0,0.0
90860.45,3,30286.816666666666,20,Communication System,Out of Service,0,0,0.0
592726.64,20,29636.332,7,Communication System,Operational,1,1,1.0
120875.26,4,30218.815,13,Tank,Operational,0,0,0.0
519782.6,11,47252.96363636363,9,Drone,Maintenance,1,1,1.0
375918.62,18,20884.367777777778,7,Communication System,Operational,1,1,1.0
133741.16,3,44580.386666666665,12,Tank,Operational,0,0,0.0
32852.45,1,32852.45,14,Communication System,Operational,0,0,0.0
452182.1,12,37681.84166666667,6,Tank,Operational,1,1,1.0
147947.6,4,36986.9,4,Generator,Operational,0,0,0.0
258257.58,12,21521.465,7,Truck,Operational,1,1,1.0
357754.05,8,44719.25625,10,Tank,Operational,1,1,1.0
253135.74,11,23012.34,13,Truck,Operational,1,1,1.0
93604.93,3,31201.64333333333,21,Truck,Operational,0,0,0.0
49227.02,2,24613.51,9,Tank,Operational,0,0,0.0
132875.66,6,22145.943333333333,16,Generator,Operational,0,0,0.0
244931.17,9,27214.574444444446,4,Tank,Operational,1,1,0.99
169383.16,7,24197.594285714287,6,Generator,Operational,0,0,0.0
158360.83,4,39590.2075,2,Drone,Out of Service,0,0,0.0
297497.96,14,21249.85428571429,9,Communication System,Operational,1,1,1.0
65176.85,2,32588.425,15,Missile Launcher,Maintenance,0,0,0.0
69276.28,3,23092.09333333333,9,Radar,Operational,0,0,0.0
0.0,0,0.0,1,Missile Launcher,Operational,0,0,0.0
188060.25,7,26865.75,15,Drone,Operational,0,0,0.01
484740.29,18,26930.01611111111,10,Missile Launcher,Operational,1,1,1.0
66182.22,4,16545.555,19,Communication System,Maintenance,0,0,0.0
560529.7,14,40037.83571428571,8,Tank,Operational,1,1,1.0
44918.04,2,22459.02,4,Radar,Operational,0,0,0.0
355676.6,8,44459.575,14,Communication System,Operational,1,1,1.0
166566.19,4,41641.5475,13,Drone,Maintenance,0,0,0.0
187182.58,5,37436.516,1,Communication System,Operational,0,0,0.0
186853.32,12,15571.11,12,Armored Vehicle,Operational,1,1,0.995
79898.72,5,15979.744,2,Generator,Operational,0,0,0.005
20002.19,1,20002.19,19,Radar,Operational,0,0,0.0
419748.43,11,38158.94818181818,21,Communication System,Out of Service,1,1,1.0
173556.87,8,21694.60875,14,Truck,Operational,1,1,1.0
132431.7,3,44143.9,13,Missile Launcher,Maintenance,0,0,0.0
483266.61,11,43933.32818181818,10,Communication System,Operational,1,1,1.0
315922.57,16,19745.160625,18,Radar,Operational,1,1,1.0
243160.96,8,30395.12,2,Drone,Operational,1,1,0.995
262135.6,14,18723.97142857143,4,Drone,Operational,1,1,1.0
226110.62,5,45222.124,15,Drone,Operational,0,0,0.0
77410.66,4,19352.665,20,Tank,Operational,0,0,0.0
193568.31,9,21507.59,1,Tank,Operational,1,1,0.995
0.0,0,0.0,2,Drone,Operational,0,0,0.0
21100.56,1,21100.56,4,Armored Vehicle,Operational,0,0,0.0
149846.68,3,49948.89333333333,21,Truck,Maintenance,0,0,0.0
118696.27,3,39565.42333333333,5,Generator,Operational,0,0,0.0
0.0,0,0.0,13,Missile Launcher,Operational,0,0,0.0
0.0,0,0.0,10,Missile Launcher,Out of Service,0,0,0.0
170147.57,6,28357.928333333333,11,Truck,Operational,0,0,0.0
172517.58,7,24645.36857142857,16,Truck,Operational,0,0,0.005
122130.03,4,30532.5075,5,Armored Vehicle,Operational,0,0,0.0
205362.11,9,22818.01222222222,10,Communication System,Operational,1,1,1.0
134396.0,5,26879.2,10,Communication System,Operational,0,0,0.0
0.0,0,0.0,4,Missile Launcher,Operational,0,0,0.0
592285.54,16,37017.84625,2,Communication System,Maintenance,1,1,1.0
824993.58,17,48529.034117647054,12,Communication System,Operational,1,1,1.0
61385.32,3,20461.77333333333,6,Truck,Operational,0,0,0.0
294108.51,8,36763.56375,1,Radar,Out of Service,1,1,0.96
0.0,0,0.0,20,Armored Vehicle,Maintenance,0,0,0.0
0.0,0,0.0,10,Missile Launcher,Operational,0,0,0.0
51040.74,2,25520.37,7,Communication System,Operational,0,0,0.0
91907.03,4,22976.7575,11,Generator,Operational,0,0,0.0
103362.06,5,20672.412,9,Armored Vehicle,Maintenance,0,0,0.0
655050.92,20,32752.546,19,Missile Launcher,Maintenance,1,1,1.0
454674.68,13,34974.97538461538,10,Drone,Operational,1,1,1.0
60763.19,3,20254.396666666667,21,Generator,Operational,0,0,0.0
344336.16,8,43042.02,17,Armored Vehicle,Operational,1,1,0.995
181208.34,11,16473.485454545455,6,Drone,Operational,1,1,1.0
135293.0,5,27058.6,2,Armored Vehicle,Maintenance,0,0,0.0
0.0,0,0.0,5,Truck,Operational,0,0,0.0
922090.25,20,46104.5125,9,Drone,Operational,1,1,1.0
220592.34,6,36765.39,21,Tank,Operational,0,0,0.0
103874.5,5,20774.9,14,Radar,Operational,0,0,0.0
434011.26,13,33385.481538461536,4,Drone,Operational,1,1,1.0
22033.71,1,22033.71,16,Missile Launcher,Operational,0,0,0.0
443095.31,13,34084.25461538461,3,Radar,Operational,1,1,1.0
268458.94,14,19175.63857142857,20,Armored Vehicle,Operational,1,1,0.995
36794.72,2,18397.36,16,Generator,Operational,0,0,0.0
371170.48,9,41241.16444444444,16,Missile Launcher,Maintenance,1,1,1.0
98320.57,4,24580.1425,11,Armored Vehicle,Operational,0,0,0.0
96959.74,3,32319.91333333333,7,Communication System,Operational,0,0,0.0
151301.52,7,21614.502857142856,6,Generator,Out of Service,0,0,0.01
177064.89,6,29510.815,19,Armored Vehicle,Operational,0,0,0.0
105340.06,5,21068.012,12,Armored Vehicle,Operational,0,0,0.0
97515.54,6,16252.589999999998,9,Drone,Operational,0,0,0.0
191322.9,4,47830.725,11,Missile Launcher,Operational,0,0,0.0
90780.31,2,45390.155,3,Radar,Operational,0,0,0.0
146259.6,4,36564.9,6,Tank,Operational,0,0,0.0
785676.43,16,49104.776875,13,Truck,Operational,1,1,1.0
184063.09,9,20451.454444444444,12,Truck,Operational,1,1,1.0
361002.4,8,45125.3,16,Drone,Maintenance,1,1,1.0
198665.41,4,49666.3525,11,Communication System,Operational,0,0,0.0
548834.46,19,28886.024210526317,21,Communication System,Maintenance,1,1,1.0
193283.02,5,38656.604,2,Missile Launcher,Maintenance,0,0,0.0
33724.22,2,16862.11,15,Generator,Maintenance,0,0,0.0
230853.74,6,38475.62333333333,12,Communication System,Operational,0,0,0.0
181101.42,5,36220.284,2,Radar,Operational,0,0,0.0
0.0,0,0.0,9,Generator,Out of Service,0,0,0.0
120898.21,6,20149.701666666668,1,Drone,Operational,0,0,0.0
0.0,0,0.0,2,Missile Launcher,Out of Service,0,0,0.0
0.0,0,0.0,12,Drone,Operational,0,0,0.0
209454.46,5,41890.892,6,Communication System,Operational,0,0,0.0
559015.62,19,29421.874736842103,2,Armored Vehicle,Operational,1,1,1.0
22024.65,1,22024.65,20,Drone,Operational,0,0,0.0
91568.9,3,30522.966666666664,13,Truck,Operational,0,0,0.0
0.0,0,0.0,13,Missile Launcher,Operational,0,0,0.0
0.0,0,0.0,6,Tank,Maintenance,0,0,0.0
807176.7,17,47480.98235294117,9,Radar,Maintenance,1,1,1.0
168796.17,4,42199.0425,5,Communication System,Operational,0,0,0.0
60296.19,2,30148.095,20,Missile Launcher,Operational,0,0,0.0
69928.46,3,23309.486666666668,14,Tank,Operational,0,0,0.0
324380.17,7,46340.02428571428,18,Missile Launcher,Maintenance,0,0,0.025
97361.92,2,48680.96,9,Communication System,Operational,0,0,0.0
364053.14,15,24270.209333333336,16,Communication System,Operational,1,1,1.0
457094.55,20,22854.7275,14,Armored Vehicle,Operational,1,1,1.0
68241.98,3,22747.326666666664,10,Tank,Operational,0,0,0.0
197961.32,6,32993.55333333334,4,Missile Launcher,Operational,0,0,0.0
323628.54,7,46232.648571428566,20,Generator,Operational,0,0,0.01
0.0,0,0.0,16,Generator,Operational,0,0,0.0
274141.06,8,34267.6325,5,Armored Vehicle,Operational,1,1,1.0
79915.26,4,19978.815,18,Drone,Operational,0,0,0.0
56500.29,2,28250.145,21,Drone,Maintenance,0,0,0.0
196083.78,7,28011.96857142857,16,Armored Vehicle,Operational,0,0,0.0
288524.99,15,19234.999333333333,5,Truck,Operational,1,1,1.0
133892.65,3,44630.88333333333,21,Missile Launcher,Operational,0,0,0.0
0.0,0,0.0,6,Truck,Operational,0,0,0.0
0.0,0,0.0,21,Communication System,Maintenance,0,0,0.0
245741.53,6,40956.92166666667,5,Generator,Out of Service,0,0,0.01
21530.38,1,21530.38,6,Truck,Operational,0,0,0.0
0.0,0,0.0,5,Truck,Operational,0,0,0.0
278283.1,7,39754.72857142857,7,Missile Launcher,Operational,0,0,0.0
611405.88,17,35965.05176470588,15,Drone,Maintenance,1,1,1.0
246842.93,7,35263.275714285715,15,Armored Vehicle,Operational,0,0,0.01
482981.82,12,40248.485,2,Generator,Operational,1,1,1.0
124719.15,5,24943.83,21,Radar,Operational,0,0,0.005
73607.75,2,36803.875,10,Communication System,Out of Service,0,0,0.0
72145.82,4,18036.455,13,Radar,Maintenance,0,0,0.0
51074.2,2,25537.1,4,Truck,Maintenance,0,0,0.0
69015.62,4,17253.905,19,Radar,Out of Service,0,0,0.0
96270.17,2,48135.085,19,Drone,Out of Service,0,0,0.0
167955.69,4,41988.9225,11,Armored Vehicle,Maintenance,0,0,0.0
102623.88,4,25655.97,4,Armored Vehicle,Operational,0,0,0.0
239823.59,5,47964.718,20,Generator,Operational,0,0,0.0
0.0,0,0.0,12,Armored Vehicle,Operational,0,0,0.0
189091.0,4,47272.75,21,Radar,Operational,0,0,0.005
228981.98,7,32711.71142857143,13,Truck,Operational,0,0,0.005
167035.08,8,20879.385,15,Truck,Maintenance,1,1,0.995
100677.37,3,33559.12333333333,10,Armored Vehicle,Operational,0,0,0.0
164569.23,5,32913.846000000005,20,Tank,Operational,0,0,0.0
289622.58,17,17036.622352941176,2,Tank,Operational,1,1,0.995
132955.81,6,22159.301666666663,2,Missile Launcher,Operational,0,0,0.0
302126.6,9,33569.62222222222,17,Communication System,Operational,1,1,1.0
387695.09,9,43077.23222222223,6,Truck,Operational,1,1,1.0
197506.28,5,39501.256,20,Communication System,Operational,0,0,0.0
724875.54,15,48325.036,2,Armored Vehicle,Operational,1,1,1.0
149607.93,4,37401.9825,10,Tank,Operational,0,0,0.0
276181.25,8,34522.65625,7,Tank,Operational,1,1,1.0
86692.28,3,28897.426666666663,4,Radar,Operational,0,0,0.0
39370.88,2,19685.44,19,Radar,Operational,0,0,0.0
30721.04,1,30721.04,3,Truck,Operational,0,0,0.0
191137.91,5,38227.582,1,Truck,Operational,0,0,0.0
163552.01,7,23364.57285714286,6,Generator,Operational,0,0,0.005
182006.9,5,36401.38,19,Drone,Operational,0,0,0.0
83373.96,2,41686.98,6,Drone,Operational,0,0,0.0
364903.41,16,22806.463125,15,Tank,Operational,1,1,1.0
91472.77,3,30490.923333333336,3,Drone,Operational,0,0,0.0
240824.21,6,40137.36833333333,10,Armored Vehicle,Operational,0,0,0.0
47160.2,1,47160.2,13,Missile Launcher,Operational,0,0,0.0
301022.44,9,33446.93777777778,12,Generator,Operational,1,1,0.995
25814.88,1,25814.88,6,Tank,Operational,0,0,0.0
418069.31,10,41806.931,9,Drone,Operational,1,1,1.0
189294.39,5,37858.878,2,Communication System,Operational,0,0,0.0
130304.86,4,32576.215,3,Drone,Operational,0,0,0.0
144371.1,4,36092.775,6,Missile Launcher,Operational,0,0,0.0
34545.28,1,34545.28,14,Tank,Operational,0,0,0.0
322981.85,7,46140.264285714286,10,Generator,Operational,0,0,0.0
0.0,0,0.0,7,Drone,Operational,0,0,0.0
58650.27,2,29325.135,18,Missile Launcher,Out of Service,0,0,0.0
114762.64,5,22952.528,12,Missile Launcher,Operational,0,0,0.0
211354.62,7,30193.51714285714,9,Armored Vehicle,Operational,0,0,0.0
140153.71,7,20021.95857142857,18,Armored Vehicle,Operational,0,0,0.0
26161.02,1,26161.02,14,Missile Launcher,Operational,0,0,0.0
604427.89,20,30221.3945,15,Generator,Operational,1,1,1.0
934178.92,20,46708.946,21,Communication System,Operational,1,1,1.0
302799.87,9,33644.43,2,Armored Vehicle,Operational,1,1,1.0
0.0,0,0.0,1,Radar,Operational,0,0,0.0
673087.69,15,44872.51266666666,7,Communication System,Operational,1,1,1.0
32287.94,1,32287.94,1,Communication System,Operational,0,0,0.0
123805.32,4,30951.33,13,Radar,Maintenance,0,0,0.0
56097.11,2,28048.555,16,Communication System,Out of Service,0,0,0.0
267136.35,9,29681.816666666666,1,Armored Vehicle,Operational,1,1,1.0
169776.48,7,24253.782857142854,7,Generator,Operational,0,0,0.0
91847.82,2,45923.91,7,Armored Vehicle,Operational,0,0,0.0
185919.84,12,15493.32,9,Tank,Operational,1,1,1.0
0.0,0,0.0,19,Communication System,Operational,0,0,0.0
256403.91,7,36629.13,21,Drone,Out of Service,0,0,0.025
83793.0,5,16758.6,1,Truck,Maintenance,0,0,0.005
27778.48,1,27778.48,9,Truck,Operational,0,0,0.0
224198.7,9,24910.966666666667,21,Missile Launcher,Operational,1,1,1.0
149602.32,4,37400.58,19,Missile Launcher,Operational,0,0,0.0
0.0,0,0.0,19,Drone,Operational,0,0,0.0
342981.56,9,38109.06222222222,1,Missile Launcher,Operational,1,1,0.99
0.0,0,0.0,11,Radar,Operational,0,0,0.0
15055.98,1,15055.98,17,Missile Launcher,Maintenance,0,0,0.005
311436.5,9,34604.055555555555,20,Drone,Maintenance,1,1,1.0
172085.53,10,17208.553,3,Missile Launcher,Operational,1,1,1.0
86918.47,4,21729.6175,15,Missile Launcher,Operational,0,0,0.0
222204.43,5,44440.886,20,Communication System,Maintenance,0,0,0.0
884475.71,19,46551.35315789474,6,Tank,Operational,1,1,1.0
54544.51,3,18181.50333333333,20,Drone,Maintenance,0,0,0.0
442589.07,9,49176.56333333333,11,Radar,Out of Service,1,1,1.0
666158.46,20,33307.922999999995,8,Truck,Operational,1,1,1.0
317983.21,8,39747.90125,21,Armored Vehicle,Operational,1,1,0.99
331763.02,7,47394.717142857146,12,Drone,Operational,0,0,0.0
72407.57,2,36203.785,3,Radar,Maintenance,0,0,0.0
38070.69,2,19035.345,17,Missile Launcher,Out of Service,0,0,0.0
56140.24,3,18713.41333333333,17,Tank,Operational,0,0,0.0
377939.87,14,26995.705,17,Drone,Operational,1,1,1.0
338702.58,8,42337.8225,20,Communication System,Operational,1,1,0.995
106746.93,4,26686.7325,20,Generator,Operational,0,0,0.0
0.0,0,0.0,11,Missile Launcher,Maintenance,0,0,0.0
144214.56,4,36053.64,14,Communication System,Operational,0,0,0.0
0.0,0,0.0,17,Radar,Out of Service,0,0,0.0
537676.21,14,38405.44357142857,11,Missile Launcher,Operational,1,1,1.0
46030.85,2,23015.425,16,Generator,Operational,0,0,0.0
33472.31,2,16736.155,6,Armored Vehicle,Operational,0,0,0.0
172145.02,4,43036.255,20,Generator,Operational,0,0,0.0
92596.86,4,23149.215,20,Tank,Operational,0,0,0.0
186109.79,4,46527.4475,20,Tank,Operational,0,0,0.0
381693.66,8,47711.7075,4,Missile Launcher,Operational,1,1,0.99
22601.79,1,22601.79,9,Missile Launcher,Operational,0,0,0.0
153824.46,4,38456.115,1,Armored Vehicle,Operational,0,0,0.0
0.0,0,0.0,10,Truck,Operational,0,0,0.0
288936.19,6,48156.03166666667,15,Communication System,Operational,0,0,0.0
59300.95,2,29650.475,15,Missile Launcher,Operational,0,0,0.0
92641.08,2,46320.54,20,Tank,Operational,0,0,0.0
119179.81,4,29794.9525,3,Missile Launcher,Operational,0,0,0.0
58825.79,3,19608.596666666668,6,Generator,Operational,0,0,0.0
275468.18,6,45911.363333333335,18,Armored Vehicle,Operational,0,0,0.0
56175.27,3,18725.09,21,Radar,Operational,0,0,0.0
252213.82,7,36030.54571428571,12,Communication System,Operational,0,0,0.015
239775.7,7,34253.67142857143,21,Truck,Operational,0,0,0.02
140614.89,3,46871.630000000005,14,Missile Launcher,Operational,0,0,0.0
344209.78,16,21513.11125,18,Truck,Maintenance,1,1,1.0
174415.06,4,43603.765,19,Generator,Operational,0,0,0.0
234247.71,6,39041.285,2,Communication System,Maintenance,0,0,0.0
366589.17,8,45823.64625,5,Truck,Operational,1,1,1.0
722211.25,15,48147.41666666666,2,Truck,Operational,1,1,1.0
83602.61,2,41801.305,19,Truck,Operational,0,0,0.0
208194.11,8,26024.26375,10,Armored Vehicle,Operational,1,1,0.99
0.0,0,0.0,12,Communication System,Operational,0,0,0.0
58325.18,3,19441.726666666666,17,Missile Launcher,Maintenance,0,0,0.0
318071.69,7,45438.81285714286,11,Armored Vehicle,Operational,0,0,0.0
256168.12,6,42694.68666666667,15,Tank,Operational,0,0,0.0
87193.61,2,43596.805,8,Generator,Operational,0,0,0.0
195602.56,4,48900.64,3,Drone,Operational,0,0,0.0
141759.98,6,23626.66333333333,12,Missile Launcher,Operational,0,0,0.005
265481.19,7,37925.88428571429,7,Truck,Operational,0,0,0.005
127329.17,3,42443.05666666666,18,Missile Launcher,Out of Service,0,0,0.0
247881.39,7,35411.62714285714,13,Generator,Operational,0,0,0.02
0.0,0,0.0,1,Communication System,Operational,0,0,0.0
138863.37,3,46287.79,7,Communication System,Operational,0,0,0.0
82628.09,4,20657.0225,15,Drone,Operational,0,0,0.0
133782.73,4,33445.6825,10,Radar,Operational,0,0,0.0
130979.07,8,16372.38375,15,Generator,Operational,1,1,1.0
60168.51,4,15042.1275,4,Armored Vehicle,Operational,0,0,0.005
22339.89,1,22339.89,4,Communication System,Operational,0,0,0.0
540624.54,12,45052.045000000006,16,Radar,Maintenance,1,1,1.0
575934.26,12,47994.52166666667,17,Generator,Operational,1,1,1.0
237394.47,8,29674.30875,4,Missile Launcher,Operational,1,1,1.0
34674.49,2,17337.245,21,Communication System,Maintenance,0,0,0.01
140315.64,4,35078.91,9,Tank,Out of Service,0,0,0.005
402899.56,20,20144.978,4,Truck,Operational,1,1,1.0
75811.33,4,18952.8325,6,Generator,Out of Service,0,0,0.0
392094.35,9,43566.038888888885,17,Truck,Operational,1,1,1.0
36576.58,2,18288.29,20,Tank,Operational,0,0,0.005
50062.33,2,25031.165,8,Armored Vehicle,Operational,0,0,0.0
502718.51,18,27928.806111111116,9,Generator,Operational,1,1,1.0
0.0,0,0.0,7,Tank,Operational,0,0,0.0
175524.67,4,43881.1675,6,Generator,Operational,0,0,0.0
127658.32,6,21276.38666666667,21,Drone,Maintenance,0,0,0.01
214566.73,7,30652.390000000003,4,Drone,Operational,0,0,0.0
140575.22,8,17571.9025,9,Missile Launcher,Maintenance,1,1,0.955
125311.19,6,20885.198333333334,21,Drone,Operational,0,0,0.005
277278.13,9,30808.681111111116,14,Missile Launcher,Maintenance,1,1,1.0
97384.28,3,32461.426666666663,15,Armored Vehicle,Operational,0,0,0.0
0.0,0,0.0,15,Missile Launcher,Maintenance,0,0,0.0
35051.61,2,17525.805,14,Armored Vehicle,Operational,0,0,0.0
835307.04,18,46405.94666666667,15,Radar,Maintenance,1,1,1.0
381439.96,9,42382.21777777778,15,Truck,Operational,1,1,1.0
332684.92,8,41585.615,11,Communication System,Operational,1,1,0.995
524956.34,13,40381.25692307692,16,Missile Launcher,Maintenance,1,1,1.0
110761.99,4,27690.4975,12,Communication System,Operational,0,0,0.0
623924.26,15,41594.95066666666,19,Tank,Operational,1,1,1.0
15281.41,1,15281.41,13,Communication System,Operational,0,0,0.0
0.0,0,0.0,2,Tank,Maintenance,0,0,0.0
641198.68,17,37717.56941176471,8,Truck,Operational,1,1,1.0
225964.32,8,28245.54,15,Radar,Maintenance,1,1,0.995
97027.37,3,32342.456666666665,13,Truck,Operational,0,0,0.0
364146.11,8,45518.26375,2,Missile Launcher,Operational,1,1,0.995
188669.56,6,31444.926666666663,3,Radar,Operational,0,0,0.0
285999.21,6,47666.535,5,Radar,Operational,0,0,0.0
262664.05,6,43777.34166666667,18,Radar,Operational,0,0,0.005
35142.04,1,35142.04,6,Armored Vehicle,Operational,0,0,0.0
127081.69,5,25416.338,19,Communication System,Operational,0,0,0.0
346975.09,8,43371.88625,14,Armored Vehicle,Operational,1,1,0.99
202665.73,6,33777.621666666666,5,Radar,Maintenance,0,0,0.0
39054.48,2,19527.24,8,Armored Vehicle,Operational,0,0,0.0
77298.19,4,19324.5475,9,Missile Launcher,Operational,0,0,0.0
119739.83,5,23947.966,11,Drone,Operational,0,0,0.0
562746.19,12,46895.51583333333,14,Generator,Operational,1,1,1.0
239548.79,9,26616.532222222224,16,Communication System,Operational,1,1,1.0
83974.82,5,16794.964,16,Radar,Out of Service,0,0,0.0
40507.02,2,20253.51,2,Tank,Operational,0,0,0.0
99585.57,2,49792.785,13,Truck,Operational,0,0,0.0
334339.39,20,16716.9695,8,Drone,Operational,1,1,1.0
513661.63,11,46696.51181818182,17,Generator,Operational,1,1,1.0
124835.23,4,31208.8075,7,Missile Launcher,Maintenance,0,0,0.0
349494.58,7,49927.79714285715,2,Drone,Operational,0,0,0.015
49070.39,3,16356.796666666669,6,Tank,Operational,0,0,0.0
330344.68,8,41293.085,11,Missile Launcher,Operational,1,1,0.995
0.0,0,0.0,10,Drone,Operational,0,0,0.0
587085.04,14,41934.64571428572,13,Tank,Operational,1,1,1.0
403970.55,9,44885.61666666667,18,Truck,Out of Service,1,1,1.0
251477.97,13,19344.45923076923,5,Truck,Operational,1,1,1.0
226165.2,7,32309.31428571429,8,Tank,Operational,0,0,0.0
110421.29,3,36807.096666666665,1,Armored Vehicle,Operational,0,0,0.0
89644.62,5,17928.924,14,Tank,Operational,0,0,0.0
134496.03,8,16812.00375,11,Tank,Operational,1,1,0.985
93254.96,3,31084.986666666668,9,Truck,Operational,0,0,0.0
99327.11,2,49663.555,10,Missile Launcher,Operational,0,0,0.0
371109.19,8,46388.64875,9,Tank,Operational,1,1,1.0
143735.69,3,47911.89666666667,15,Armored Vehicle,Operational,0,0,0.0
70165.91,2,35082.955,12,Truck,Operational,0,0,0.0
106708.42,3,35569.473333333335,7,Radar,Maintenance,0,0,0.0
63161.25,2,31580.625,7,Missile Launcher,Maintenance,0,0,0.0
110077.86,6,18346.31,1,Generator,Operational,0,0,0.0
362935.31,13,27918.10076923077,10,Radar,Maintenance,1,1,1.0
62112.0,4,15528.0,3,Generator,Operational,0,0,0.0
15870.01,1,15870.01,19,Generator,Operational,0,0,0.0
241686.8,8,30210.85,14,Tank,Operational,1,1,0.995
436180.67,9,48464.51888888889,8,Missile Launcher,Operational,1,1,1.0
385788.33,17,22693.43117647059,17,Armored Vehicle,Maintenance,1,1,1.0
606214.85,14,43301.06071428571,1,Truck,Operational,1,1,1.0
83684.87,3,27894.956666666665,7,Armored Vehicle,Operational,0,0,0.0
451399.56,20,22569.978,7,Radar,Operational,1,1,1.0
94348.0,5,18869.6,6,Missile Launcher,Operational,0,0,0.0
145702.33,9,16189.147777777776,18,Armored Vehicle,Operational,1,1,0.995
148127.37,7,21161.05285714285,18,Communication System,Operational,0,0,0.005
15612.11,1,15612.11,11,Radar,Operational,0,0,0.0
517373.93,19,27230.206842105265,21,Armored Vehicle,Operational,1,1,1.0
100181.51,3,33393.83666666666,20,Communication System,Maintenance,0,0,0.0
0.0,0,0.0,15,Truck,Operational,0,0,0.0
0.0,0,0.0,3,Armored Vehicle,Operational,0,0,0.0
81967.14,3,27322.38,13,Communication System,Operational,0,0,0.0
289902.29,17,17053.07588235294,3,Missile Launcher,Operational,1,1,1.0
565505.92,12,47125.49333333334,5,Radar,Operational,1,1,1.0
332841.53,10,33284.153000000006,1,Generator,Out of Service,1,1,0.995
58933.01,2,29466.505,5,Drone,Operational,0,0,0.0
179740.25,9,19971.13888888889,11,Tank,Operational,1,1,1.0
324171.49,8,40521.43625,15,Truck,Maintenance,1,1,1.0
336670.47,8,42083.80875,11,Communication System,Operational,1,1,0.99
99332.17,4,24833.0425,3,Drone,Maintenance,0,0,0.0
81894.89,4,20473.7225,9,Tank,Operational,0,0,0.0
153390.18,6,25565.03,16,Armored Vehicle,Maintenance,0,0,0.01
121494.59,3,40498.19666666666,11,Drone,Operational,0,0,0.0
146483.13,3,48827.71,9,Radar,Operational,0,0,0.0
177457.44,6,29576.24,16,Truck,Maintenance,0,0,0.0
24381.17,1,24381.17,6,Communication System,Operational,0,0,0.0
192342.97,4,48085.7425,2,Truck,Operational,0,0,0.0
118431.0,3,39477.0,8,Drone,Operational,0,0,0.0
269048.13,8,33631.01625,19,Drone,Maintenance,1,1,1.0
33661.06,2,16830.53,21,Radar,Maintenance,0,0,0.0
796438.99,19,41917.841578947366,16,Radar,Maintenance,1,1,1.0
100549.8,3,33516.6,11,Radar,Operational,0,0,0.0
435386.05,12,36282.17083333333,6,Armored Vehicle,Operational,1,1,1.0
123284.27,8,15410.53375,19,Drone,Maintenance,1,1,0.965
490408.93,14,35029.209285714285,11,Radar,Maintenance,1,1,1.0
798714.09,19,42037.58368421053,9,Missile Launcher,Operational,1,1,1.0
0.0,0,0.0,18,Tank,Operational,0,0,0.0
82211.16,2,41105.58,21,Tank,Operational,0,0,0.0
0.0,0,0.0,2,Generator,Operational,0,0,0.0
173347.39,5,34669.478,21,Truck,Operational,0,0,0.0
167537.74,9,18615.30444444444,21,Radar,Out of Service,1,1,0.99
379691.51,13,29207.03923076923,8,Tank,Operational,1,1,1.0
600066.6,13,46158.96923076923,21,Communication System,Maintenance,1,1,1.0
50296.53,3,16765.51,11,Armored Vehicle,Operational,0,0,0.0
187169.55,4,46792.3875,2,Truck,Out of Service,0,0,0.0
212024.25,5,42404.85,1,Truck,Operational,0,0,0.0
118535.16,5,23707.032,13,Armored Vehicle,Operational,0,0,0.0
74991.36,2,37495.68,18,Tank,Operational,0,0,0.0
128024.48,4,32006.12,20,Radar,Out of Service,0,0,0.0
164927.15,6,27487.858333333334,4,Communication System,Operational,0,0,0.005
314625.59,7,44946.51285714286,14,Armored Vehicle,Operational,0,0,0.005
181059.62,4,45264.905,17,Missile Launcher,Operational,0,0,0.0
103400.64,3,34466.88,16,Missile Launcher,Maintenance,0,0,0.0
0.0,0,0.0,3,Radar,Operational,0,0,0.0
81011.33,5,16202.266,5,Drone,Operational,0,0,0.0
296626.03,7,42375.147142857146,6,Drone,Operational,0,0,0.01
0.0,0,0.0,21,Generator,Operational,0,0,0.0
25952.44,1,25952.44,10,Truck,Operational,0,0,0.0
487211.84,13,37477.83384615385,6,Tank,Out of Service,1,1,1.0
176130.21,8,22016.27625,8,Generator,Operational,1,1,0.99
852877.23,20,42643.8615,6,Generator,Operational,1,1,1.0
127084.26,3,42361.42,15,Armored Vehicle,Operational,0,0,0.0
0.0,0,0.0,15,Radar,Maintenance,0,0,0.0
155527.89,4,38881.9725,21,Tank,Operational,0,0,0.0
0.0,0,0.0,20,Armored Vehicle,Operational,0,0,0.0
24613.59,1,24613.59,11,Truck,Out of Service,0,0,0.0
197230.68,7,28175.81142857143,18,Missile Launcher,Maintenance,0,0,0.005
64812.94,4,16203.235,1,Drone,Operational,0,0,0.0
152174.8,8,19021.85,14,Armored Vehicle,Operational,1,1,1.0
264333.8,9,29370.42222222222,21,Generator,Maintenance,1,1,0.995
74096.88,3,24698.960000000003,5,Communication System,Operational,0,0,0.0
183209.65,5,36641.93,12,Generator,Maintenance,0,0,0.0
70713.97,4,17678.4925,20,Radar,Out of Service,0,0,0.0
110980.37,3,36993.456666666665,17,Truck,Out of Service,0,0,0.0
0.0,0,0.0,10,Tank,Operational,0,0,0.0
107138.56,7,15305.50857142857,10,Missile Launcher,Operational,0,0,0.0
304853.58,7,43550.51142857143,12,Missile Launcher,Operational,0,0,0.005
0.0,0,0.0,17,Radar,Maintenance,0,0,0.0
199679.6,5,39935.92,16,Missile Launcher,Operational,0,0,0.0
46873.18,1,46873.18,12,Tank,Operational,0,0,0.0
29615.97,1,29615.97,7,Tank,Operational,0,0,0.0
34702.44,2,17351.22,5,Drone,Operational,0,0,0.0
256828.24,17,15107.543529411763,4,Communication System,Operational,1,1,1.0
95640.45,5,19128.09,19,Missile Launcher,Operational,0,0,0.0
81079.38,3,27026.460000000003,7,Tank,Out of Service,0,0,0.0
222414.91,6,37069.151666666665,18,Drone,Operational,0,0,0.0
175725.45,8,21965.68125,20,Communication System,Operational,1,1,0.99
398881.33,14,28491.523571428574,12,Generator,Maintenance,1,1,1.0
192011.85,4,48002.9625,10,Generator,Operational,0,0,0.0
30023.17,2,15011.585,21,Truck,Operational,0,0,0.02
73717.23,3,24572.41,18,Truck,Out of Service,0,0,0.0
252323.32,6,42053.886666666665,13,Communication System,Operational,0,0,0.0
218335.76,5,43667.152,14,Communication System,Operational,0,0,0.0
167291.06,6,27881.84333333333,11,Communication System,Operational,0,0,0.005
215626.59,8,26953.32375,13,Truck,Operational,1,1,0.99
223228.9,10,22322.89,9,Communication System,Operational,1,1,1.0
0.0,0,0.0,15,Missile Launcher,Operational,0,0,0.0
0.0,0,0.0,9,Generator,Operational,0,0,0.0
128972.52,4,32243.13,5,Armored Vehicle,Operational,0,0,0.0
0.0,0,0.0,4,Missile Launcher,Operational,0,0,0.0
246674.22,13,18974.94,9,Tank,Operational,1,1,1.0
212530.55,7,30361.507142857143,8,Missile Launcher,Operational,0,0,0.0
305588.58,7,43655.51142857143,12,Tank,Operational,0,0,0.005
93984.35,2,46992.175,19,Tank,Maintenance,0,0,0.0
382991.57,9,42554.61888888889,19,Truck,Maintenance,1,1,1.0
63582.82,3,21194.27333333333,13,Armored Vehicle,Operational,0,0,0.0
906574.53,20,45328.7265,4,Radar,Operational,1,1,1.0
132862.06,3,44287.35333333333,11,Radar,Operational,0,0,0.0
212309.52,6,35384.92,2,Communication System,Operational,0,0,0.0
254082.55,13,19544.811538461538,17,Generator,Operational,1,1,1.0
77124.52,5,15424.904,16,Missile Launcher,Operational,0,0,0.0
501546.12,15,33436.408,18,Generator,Operational,1,1,1.0
69336.22,4,17334.055,8,Communication System,Operational,0,0,0.0
118315.32,3,39438.44,6,Generator,Operational,0,0,0.0
45331.78,1,45331.78,17,Tank,Operational,0,0,0.0
128640.85,6,21440.141666666663,12,Drone,Operational,0,0,0.0
74823.57,4,18705.8925,4,Drone,Operational,0,0,0.0
920424.92,20,46021.246,18,Generator,Operational,1,1,1.0
501497.48,13,38576.729230769226,8,Generator,Operational,1,1,1.0
259075.74,14,18505.41,7,Drone,Operational,1,1,1.0
17441.78,1,17441.78,9,Communication System,Operational,0,0,0.0
384905.21,10,38490.521,15,Communication System,Operational,1,1,1.0
98747.9,6,16457.983333333334,17,Communication System,Out of Service,0,0,0.0
0.0,0,0.0,5,Radar,Operational,0,0,0.0
0.0,0,0.0,12,Radar,Maintenance,0,0,0.0
161694.11,4,40423.5275,10,Truck,Operational,0,0,0.0
110713.64,4,27678.41,20,Generator,Operational,0,0,0.0
85346.84,4,21336.71,18,Missile Launcher,Maintenance,0,0,0.0
146979.28,3,48993.09333333333,9,Radar,Operational,0,0,0.005
221797.98,7,31685.42571428572,9,Drone,Maintenance,0,0,0.005
35475.98,1,35475.98,2,Truck,Operational,0,0,0.0
266683.54,7,38097.648571428566,20,Communication System,Out of Service,0,0,0.025
0.0,0,0.0,3,Armored Vehicle,Out of Service,0,0,0.0
82401.32,4,20600.33,9,Radar,Maintenance,0,0,0.0
248830.36,12,20735.86333333333,5,Drone,Operational,1,1,1.0
112458.68,5,22491.736,11,Missile Launcher,Operational,0,0,0.0
313903.77,7,44843.39571428572,1,Radar,Operational,0,0,0.01
0.0,0,0.0,20,Tank,Operational,0,0,0.0
394056.33,15,26270.422,15,Generator,Operational,1,1,1.0
214076.61,11,19461.51,19,Drone,Maintenance,1,1,1.0
0.0,0,0.0,9,Radar,Operational,0,0,0.0
97678.86,3,32559.62,18,Tank,Operational,0,0,0.0
176187.28,4,44046.82,15,Communication System,Operational,0,0,0.0
225873.91,5,45174.782,18,Communication System,Maintenance,0,0,0.0
140625.34,8,17578.1675,8,Truck,Operational,1,1,0.97
153728.26,4,38432.065,16,Communication System,Operational,0,0,0.0
225634.41,5,45126.882,9,Truck,Out of Service,0,0,0.0
98291.55,6,16381.925,11,Radar,Operational,0,0,0.0
334402.43,9,37155.82555555555,3,Drone,Operational,1,1,0.995
200396.12,8,25049.515,17,Missile Launcher,Operational,1,1,0.99
517781.1,11,47071.00909090909,6,Drone,Operational,1,1,1.0
359976.31,11,32725.11909090909,14,Tank,Operational,1,1,1.0
96066.41,3,32022.13666666667,19,Missile Launcher,Operational,0,0,0.0
261962.37,8,32745.29625,14,Missile Launcher,Operational,1,1,1.0
223300.94,8,27912.6175,20,Missile Launcher,Operational,1,1,0.99
273281.48,6,45546.91333333333,15,Missile Launcher,Operational,0,0,0.0
203791.24,7,29113.03428571429,4,Tank,Out of Service,0,0,0.025
70847.87,4,17711.9675,18,Truck,Out of Service,0,0,0.0
68157.87,3,22719.29,2,Truck,Operational,0,0,0.0
102259.85,3,34086.61666666667,10,Drone,Operational,0,0,0.0
194132.11,7,27733.15857142857,18,Drone,Out of Service,0,0,0.01
59942.82,2,29971.41,5,Generator,Operational,0,0,0.0
417155.64,12,34762.97,11,Generator,Operational,1,1,1.0
168565.88,6,28094.31333333333,8,Armored Vehicle,Operational,0,0,0.0
84968.47,5,16993.694,3,Truck,Operational,0,0,0.0
587937.28,20,29396.864,14,Missile Launcher,Operational,1,1,1.0
279420.7,9,31046.744444444445,8,Communication System,Operational,1,1,1.0
126749.88,4,31687.47,3,Truck,Operational,0,0,0.0
77833.64,4,19458.41,20,Generator,Maintenance,0,0,0.0
35247.22,1,35247.22,12,Radar,Maintenance,0,0,0.0
52059.35,2,26029.675,5,Missile Launcher,Operational,0,0,0.0
44665.05,1,44665.05,15,Radar,Operational,0,0,0.0
106066.02,3,35355.340000000004,16,Truck,Maintenance,0,0,0.0
338232.54,7,48318.93428571429,7,Radar,Operational,0,0,0.005
0.0,0,0.0,15,Missile Launcher,Operational,0,0,0.0
265860.15,9,29540.01666666667,21,Truck,Maintenance,1,1,0.985
171018.61,7,24431.23,21,Armored Vehicle,Maintenance,0,0,0.025
131530.72,4,32882.68,16,Armored Vehicle,Maintenance,0,0,0.0
37471.8,1,37471.8,10,Truck,Operational,0,0,0.0
193451.36,4,48362.84,20,Tank,Operational,0,0,0.0
349776.81,7,49968.11571428571,18,Radar,Maintenance,0,0,0.045
582689.94,17,34275.878823529405,12,Radar,Operational,1,1,1.0
91663.68,4,22915.92,14,Drone,Maintenance,0,0,0.0
37754.19,1,37754.19,8,Truck,Maintenance,0,0,0.0
0.0,0,0.0,13,Drone,Operational,0,0,0.0
157379.42,4,39344.855,12,Truck,Operational,0,0,0.0
47446.79,2,23723.395,2,Drone,Operational,0,0,0.0
476450.2,15,31763.346666666668,2,Communication System,Maintenance,1,1,1.0
323677.51,7,46239.64428571429,21,Armored Vehicle,Maintenance,0,0,0.0
266006.97,7,38000.99571428571,21,Missile Launcher,Out of Service,0,0,0.08
824619.2,17,48507.01176470588,7,Tank,Operational,1,1,1.0
61744.46,3,20581.486666666668,11,Armored Vehicle,Operational,0,0,0.0
781024.05,20,39051.2025,5,Armored Vehicle,Operational,1,1,1.0
41821.85,1,41821.85,11,Tank,Operational,0,0,0.0
274776.5,8,34347.0625,14,Missile Launcher,Operational,1,1,1.0
46190.59,1,46190.59,7,Communication System,Maintenance,0,0,0.0
243168.34,8,30396.0425,11,Communication System,Operational,1,1,0.995
230960.16,8,28870.02,8,Truck,Operational,1,1,1.0
296204.67,6,49367.445,14,Armored Vehicle,Operational,0,0,0.0
27801.17,1,27801.17,2,Missile Launcher,Operational,0,0,0.0
70019.26,3,23339.75333333333,21,Tank,Operational,0,0,0.0
767293.32,19,40383.85894736842,12,Radar,Operational,1,1,1.0
0.0,0,0.0,15,Tank,Operational,0,0,0.0
884203.27,19,46537.01421052632,5,Missile Launcher,Out of Service,1,1,1.0
0.0,0,0.0,10,Radar,Operational,0,0,0.0
65999.93,4,16499.9825,7,Tank,Operational,0,0,0.0
628357.92,18,34908.77333333334,21,Radar,Operational,1,1,1.0
644416.67,20,32220.8335,15,Generator,Operational,1,1,1.0
98587.4,2,49293.7,11,Generator,Operational,0,0,0.0
288298.58,8,36037.3225,5,Truck,Operational,1,1,1.0
282886.55,6,47147.75833333333,16,Tank,Operational,0,0,0.005
67763.26,4,16940.815,15,Drone,Operational,0,0,0.0
310099.73,10,31009.973,15,Generator,Operational,1,1,1.0
216907.48,9,24100.83111111111,14,Missile Launcher,Operational,1,1,1.0
358974.08,8,44871.76,7,Drone,Out of Service,1,1,1.0
0.0,0,0.0,10,Communication System,Out of Service,0,0,0.0
0.0,0,0.0,16,Truck,Maintenance,0,0,0.0
93123.69,2,46561.845,13,Radar,Operational,0,0,0.0
22628.85,1,22628.85,18,Missile Launcher,Maintenance,0,0,0.0
185767.45,9,20640.82777777778,8,Truck,Operational,1,1,1.0
42373.63,2,21186.815,7,Armored Vehicle,Operational,0,0,0.0
40204.78,2,20102.39,5,Armored Vehicle,Operational,0,0,0.0
218971.26,6,36495.21,17,Radar,Maintenance,0,0,0.0
676919.22,18,37606.62333333333,8,Drone,Operational,1,1,1.0
75776.86,5,15155.372,21,Tank,Operational,0,0,0.0
18797.89,1,18797.89,3,Truck,Out of Service,0,0,0.0
164280.96,8,20535.12,5,Armored Vehicle,Operational,1,1,1.0
276554.64,6,46092.44,8,Truck,Operational,0,0,0.0
105968.97,3,35322.99,16,Missile Launcher,Operational,0,0,0.0
22917.56,1,22917.56,19,Missile Launcher,Operational,0,0,0.0
294101.54,9,32677.948888888888,9,Truck,Operational,1,1,1.0
239463.37,14,17104.52642857143,8,Communication System,Operational,1,1,1.0
110760.86,5,22152.172,12,Truck,Operational,0,0,0.0
223451.93,9,24827.992222222223,8,Missile Launcher,Operational,1,1,1.0
109451.5,6,18241.916666666668,13,Truck,Operational,0,0,0.0
224488.09,6,37414.68166666666,2,Truck,Operational,0,0,0.0
406271.28,9,45141.25333333333,2,Armored Vehicle,Operational,1,1,1.0
722189.82,18,40121.65666666666,17,Armored Vehicle,Maintenance,1,1,1.0
740117.54,20,37005.877,18,Communication System,Operational,1,1,1.0
354415.0,8,44301.875,21,Tank,Operational,1,1,0.99
412031.3,13,31694.715384615385,16,Generator,Maintenance,1,1,1.0
423186.2,13,32552.78461538461,4,Drone,Operational,1,1,1.0
180300.64,5,36060.128,11,Radar,Operational,0,0,0.0
124596.39,7,17799.484285714287,14,Armored Vehicle,Operational,0,0,0.0
576281.37,20,28814.0685,6,Radar,Operational,1,1,1.0
688830.29,14,49202.16357142857,18,Radar,Out of Service,1,1,1.0
422033.35,9,46892.59444444444,4,Missile Launcher,Maintenance,1,1,0.985
553369.07,12,46114.089166666665,11,Generator,Operational,1,1,1.0
139062.34,4,34765.585,11,Communication System,Operational,0,0,0.0
159812.52,4,39953.13,3,Drone,Operational,0,0,0.0
201751.82,8,25218.9775,3,Tank,Operational,1,1,0.99
241316.85,13,18562.83461538461,10,Missile Launcher,Operational,1,1,1.0
223039.23,9,24782.13666666667,9,Missile Launcher,Operational,1,1,1.0
150636.49,4,37659.1225,10,Armored Vehicle,Operational,0,0,0.0
93103.42,2,46551.71,17,Missile Launcher,Out of Service,0,0,0.0
132072.72,3,44024.24,16,Drone,Operational,0,0,0.0
0.0,0,0.0,4,Tank,Operational,0,0,0.0
230692.14,7,32956.020000000004,13,Armored Vehicle,Operational,0,0,0.0
15977.94,1,15977.94,12,Truck,Operational,0,0,0.0
367847.92,11,33440.72,10,Generator,Operational,1,1,1.0
245987.1,7,35141.014285714286,15,Missile Launcher,Operational,0,0,0.005
124933.45,4,31233.3625,10,Missile Launcher,Out of Service,0,0,0.0
92158.49,5,18431.698,5,Drone,Operational,0,0,0.0
721050.03,19,37950.00157894737,20,Tank,Out of Service,1,1,1.0
281493.95,8,35186.74375,1,Drone,Operational,1,1,0.995
67956.58,2,33978.29,4,Truck,Out of Service,0,0,0.0
0.0,0,0.0,7,Drone,Maintenance,0,0,0.0
186171.23,4,46542.8075,11,Truck,Operational,0,0,0.0
596569.27,18,33142.737222222226,7,Truck,Operational,1,1,1.0
198804.15,6,33134.025,9,Generator,Operational,0,0,0.0
206097.84,5,41219.568,5,Generator,Operational,0,0,0.0
161489.45,5,32297.890000000003,5,Tank,Operational,0,0,0.0
0.0,0,0.0,2,Missile Launcher,Operational,0,0,0.0
0.0,0,0.0,10,Communication System,Operational,0,0,0.0
177366.63,7,25338.09,16,Radar,Operational,0,0,0.01
238009.69,7,34001.38428571429,11,Generator,Operational,0,0,0.015
37510.86,1,37510.86,17,Generator,Maintenance,0,0,0.0
388115.91,9,43123.99,18,Drone,Out of Service,1,1,1.0
63816.57,3,21272.19,2,Communication System,Operational,0,0,0.0
34353.94,1,34353.94,14,Missile Launcher,Operational,0,0,0.0
164140.49,7,23448.641428571427,12,Armored Vehicle,Operational,0,0,0.015
51183.23,2,25591.615,4,Truck,Maintenance,0,0,0.0
239965.99,7,34280.85571428571,3,Communication System,Maintenance,0,0,0.005
20684.98,1,20684.98,20,Missile Launcher,Operational,0,0,0.0
49950.28,2,24975.14,1,Missile Launcher,Operational,0,0,0.0
41679.78,1,41679.78,6,Missile Launcher,Maintenance,0,0,0.0
45543.11,1,45543.11,18,Tank,Operational,0,0,0.0
319327.35,11,29029.75909090909,16,Missile Launcher,Operational,1,1,0.995
453331.74,18,25185.096666666665,16,Radar,Maintenance,1,1,1.0
630444.4,18,35024.68888888889,11,Radar,Operational,1,1,1.0
188773.4,4,47193.35,3,Generator,Operational,0,0,0.0
0.0,0,0.0,9,Tank,Operational,0,0,0.0
79825.73,5,15965.146,10,Radar,Operational,0,0,0.0
58548.02,2,29274.01,17,Radar,Out of Service,0,0,0.0
262059.31,7,37437.04428571429,8,Generator,Operational,0,0,0.0
0.0,0,0.0,19,Radar,Operational,0,0,0.0
752455.7,18,41803.09444444444,8,Truck,Operational,1,1,1.0
341860.27,7,48837.18142857143,12,Drone,Operational,0,0,0.005
47768.61,3,15922.87,9,Missile Launcher,Operational,0,0,0.0
117343.92,3,39114.64,12,Drone,Operational,0,0,0.0
298276.7,8,37284.5875,21,Drone,Operational,1,1,1.0
138911.85,4,34727.9625,1,Communication System,Operational,0,0,0.0
85651.57,3,28550.52333333333,3,Truck,Operational,0,0,0.0
104130.87,3,34710.29,14,Missile Launcher,Operational,0,0,0.0
210568.4,5,42113.68,19,Truck,Maintenance,0,0,0.0
43948.15,2,21974.075,2,Communication System,Operational,0,0,0.0
714764.69,16,44672.793125,14,Missile Launcher,Maintenance,1,1,1.0
114978.17,7,16425.452857142856,5,Communication System,Operational,0,0,0.0
823456.11,17,48438.59470588235,6,Missile Launcher,Maintenance,1,1,1.0
129752.18,5,25950.436,20,Communication System,Maintenance,0,0,0.005
128938.71,3,42979.57,5,Missile Launcher,Operational,0,0,0.0
351783.99,19,18514.946842105262,17,Armored Vehicle,Maintenance,1,1,1.0
628120.04,13,48316.92615384616,17,Generator,Operational,1,1,1.0
673514.21,15,44900.94733333333,18,Radar,Operational,1,1,1.0
109586.56,7,15655.222857142857,6,Communication System,Operational,0,0,0.0
121001.12,5,24200.224,17,Missile Launcher,Operational,0,0,0.0
274300.24,12,22858.353333333333,18,Tank,Out of Service,1,1,0.995
70265.2,3,23421.733333333334,2,Radar,Operational,0,0,0.0
584298.16,12,48691.513333333336,1,Missile Launcher,Operational,1,1,1.0
459619.63,11,41783.60272727273,7,Generator,Operational,1,1,1.0
186129.3,7,26589.9,13,Radar,Operational,0,0,0.005
684577.85,16,42786.115625,15,Generator,Operational,1,1,1.0
17901.41,1,17901.41,12,Tank,Operational,0,0,0.0
387135.6,9,43015.066666666666,11,Tank,Operational,1,1,1.0
36525.92,1,36525.92,13,Radar,Operational,0,0,0.0
450539.43,14,32181.387857142858,3,Truck,Operational,1,1,1.0
563588.9,18,31310.494444444445,21,Drone,Out of Service,1,1,0.995
165989.36,4,41497.34,7,Communication System,Operational,0,0,0.0
786888.72,19,41415.19578947368,13,Communication System,Operational,1,1,1.0
732972.99,15,48864.866,17,Armored Vehicle,Maintenance,1,1,1.0
81504.15,2,40752.075,18,Communication System,Maintenance,0,0,0.0
573375.01,17,33727.94176470588,12,Missile Launcher,Operational,1,1,1.0
645827.99,16,40364.249375,16,Tank,Maintenance,1,1,0.995
417158.98,15,27810.598666666665,11,Armored Vehicle,Operational,1,1,1.0
110386.83,4,27596.7075,6,Missile Launcher,Operational,0,0,0.0
116325.82,3,38775.27333333334,18,Missile Launcher,Operational,0,0,0.0
326747.64,12,27228.97,3,Generator,Operational,1,1,1.0
247085.26,8,30885.6575,9,Armored Vehicle,Operational,1,1,0.995
258919.5,9,28768.83333333333,19,Radar,Maintenance,1,1,1.0
274801.08,14,19628.648571428574,4,Communication System,Operational,1,1,0.995
0.0,0,0.0,7,Armored Vehicle,Operational,0,0,0.0
443111.89,17,26065.40529411765,18,Armored Vehicle,Maintenance,1,1,1.0
169727.62,4,42431.905,14,Missile Launcher,Operational,0,0,0.0
279324.32,6,46554.05333333334,8,Tank,Operational,0,0,0.0
336417.07,9,37379.67444444445,10,Tank,Operational,1,1,1.0
53987.87,2,26993.935,14,Truck,Operational,0,0,0.0
692801.76,17,40753.04470588236,10,Communication System,Operational,1,1,1.0
187286.71,8,23410.83875,13,Generator,Operational,1,1,0.995
192583.25,4,48145.8125,8,Tank,Operational,0,0,0.0
583011.35,15,38867.42333333333,9,Drone,Operational,1,1,1.0
140042.63,9,15560.292222222222,1,Missile Launcher,Operational,1,1,0.99
336700.32,7,48100.04571428571,16,Armored Vehicle,Maintenance,0,0,0.025
288311.06,6,48051.84333333333,12,Radar,Operational,0,0,0.0
147212.15,6,24535.358333333334,16,Missile Launcher,Out of Service,0,0,0.0
278186.36,7,39740.90857142857,20,Tank,Operational,0,0,0.0
0.0,0,0.0,5,Generator,Operational,0,0,0.0
85759.57,3,28586.52333333333,15,Drone,Operational,0,0,0.0
78637.1,3,26212.36666666667,5,Communication System,Operational,0,0,0.0
347990.94,7,49712.99142857143,8,Tank,Operational,0,0,0.015
81372.26,5,16274.452,1,Generator,Out of Service,0,0,0.005
0.0,0,0.0,2,Tank,Operational,0,0,0.0
112009.36,4,28002.34,7,Truck,Operational,0,0,0.0
49175.6,3,16391.866666666665,3,Communication System,Maintenance,0,0,0.0
214690.21,9,23854.467777777776,2,Communication System,Operational,1,1,1.0
178173.83,10,17817.382999999998,15,Communication System,Operational,1,1,1.0
0.0,0,0.0,8,Tank,Operational,0,0,0.0
194815.12,7,27830.731428571427,15,Communication System,Operational,0,0,0.0
49349.95,2,24674.975,9,Drone,Operational,0,0,0.0
196034.54,5,39206.908,21,Drone,Operational,0,0,0.0
0.0,0,0.0,18,Generator,Operational,0,0,0.0
139135.74,4,34783.935,4,Missile Launcher,Operational,0,0,0.0
229399.4,7,32771.34285714286,12,Generator,Maintenance,0,0,0.005
159156.7,8,19894.5875,4,Generator,Operational,1,1,0.995
56930.65,2,28465.325,12,Generator,Operational,0,0,0.0
391432.59,11,35584.780909090914,12,Truck,Operational,1,1,1.0
110750.11,4,27687.5275,5,Missile Launcher,Operational,0,0,0.0
155378.76,4,38844.69,1,Generator,Operational,0,0,0.0
197578.35,4,49394.5875,13,Truck,Operational,0,0,0.0
45986.5,3,15328.833333333334,15,Radar,Operational,0,0,0.0
139897.15,4,34974.2875,15,Drone,Operational,0,0,0.0
121525.01,3,40508.33666666666,17,Armored Vehicle,Maintenance,0,0,0.0
87148.04,2,43574.02,1,Tank,Operational,0,0,0.0
260632.98,16,16289.56125,16,Generator,Operational,1,1,1.0
291040.72,8,36380.09,16,Communication System,Maintenance,1,1,0.96
35568.37,1,35568.37,10,Radar,Operational,0,0,0.0
199584.18,7,28512.02571428571,11,Armored Vehicle,Operational,0,0,0.0
169867.99,4,42466.9975,17,Tank,Operational,0,0,0.0
289759.46,19,15250.497894736844,4,Armored Vehicle,Operational,1,1,1.0
497215.65,14,35515.40357142857,11,Radar,Operational,1,1,1.0
121944.53,4,30486.1325,8,Radar,Out of Service,0,0,0.0
20989.01,1,20989.01,2,Drone,Operational,0,0,0.0
143998.45,3,47999.48333333334,20,Missile Launcher,Operational,0,0,0.0
15478.35,1,15478.35,17,Armored Vehicle,Maintenance,0,0,0.0
581573.53,12,48464.46083333334,1,Tank,Operational,1,1,1.0
100868.85,3,33622.950000000004,18,Tank,Maintenance,0,0,0.0
98462.78,3,32820.926666666666,10,Armored Vehicle,Operational,0,0,0.0
546491.66,15,36432.77733333334,5,Communication System,Operational,1,1,1.0
228829.64,12,19069.13666666667,12,Communication System,Operational,1,1,1.0
70728.16,2,35364.08,4,Tank,Maintenance,0,0,0.0
396274.5,8,49534.3125,21,Drone,Maintenance,1,1,0.985
250714.75,8,31339.34375,2,Generator,Operational,1,1,1.0
146295.47,6,24382.57833333333,18,Armored Vehicle,Operational,0,0,0.0
152388.73,4,38097.1825,10,Truck,Operational,0,0,0.0
64990.53,3,21663.51,21,Drone,Operational,0,0,0.0
480977.6,10,48097.76,4,Tank,Operational,1,1,1.0
121458.66,4,30364.665,18,Generator,Operational,0,0,0.0
82746.49,2,41373.245,3,Armored Vehicle,Maintenance,0,0,0.0
362101.64,8,45262.705,9,Drone,Operational,1,1,1.0
123847.15,5,24769.43,18,Drone,Operational,0,0,0.0
47478.9,3,15826.3,11,Missile Launcher,Operational,0,0,0.0
637104.51,20,31855.2255,1,Truck,Operational,1,1,1.0
316080.55,9,35120.06111111111,7,Truck,Out of Service,1,1,1.0
68592.59,3,22864.196666666667,18,Generator,Operational,0,0,0.005
21814.35,1,21814.35,12,Missile Launcher,Operational,0,0,0.0
104607.26,4,26151.815,3,Tank,Operational,0,0,0.0
114646.5,3,38215.5,16,Generator,Operational,0,0,0.0
87433.21,3,29144.403333333332,19,Armored Vehicle,Operational,0,0,0.0
198034.13,7,28290.59,19,Tank,Operational,0,0,0.005
76232.04,2,38116.02,8,Missile Launcher,Operational,0,0,0.0
503738.94,13,38749.14923076923,6,Radar,Operational,1,1,1.0
301132.74,8,37641.5925,14,Drone,Operational,1,1,1.0
301458.74,7,43065.53428571428,1,Missile Launcher,Operational,0,0,0.015
142871.03,3,47623.676666666666,13,Communication System,Operational,0,0,0.0
280665.2,12,23388.766666666663,11,Missile Launcher,Out of Service,1,1,1.0
264974.76,11,24088.614545454548,3,Missile Launcher,Operational,1,1,1.0
253616.63,8,31702.07875,17,Missile Launcher,Operational,1,1,1.0
0.0,0,0.0,17,Drone,Maintenance,0,0,0.0
67319.32,2,33659.66,21,Drone,Operational,0,0,0.0
228642.6,8,28580.325,11,Armored Vehicle,Maintenance,1,1,0.98
171604.03,5,34320.806,10,Drone,Operational,0,0,0.0
35407.4,2,17703.7,4,Radar,Operational,0,0,0.0
139398.35,7,19914.05,9,Radar,Operational,0,0,0.005
121883.49,3,40627.83,16,Drone,Operational,0,0,0.0
39187.93,2,19593.965,3,Armored Vehicle,Operational,0,0,0.0
133041.58,4,33260.395,19,Truck,Operational,0,0,0.0
151199.56,4,37799.89,18,Drone,Out of Service,0,0,0.0
82035.11,2,41017.555,12,Radar,Operational,0,0,0.0
38046.05,1,38046.05,9,Drone,Operational,0,0,0.0
132610.98,3,44203.66,5,Armored Vehicle,Operational,0,0,0.0
79645.18,4,19911.295,5,Tank,Out of Service,0,0,0.0
0.0,0,0.0,19,Radar,Operational,0,0,0.0
417412.84,15,27827.522666666668,10,Armored Vehicle,Operational,1,1,1.0
39637.81,2,19818.905,11,Communication System,Operational,0,0,0.0
101373.91,6,16895.65166666667,9,Radar,Operational,0,0,0.0
42097.97,2,21048.985,21,Radar,Maintenance,0,0,0.0
316636.23,9,35181.80333333333,10,Communication System,Operational,1,1,1.0
236701.55,7,33814.50714285714,15,Armored Vehicle,Operational,0,0,0.005
67437.23,3,22479.076666666664,1,Truck,Operational,0,0,0.0
293861.17,19,15466.377368421052,2,Communication System,Operational,1,1,1.0
69173.24,4,17293.31,21,Radar,Operational,0,0,0.005
141082.71,3,47027.57,5,Radar,Operational,0,0,0.0
220217.62,7,31459.66,5,Drone,Maintenance,0,0,0.005
223332.69,5,44666.538,18,Generator,Maintenance,0,0,0.0
187417.77,7,26773.967142857146,20,Drone,Maintenance,0,0,0.015
478947.99,14,34210.57071428571,16,Missile Launcher,Out of Service,1,1,1.0
799675.56,19,42088.18736842106,7,Generator,Operational,1,1,1.0
185731.38,4,46432.845,11,Drone,Operational,0,0,0.0
298391.91,8,37298.98875,3,Generator,Operational,1,1,0.995
187137.65,7,26733.95,1,Tank,Operational,0,0,0.02
199489.86,7,28498.551428571427,10,Communication System,Operational,0,0,0.0
108300.55,4,27075.1375,20,Radar,Operational,0,0,0.0
0.0,0,0.0,5,Armored Vehicle,Maintenance,0,0,0.0
142890.85,8,17861.35625,19,Tank,Maintenance,1,1,0.975
200523.35,6,33420.558333333334,15,Communication System,Operational,0,0,0.0
54108.32,2,27054.16,14,Truck,Operational,0,0,0.0
30904.75,1,30904.75,17,Armored Vehicle,Operational,0,0,0.0
137455.48,4,34363.87,9,Communication System,Operational,0,0,0.0
63294.53,2,31647.265,21,Communication System,Operational,0,0,0.0
61865.57,4,15466.3925,18,Missile Launcher,Maintenance,0,0,0.0
61761.9,2,30880.95,6,Missile Launcher,Operational,0,0,0.0
656598.5,15,43773.23333333333,3,Generator,Out of Service,1,1,0.995
117841.19,3,39280.39666666667,4,Armored Vehicle,Operational,0,0,0.0
75540.52,3,25180.173333333336,21,Radar,Out of Service,0,0,0.0
303227.08,8,37903.385,7,Generator,Operational,1,1,1.0
29175.5,1,29175.5,17,Truck,Operational,0,0,0.0
296925.18,10,29692.518,12,Communication System,Operational,1,1,1.0
65602.96,2,32801.48,10,Drone,Operational,0,0,0.0
228388.05,8,28548.50625,18,Tank,Out of Service,1,1,0.995
365066.43,8,45633.30375,5,Missile Launcher,Operational,1,1,1.0
147792.15,5,29558.43,3,Drone,Operational,0,0,0.0
216034.65,8,27004.33125,15,Truck,Operational,1,1,0.995
290594.14,9,32288.23777777778,14,Drone,Operational,1,1,1.0
45387.58,2,22693.79,11,Truck,Operational,0,0,0.0
42326.02,1,42326.02,20,Truck,Maintenance,0,0,0.0
0.0,0,0.0,19,Communication System,Maintenance,0,0,0.0
183159.04,7,26165.577142857142,4,Communication System,Operational,0,0,0.005
65523.95,3,21841.316666666666,15,Tank,Operational,0,0,0.0
397627.59,11,36147.96272727273,4,Drone,Operational,1,1,1.0
142398.08,4,35599.52,15,Armored Vehicle,Operational,0,0,0.0
104426.9,4,26106.725,3,Generator,Operational,0,0,0.0
0.0,0,0.0,19,Communication System,Maintenance,0,0,0.0
0.0,0,0.0,16,Missile Launcher,Out of Service,0,0,0.0
342196.8,15,22813.12,3,Generator,Operational,1,1,1.0
28547.68,1,28547.68,16,Armored Vehicle,Maintenance,0,0,0.0
40066.28,2,20033.14,2,Tank,Operational,0,0,0.0
136137.51,8,17017.18875,16,Armored Vehicle,Operational,1,1,1.0
38310.54,1,38310.54,2,Missile Launcher,Operational,0,0,0.0
214752.05,13,16519.38846153846,8,Drone,Operational,1,1,1.0
245805.98,6,40967.66333333334,21,Generator,Operational,0,0,0.0
123420.54,7,17631.505714285715,10,Radar,Operational,0,0,0.0
0.0,0,0.0,17,Armored Vehicle,Maintenance,0,0,0.0
109993.52,4,27498.38,21,Radar,Maintenance,0,0,0.0
83241.81,2,41620.905,18,Communication System,Maintenance,0,0,0.0
0.0,0,0.0,6,Missile Launcher,Operational,0,0,0.0
22192.04,1,22192.04,1,Radar,Operational,0,0,0.0
83633.37,2,41816.685,7,Missile Launcher,Operational,0,0,0.0
47399.99,1,47399.99,20,Generator,Maintenance,0,0,0.0
482937.95,14,34495.56785714286,6,Communication System,Operational,1,1,1.0
404090.06,14,28863.575714285715,12,Generator,Operational,1,1,1.0
60180.15,4,15045.0375,8,Truck,Operational,0,0,0.0
869941.24,19,45786.38105263158,21,Tank,Maintenance,1,1,0.995
946505.22,19,49816.06421052632,5,Truck,Operational,1,1,0.995
87133.41,2,43566.705,17,Radar,Operational,0,0,0.0
0.0,0,0.0,15,Missile Launcher,Operational,0,0,0.0
70758.48,4,17689.62,9,Generator,Operational,0,0,0.0
250281.29,8,31285.16125,1,Armored Vehicle,Operational,1,1,0.975
45016.52,2,22508.26,11,Tank,Operational,0,0,0.0
68267.17,4,17066.7925,14,Truck,Maintenance,0,0,0.0
69918.36,4,17479.59,10,Tank,Operational,0,0,0.0
474632.58,11,43148.41636363637,14,Communication System,Operational,1,1,1.0
443245.87,17,26073.286470588235,10,Armored Vehicle,Operational,1,1,1.0
318124.41,18,17673.57833333333,9,Drone,Operational,1,1,1.0
90621.23,2,45310.615,19,Missile Launcher,Operational,0,0,0.0
166618.62,4,41654.655,5,Missile Launcher,Operational,0,0,0.0
0.0,0,0.0,7,Radar,Operational,0,0,0.0
362896.23,10,36289.623,21,Tank,Maintenance,1,1,1.0
64540.21,2,32270.105,20,Truck,Out of Service,0,0,0.0
428048.32,20,21402.416,15,Armored Vehicle,Operational,1,1,1.0
76671.07,2,38335.535,10,Armored Vehicle,Operational,0,0,0.0
45753.6,2,22876.8,20,Truck,Operational,0,0,0.0
263593.04,8,32949.13,9,Radar,Operational,1,1,1.0
149209.42,5,29841.884,16,Communication System,Maintenance,0,0,0.0
394775.15,8,49346.89375,21,Tank,Maintenance,1,1,0.99
124582.43,4,31145.6075,6,Drone,Operational,0,0,0.0
155723.06,4,38930.765,13,Radar,Operational,0,0,0.0
40822.01,1,40822.01,8,Drone,Operational,0,0,0.0
76351.19,4,19087.7975,9,Drone,Operational,0,0,0.0
105810.34,6,17635.056666666667,19,Radar,Operational,0,0,0.0
67792.33,4,16948.0825,10,Armored Vehicle,Operational,0,0,0.0
111813.33,4,27953.3325,21,Drone,Operational,0,0,0.0
203520.54,6,33920.090000000004,12,Communication System,Operational,0,0,0.0
638476.93,19,33604.04894736842,20,Generator,Operational,1,1,1.0
84875.34,4,21218.835,5,Drone,Out of Service,0,0,0.0
161360.38,5,32272.076,16,Missile Launcher,Out of Service,0,0,0.005
546225.66,20,27311.283000000003,12,Generator,Operational,1,1,1.0
63290.11,3,21096.70333333333,9,Truck,Operational,0,0,0.0
180930.08,4,45232.52,2,Drone,Operational,0,0,0.0
38033.54,1,38033.54,10,Truck,Operational,0,0,0.0
215528.09,11,19593.462727272727,3,Tank,Operational,1,1,1.0
104735.82,3,34911.94,3,Communication System,Operational,0,0,0.0
176397.82,7,25199.68857142857,1,Radar,Maintenance,0,0,0.02
116139.7,7,16591.385714285712,18,Communication System,Operational,0,0,0.0
175251.76,7,25035.965714285718,17,Communication System,Operational,0,0,0.0
176820.34,5,35364.068,15,Armored Vehicle,Operational,0,0,0.0
94227.02,2,47113.51,3,Truck,Maintenance,0,0,0.0
378230.3,11,34384.57272727272,10,Missile Launcher,Maintenance,1,1,1.0
244597.49,13,18815.19153846154,2,Tank,Maintenance,1,1,1.0
69878.85,2,34939.425,1,Drone,Operational,0,0,0.0
347600.22,9,38622.246666666666,4,Truck,Operational,1,1,1.0
0.0,0,0.0,1,Communication System,Operational,0,0,0.0
99380.5,2,49690.25,11,Truck,Operational,0,0,0.0
43547.99,2,21773.995,21,Generator,Maintenance,0,0,0.0
0.0,0,0.0,19,Drone,Maintenance,0,0,0.0
110913.1,4,27728.275,12,Truck,Operational,0,0,0.0
32418.81,2,16209.405,10,Generator,Operational,0,0,0.0
234565.42,9,26062.824444444446,17,Generator,Out of Service,1,1,0.995
66723.25,2,33361.625,19,Radar,Operational,0,0,0.0
167164.27,7,23880.61,7,Truck,Operational,0,0,0.0
756454.21,20,37822.7105,3,Radar,Operational,1,1,1.0
0.0,0,0.0,10,Missile Launcher,Operational,0,0,0.0
176143.63,4,44035.9075,16,Truck,Maintenance,0,0,0.0
332518.89,19,17500.994210526318,12,Missile Launcher,Operational,1,1,1.0
88844.61,3,29614.87,17,Armored Vehicle,Operational,0,0,0.0
181413.7,4,45353.425,20,Generator,Operational,0,0,0.0
170339.27,4,42584.8175,16,Armored Vehicle,Operational,0,0,0.0
248712.33,6,41452.055,1,Drone,Operational,0,0,0.0
64792.22,2,32396.11,12,Communication System,Operational,0,0,0.0
48239.84,2,24119.92,13,Radar,Operational,0,0,0.0
337335.39,20,16866.769500000002,16,Tank,Maintenance,1,1,1.0
0.0,0,0.0,15,Truck,Operational,0,0,0.0
99288.55,2,49644.275,18,Drone,Operational,0,0,0.0
484811.08,15,32320.738666666668,7,Tank,Operational,1,1,1.0
137837.71,4,34459.4275,5,Generator,Operational,0,0,0.0
36111.09,1,36111.09,10,Drone,Operational,0,0,0.0
0.0,0,0.0,7,Tank,Operational,0,0,0.0
31919.06,2,15959.53,9,Armored Vehicle,Operational,0,0,0.0
84523.58,3,28174.52666666667,13,Armored Vehicle,Operational,0,0,0.0
132327.84,3,44109.28,2,Tank,Out of Service,0,0,0.0
695806.13,16,43487.883125,9,Communication System,Operational,1,1,1.0
36885.38,1,36885.38,9,Radar,Operational,0,0,0.0
478508.91,13,36808.37769230769,13,Tank,Operational,1,1,1.0
438206.22,10,43820.622,4,Drone,Operational,1,1,1.0
18472.78,1,18472.78,2,Drone,Operational,0,0,0.0
303581.31,9,33731.25666666667,6,Generator,Out of Service,1,1,1.0
123238.14,3,41079.38,18,Armored Vehicle,Operational,0,0,0.0
277318.72,16,17332.42,5,Radar,Maintenance,1,1,1.0
195099.19,4,48774.7975,13,Tank,Operational,0,0,0.0
179077.98,9,19897.553333333333,7,Missile Launcher,Operational,1,1,1.0
285317.73,7,40759.67571428571,8,Missile Launcher,Operational,0,0,0.005
93217.61,4,23304.4025,7,Tank,Operational,0,0,0.0
411326.09,9,45702.89888888889,19,Missile Launcher,Operational,1,1,1.0
673893.73,18,37438.54055555556,16,Communication System,Maintenance,1,1,1.0
0.0,0,0.0,4,Missile Launcher,Operational,0,0,0.0
265029.88,6,44171.64666666667,21,Generator,Out of Service,0,0,0.01
122920.19,3,40973.39666666667,18,Communication System,Operational,0,0,0.0
268527.37,9,29836.37444444445,15,Armored Vehicle,Operational,1,1,0.995
142669.41,8,17833.67625,15,Tank,Operational,1,1,0.995
325500.05,14,23250.00357142857,21,Communication System,Maintenance,1,1,1.0
25952.83,1,25952.83,5,Armored Vehicle,Operational,0,0,0.0
92739.07,2,46369.535,2,Missile Launcher,Operational,0,0,0.0
91585.25,3,30528.416666666668,9,Generator,Operational,0,0,0.0
848165.73,18,47120.31833333333,12,Tank,Operational,1,1,1.0
211156.66,7,30165.237142857142,19,Generator,Maintenance,0,0,0.0
16346.91,1,16346.91,17,Armored Vehicle,Maintenance,0,0,0.005
0.0,0,0.0,19,Drone,Maintenance,0,0,0.0
550315.88,13,42331.99076923077,5,Missile Launcher,Operational,1,1,1.0
531752.4,13,40904.03076923077,16,Communication System,Operational,1,1,1.0
468049.81,11,42549.98272727273,12,Missile Launcher,Operational,1,1,1.0
157464.55,5,31492.91,20,Communication System,Maintenance,0,0,0.0
195395.77,11,17763.251818181816,21,Generator,Out of Service,1,1,0.965
261505.43,9,29056.158888888887,1,Armored Vehicle,Operational,1,1,1.0
98974.6,2,49487.3,6,Communication System,Operational,0,0,0.0
0.0,0,0.0,14,Radar,Out of Service,0,0,0.0
32357.91,2,16178.955,7,Radar,Operational,0,0,0.0
266885.67,8,33360.70875,3,Generator,Operational,1,1,1.0
118833.11,4,29708.2775,16,Generator,Operational,0,0,0.0
45311.18,1,45311.18,4,Tank,Operational,0,0,0.0
38895.82,1,38895.82,7,Generator,Operational,0,0,0.0
61637.24,3,20545.746666666662,8,Communication System,Out of Service,0,0,0.0
345881.54,9,38431.28222222222,4,Truck,Maintenance,1,1,0.985
193632.04,9,21514.67111111111,15,Armored Vehicle,Operational,1,1,1.0
329321.03,7,47045.86142857144,4,Communication System,Out of Service,0,0,0.025
