Equipment_ID,Supplier_ID,Equipment_Name,Category,Manufacturer,Purchase_Year,Expected_Life,Status
EQ00001,SUP0047,Drone,Drone,Ashok Leyland Defence,2018,25,Operational
EQ00002,SUP0119,Drone,Drone,HAL,2017,12,Operational
EQ00003,SUP0065,Radar,Radar,Mahindra Defence,2021,29,Operational
EQ00004,SUP0291,Armored Vehicle,Armored Vehicle,Bharat Dynamics,2020,27,Operational
EQ00005,SUP0143,Drone,Drone,Bharat Dynamics,2022,18,Operational
EQ00006,SUP0264,Tank,Tank,Mahindra Defence,2022,25,Operational
EQ00007,SUP0041,Generator,Generator,DRDO,2025,18,Operational
EQ00008,SUP0225,Missile Launcher,Missile Launcher,Mahindra Defence,2016,12,Maintenance
EQ00009,SUP0034,Truck,Truck,Ashok Leyland Defence,2013,19,Operational
EQ00010,SUP0300,Communication System,Communication System,HAL,2008,12,Out of Service
EQ00011,SUP0240,Radar,Radar,L&T Defence,2022,23,Operational
EQ00012,SUP0109,Generator,Generator,Ashok Leyland Defence,2008,16,Maintenance
EQ00013,SUP0170,Armored Vehicle,Armored Vehicle,L&T Defence,2010,22,Out of Service
EQ00014,SUP0072,Generator,Generator,L&T Defence,2019,15,Operational
EQ00015,SUP0055,Generator,Generator,DRDO,2015,19,Operational
EQ00016,SUP0124,Drone,Drone,Mahindra Defence,2024,12,Operational
EQ00017,SUP0250,Tank,Tank,Tata Advanced Systems,2023,14,Operational
EQ00018,SUP0098,Generator,Generator,L&T Defence,2010,29,Operational
EQ00019,SUP0232,Armored Vehicle,Armored Vehicle,Mahindra Defence,2021,14,Out of Service
EQ00020,SUP0017,Drone,Drone,Mahindra Defence,2005,22,Out of Service
EQ00021,SUP0261,Generator,Generator,DRDO,2008,14,Maintenance
EQ00022,SUP0175,Communication System,Communication System,DRDO,2019,29,Operational
EQ00023,SUP0214,Tank,Tank,Mahindra Defence,2011,14,Maintenance
EQ00024,SUP0240,Communication System,Communication System,Tata Advanced Systems,2019,17,Operational
EQ00025,SUP0008,Generator,Generator,Mahindra Defence,2018,18,Operational
EQ00026,SUP0192,Tank,Tank,Tata Advanced Systems,2010,27,Operational
EQ00027,SUP0098,Tank,Tank,BEL,2025,29,Operational
EQ00028,SUP0107,Tank,Tank,Mahindra Defence,2018,17,Operational
EQ00029,SUP0080,Communication System,Communication System,HAL,2024,26,Maintenance
EQ00030,SUP0135,Communication System,Communication System,Ashok Leyland Defence,2015,23,Operational
EQ00031,SUP0085,Tank,Tank,Tata Advanced Systems,2017,22,Operational
EQ00032,SUP0226,Armored Vehicle,Armored Vehicle,L&T Defence,2023,25,Operational
EQ00033,SUP0287,Generator,Generator,L&T Defence,2015,27,Operational
EQ00034,SUP0097,Missile Launcher,Missile Launcher,BEL,2024,23,Operational
EQ00035,SUP0131,Generator,Generator,DRDO,2009,18,Operational
EQ00036,SUP0205,Generator,Generator,Bharat Dynamics,2021,20,Operational
EQ00037,SUP0194,Drone,Drone,Ashok Leyland Defence,2011,14,Operational
EQ00038,SUP0068,Generator,Generator,Mahindra Defence,2019,20,Operational
EQ00039,SUP0206,Truck,Truck,Ashok Leyland Defence,2015,23,Operational
EQ00040,SUP0061,Truck,Truck,Bharat Dynamics,2025,28,Operational
EQ00041,SUP0084,Tank,Tank,L&T Defence,2011,16,Maintenance
EQ00042,SUP0019,Drone,Drone,L&T Defence,2011,27,Operational
EQ00043,SUP0236,Armored Vehicle,Armored Vehicle,DRDO,2025,19,Operational
EQ00044,SUP0185,Armored Vehicle,Armored Vehicle,BEL,2018,26,Operational
EQ00045,SUP0253,Communication System,Communication System,Bharat Dynamics,2023,19,Maintenance
EQ00046,SUP0109,Truck,Truck,Ashok Leyland Defence,2005,21,Out of Service
EQ00047,SUP0050,Drone,Drone,Bharat Dynamics,2011,20,Operational
EQ00048,SUP0057,Tank,Tank,Ashok Leyland Defence,2024,30,Operational
EQ00049,SUP0061,Armored Vehicle,Armored Vehicle,DRDO,2007,14,Operational
EQ00050,SUP0224,Truck,Truck,Tata Advanced Systems,2023,26,Operational
EQ00051,SUP0014,Tank,Tank,DRDO,2015,24,Operational
EQ00052,SUP0292,Armored Vehicle,Armored Vehicle,Bharat Dynamics,2007,15,Maintenance
EQ00053,SUP0184,Armored Vehicle,Armored Vehicle,Tata Advanced Systems,2018,11,Operational
EQ00054,SUP0151,Generator,Generator,BEL,2021,19,Operational
EQ00055,SUP0120,Communication System,Communication System,BEL,2022,21,Maintenance
EQ00056,SUP0279,Radar,Radar,Bharat Dynamics,2005,26,Operational
EQ00057,SUP0206,Generator,Generator,DRDO,2014,13,Operational
EQ00058,SUP0042,Tank,Tank,Bharat Dynamics,2007,24,Operational
EQ00059,SUP0235,Truck,Truck,DRDO,2005,24,Operational
EQ00060,SUP0030,Armored Vehicle,Armored Vehicle,L&T Defence,2011,20,Operational
EQ00061,SUP0121,Radar,Radar,Bharat Dynamics,2008,27,Operational
EQ00062,SUP0292,Truck,Truck,Bharat Dynamics,2015,15,Maintenance
EQ00063,SUP0041,Communication System,Communication System,DRDO,2018,22,Operational
EQ00064,SUP0110,Truck,Truck,HAL,2019,11,Operational
EQ00065,SUP0178,Drone,Drone,HAL,2012,10,Maintenance
EQ00066,SUP0208,Missile Launcher,Missile Launcher,DRDO,2019,10,Operational
EQ00067,SUP0036,Tank,Tank,BEL,2006,21,Out of Service
EQ00068,SUP0200,Communication System,Communication System,Tata Advanced Systems,2018,22,Out of Service
EQ00069,SUP0156,Armored Vehicle,Armored Vehicle,DRDO,2025,20,Operational
EQ00070,SUP0052,Truck,Truck,HAL,2023,25,Maintenance
EQ00071,SUP0299,Communication System,Communication System,Bharat Dynamics,2008,22,Operational
EQ00072,SUP0238,Radar,Radar,L&T Defence,2007,10,Operational
EQ00073,SUP0195,Truck,Truck,Bharat Dynamics,2024,10,Operational
EQ00074,SUP0076,Tank,Tank,L&T Defence,2010,25,Maintenance
EQ00075,SUP0203,Radar,Radar,Tata Advanced Systems,2006,24,Maintenance
EQ00076,SUP0015,Radar,Radar,BEL,2021,26,Operational
EQ00077,SUP0218,Truck,Truck,Mahindra Defence,2012,27,Operational
EQ00078,SUP0092,Radar,Radar,Bharat Dynamics,2007,23,Operational
EQ00079,SUP0202,Generator,Generator,Tata Advanced Systems,2011,13,Operational
EQ00080,SUP0218,Radar,Radar,Mahindra Defence,2008,13,Operational
EQ00081,SUP0023,Missile Launcher,Missile Launcher,DRDO,2013,30,Operational
EQ00082,SUP0203,Tank,Tank,Bharat Dynamics,2021,30,Operational
EQ00083,SUP0181,Armored Vehicle,Armored Vehicle,Mahindra Defence,2008,18,Maintenance
EQ00084,SUP0156,Missile Launcher,Missile Launcher,DRDO,2010,21,Operational
EQ00085,SUP0101,Missile Launcher,Missile Launcher,Bharat Dynamics,2020,25,Maintenance
EQ00086,SUP0242,Communication System,Communication System,Mahindra Defence,2020,29,Operational
EQ00087,SUP0057,Armored Vehicle,Armored Vehicle,L&T Defence,2013,17,Operational
EQ00088,SUP0136,Armored Vehicle,Armored Vehicle,Bharat Dynamics,2009,20,Operational
EQ00089,SUP0058,Tank,Tank,Tata Advanced Systems,2023,15,Operational
EQ00090,SUP0205,Generator,Generator,Tata Advanced Systems,2008,24,Maintenance
EQ00091,SUP0034,Missile Launcher,Missile Launcher,Ashok Leyland Defence,2019,20,Operational
EQ00092,SUP0069,Generator,Generator,BEL,2019,16,Operational
EQ00093,SUP0194,Armored Vehicle,Armored Vehicle,Mahindra Defence,2013,20,Operational
EQ00094,SUP0223,Truck,Truck,Ashok Leyland Defence,2023,15,Operational
EQ00095,SUP0133,Generator,Generator,BEL,2006,18,Operational
EQ00096,SUP0062,Tank,Tank,Mahindra Defence,2022,19,Operational
EQ00097,SUP0147,Communication System,Communication System,HAL,2021,13,Operational
EQ00098,SUP0181,Drone,Drone,Mahindra Defence,2013,13,Operational
EQ00099,SUP0094,Tank,Tank,Mahindra Defence,2010,25,Operational
EQ00100,SUP0048,Missile Launcher,Missile Launcher,Tata Advanced Systems,2024,24,Out of Service
EQ00101,SUP0151,Drone,Drone,Bharat Dynamics,2022,21,Operational
EQ00102,SUP0257,Truck,Truck,DRDO,2007,13,Maintenance
EQ00103,SUP0281,Truck,Truck,DRDO,2014,10,Operational
EQ00104,SUP0206,Communication System,Communication System,Tata Advanced Systems,2015,28,Operational
EQ00105,SUP0252,Missile Launcher,Missile Launcher,HAL,2019,21,Operational
EQ00106,SUP0199,Armored Vehicle,Armored Vehicle,BEL,2020,27,Operational
EQ00107,SUP0104,Radar,Radar,DRDO,2023,21,Operational
EQ00108,SUP0139,Communication System,Communication System,Ashok Leyland Defence,2009,12,Operational
EQ00109,SUP0252,Missile Launcher,Missile Launcher,Tata Advanced Systems,2007,15,Maintenance
EQ00110,SUP0129,Generator,Generator,Mahindra Defence,2017,10,Operational
EQ00111,SUP0095,Communication System,Communication System,Ashok Leyland Defence,2017,22,Operational
EQ00112,SUP0069,Truck,Truck,DRDO,2007,24,Operational
EQ00113,SUP0275,Missile Launcher,Missile Launcher,BEL,2024,22,Operational
EQ00114,SUP0205,Armored Vehicle,Armored Vehicle,HAL,2022,23,Operational
EQ00115,SUP0168,Radar,Radar,Bharat Dynamics,2011,19,Operational
EQ00116,SUP0232,Missile Launcher,Missile Launcher,L&T Defence,2007,21,Operational
EQ00117,SUP0284,Truck,Truck,HAL,2012,17,Operational
EQ00118,SUP0272,Radar,Radar,HAL,2021,17,Operational
EQ00119,SUP0102,Truck,Truck,BEL,2020,11,Operational
EQ00120,SUP0006,Truck,Truck,BEL,2012,10,Operational
EQ00121,SUP0027,Generator,Generator,Bharat Dynamics,2015,28,Operational
EQ00122,SUP0181,Truck,Truck,Mahindra Defence,2025,25,Maintenance
EQ00123,SUP0289,Armored Vehicle,Armored Vehicle,Mahindra Defence,2008,24,Out of Service
EQ00124,SUP0112,Missile Launcher,Missile Launcher,BEL,2016,19,Operational
EQ00125,SUP0103,Truck,Truck,L&T Defence,2006,12,Maintenance
EQ00126,SUP0194,Communication System,Communication System,BEL,2016,26,Operational
EQ00127,SUP0021,Armored Vehicle,Armored Vehicle,BEL,2006,13,Operational
EQ00128,SUP0159,Missile Launcher,Missile Launcher,BEL,2024,18,Operational
EQ00129,SUP0280,Missile Launcher,Missile Launcher,Bharat Dynamics,2010,24,Out of Service
EQ00130,SUP0112,Communication System,Communication System,BEL,2007,25,Maintenance
EQ00131,SUP0217,Communication System,Communication System,Ashok Leyland Defence,2021,28,Operational
EQ00132,SUP0299,Truck,Truck,DRDO,2013,15,Operational
EQ00133,SUP0207,Missile Launcher,Missile Launcher,Bharat Dynamics,2008,15,Operational
EQ00134,SUP0266,Communication System,Communication System,Bharat Dynamics,2025,11,Maintenance
EQ00135,SUP0181,Communication System,Communication System,Ashok Leyland Defence,2007,26,Maintenance
EQ00136,SUP0152,Communication System,Communication System,Tata Advanced Systems,2009,30,Maintenance
EQ00137,SUP0143,Radar,Radar,Mahindra Defence,2017,28,Operational
EQ00138,SUP0034,Armored Vehicle,Armored Vehicle,Bharat Dynamics,2019,22,Operational
EQ00139,SUP0283,Armored Vehicle,Armored Vehicle,DRDO,2014,22,Operational
EQ00140,SUP0164,Radar,Radar,L&T Defence,2024,17,Operational
EQ00141,SUP0091,Truck,Truck,BEL,2019,16,Operational
EQ00142,SUP0068,Tank,Tank,Ashok Leyland Defence,2012,10,Operational
EQ00143,SUP0228,Missile Launcher,Missile Launcher,Tata Advanced Systems,2021,26,Operational
EQ00144,SUP0089,Drone,Drone,Bharat Dynamics,2021,18,Operational
EQ00145,SUP0063,Radar,Radar,Tata Advanced Systems,2022,26,Operational
EQ00146,SUP0078,Generator,Generator,Ashok Leyland Defence,2017,29,Out of Service
EQ00147,SUP0003,Truck,Truck,BEL,2010,30,Operational
EQ00148,SUP0171,Tank,Tank,Ashok Leyland Defence,2010,30,Maintenance
EQ00149,SUP0075,Missile Launcher,Missile Launcher,Bharat Dynamics,2005,21,Operational
EQ00150,SUP0032,Truck,Truck,DRDO,2016,25,Operational
EQ00151,SUP0014,Drone,Drone,BEL,2021,17,Operational
EQ00152,SUP0110,Drone,Drone,DRDO,2008,16,Operational
EQ00153,SUP0118,Communication System,Communication System,Mahindra Defence,2012,16,Operational
EQ00154,SUP0029,Communication System,Communication System,HAL,2019,16,Operational
EQ00155,SUP0208,Drone,Drone,Bharat Dynamics,2012,10,Operational
EQ00156,SUP0251,Communication System,Communication System,Bharat Dynamics,2005,26,Operational
EQ00157,SUP0161,Radar,Radar,HAL,2024,26,Operational
EQ00158,SUP0046,Tank,Tank,Ashok Leyland Defence,2005,17,Operational
EQ00159,SUP0145,Radar,Radar,BEL,2024,22,Maintenance
EQ00160,SUP0175,Generator,Generator,HAL,2006,21,Maintenance
EQ00161,SUP0230,Truck,Truck,Bharat Dynamics,2020,19,Maintenance
EQ00162,SUP0046,Generator,Generator,DRDO,2013,12,Operational
EQ00163,SUP0149,Truck,Truck,Mahindra Defence,2005,14,Maintenance
EQ00164,SUP0298,Truck,Truck,BEL,2008,24,Maintenance
EQ00165,SUP0223,Armored Vehicle,Armored Vehicle,BEL,2023,20,Operational
EQ00166,SUP0204,Truck,Truck,DRDO,2007,17,Maintenance
EQ00167,SUP0131,Radar,Radar,DRDO,2016,10,Operational
EQ00168,SUP0078,Radar,Radar,Mahindra Defence,2016,14,Maintenance
EQ00169,SUP0122,Truck,Truck,DRDO,2021,26,Operational
EQ00170,SUP0180,Generator,Generator,BEL,2021,20,Operational
EQ00171,SUP0079,Armored Vehicle,Armored Vehicle,Mahindra Defence,2016,25,Operational
EQ00172,SUP0282,Truck,Truck,Bharat Dynamics,2005,15,Operational
EQ00173,SUP0271,Drone,Drone,HAL,2013,26,Operational
EQ00174,SUP0017,Tank,Tank,Mahindra Defence,2025,16,Operational
EQ00175,SUP0204,Missile Launcher,Missile Launcher,Mahindra Defence,2017,28,Operational
EQ00176,SUP0260,Truck,Truck,Tata Advanced Systems,2016,27,Operational
EQ00177,SUP0225,Missile Launcher,Missile Launcher,Bharat Dynamics,2025,28,Operational
EQ00178,SUP0288,Communication System,Communication System,L&T Defence,2017,29,Operational
EQ00179,SUP0258,Missile Launcher,Missile Launcher,L&T Defence,2015,26,Operational
EQ00180,SUP0267,Tank,Tank,BEL,2022,23,Operational
EQ00181,SUP0147,Tank,Tank,DRDO,2011,23,Operational
EQ00182,SUP0151,Tank,Tank,HAL,2024,12,Operational
EQ00183,SUP0057,Generator,Generator,HAL,2019,26,Maintenance
EQ00184,SUP0129,Communication System,Communication System,L&T Defence,2022,26,Operational
EQ00185,SUP0245,Tank,Tank,Tata Advanced Systems,2017,30,Operational
EQ00186,SUP0219,Drone,Drone,Ashok Leyland Defence,2024,15,Out of Service
EQ00187,SUP0268,Radar,Radar,Tata Advanced Systems,2019,21,Operational
EQ00188,SUP0240,Generator,Generator,BEL,2020,12,Maintenance
EQ00189,SUP0240,Armored Vehicle,Armored Vehicle,HAL,2015,19,Operational
EQ00190,SUP0211,Tank,Tank,DRDO,2019,24,Out of Service
EQ00191,SUP0193,Armored Vehicle,Armored Vehicle,Ashok Leyland Defence,2009,11,Operational
EQ00192,SUP0069,Armored Vehicle,Armored Vehicle,Tata Advanced Systems,2016,22,Operational
EQ00193,SUP0134,Generator,Generator,Tata Advanced Systems,2011,20,Operational
EQ00194,SUP0127,Drone,Drone,DRDO,2007,22,Out of Service
EQ00195,SUP0032,Drone,Drone,BEL,2013,25,Maintenance
EQ00196,SUP0114,Missile Launcher,Missile Launcher,HAL,2012,15,Operational
EQ00197,SUP0208,Communication System,Communication System,Mahindra Defence,2017,25,Operational
EQ00198,SUP0158,Tank,Tank,L&T Defence,2015,15,Out of Service
EQ00199,SUP0242,Truck,Truck,Bharat Dynamics,2024,13,Operational
EQ00200,SUP0164,Drone,Drone,HAL,2018,15,Operational
EQ00201,SUP0256,Truck,Truck,Bharat Dynamics,2011,23,Operational
EQ00202,SUP0082,Drone,Drone,BEL,2013,26,Out of Service
EQ00203,SUP0228,Generator,Generator,DRDO,2005,30,Operational
EQ00204,SUP0293,Missile Launcher,Missile Launcher,BEL,2008,16,Maintenance
EQ00205,SUP0138,Truck,Truck,Ashok Leyland Defence,2018,30,Operational
EQ00206,SUP0294,Missile Launcher,Missile Launcher,HAL,2006,21,Operational
EQ00207,SUP0027,Generator,Generator,L&T Defence,2006,27,Out of Service
EQ00208,SUP0152,Radar,Radar,HAL,2010,10,Operational
EQ00209,SUP0047,Armored Vehicle,Armored Vehicle,L&T Defence,2010,17,Operational
EQ00210,SUP0270,Missile Launcher,Missile Launcher,DRDO,2007,22,Operational
EQ00211,SUP0045,Truck,Truck,BEL,2016,23,Operational
EQ00212,SUP0066,Truck,Truck,HAL,2005,13,Operational
EQ00213,SUP0023,Missile Launcher,Missile Launcher,Tata Advanced Systems,2016,29,Operational
EQ00214,SUP0209,Armored Vehicle,Armored Vehicle,L&T Defence,2005,29,Operational
EQ00215,SUP0248,Missile Launcher,Missile Launcher,Ashok Leyland Defence,2022,26,Operational
EQ00216,SUP0171,Generator,Generator,HAL,2007,27,Operational
EQ00217,SUP0215,Truck,Truck,BEL,2024,13,Operational
EQ00218,SUP0275,Generator,Generator,Bharat Dynamics,2010,10,Operational
EQ00219,SUP0206,Drone,Drone,Tata Advanced Systems,2022,19,Operational
EQ00220,SUP0237,Missile Launcher,Missile Launcher,Bharat Dynamics,2017,11,Operational
EQ00221,SUP0259,Missile Launcher,Missile Launcher,BEL,2022,22,Operational
EQ00222,SUP0017,Truck,Truck,Mahindra Defence,2006,23,Maintenance
EQ00223,SUP0246,Communication System,Communication System,L&T Defence,2012,13,Operational
EQ00224,SUP0075,Missile Launcher,Missile Launcher,HAL,2023,28,Operational
EQ00225,SUP0265,Drone,Drone,BEL,2014,25,Operational
EQ00226,SUP0002,Communication System,Communication System,L&T Defence,2012,21,Operational
EQ00227,SUP0211,Missile Launcher,Missile Launcher,HAL,2015,25,Operational
EQ00228,SUP0267,Armored Vehicle,Armored Vehicle,HAL,2021,25,Maintenance
EQ00229,SUP0238,Armored Vehicle,Armored Vehicle,Ashok Leyland Defence,2014,10,Operational
EQ00230,SUP0148,Communication System,Communication System,DRDO,2008,21,Operational
EQ00231,SUP0016,Radar,Radar,Ashok Leyland Defence,2010,16,Operational
EQ00232,SUP0220,Armored Vehicle,Armored Vehicle,HAL,2011,30,Operational
EQ00233,SUP0056,Generator,Generator,Mahindra Defence,2025,27,Operational
EQ00234,SUP0039,Missile Launcher,Missile Launcher,Mahindra Defence,2019,17,Operational
EQ00235,SUP0207,Generator,Generator,DRDO,2017,28,Out of Service
EQ00236,SUP0180,Missile Launcher,Missile Launcher,Tata Advanced Systems,2005,18,Operational
EQ00237,SUP0056,Radar,Radar,BEL,2015,20,Operational
EQ00238,SUP0219,Truck,Truck,Mahindra Defence,2017,27,Operational
EQ00239,SUP0037,Radar,Radar,BEL,2009,24,Maintenance
EQ00240,SUP0184,Communication System,Communication System,DRDO,2014,11,Operational
EQ00241,SUP0042,Drone,Drone,Mahindra Defence,2010,14,Out of Service
EQ00242,SUP0119,Drone,Drone,Ashok Leyland Defence,2013,30,Operational
EQ00243,SUP0123,Radar,Radar,Bharat Dynamics,2012,22,Operational
EQ00244,SUP0290,Generator,Generator,Bharat Dynamics,2020,13,Operational
EQ00245,SUP0147,Armored Vehicle,Armored Vehicle,Bharat Dynamics,2012,24,Operational
EQ00246,SUP0263,Communication System,Communication System,Mahindra Defence,2007,25,Operational
EQ00247,SUP0224,Armored Vehicle,Armored Vehicle,Bharat Dynamics,2017,15,Operational
EQ00248,SUP0222,Missile Launcher,Missile Launcher,L&T Defence,2024,13,Operational
EQ00249,SUP0263,Missile Launcher,Missile Launcher,Ashok Leyland Defence,2009,21,Operational
EQ00250,SUP0269,Missile Launcher,Missile Launcher,HAL,2017,30,Out of Service
EQ00251,SUP0273,Drone,Drone,BEL,2024,16,Operational
EQ00252,SUP0196,Generator,Generator,HAL,2008,29,Operational
EQ00253,SUP0251,Tank,Tank,L&T Defence,2020,19,Operational
EQ00254,SUP0281,Generator,Generator,Mahindra Defence,2009,11,Operational
EQ00255,SUP0091,Generator,Generator,Tata Advanced Systems,2013,27,Operational
EQ00256,SUP0118,Truck,Truck,L&T Defence,2021,10,Operational
EQ00257,SUP0041,Generator,Generator,DRDO,2024,22,Operational
EQ00258,SUP0300,Communication System,Communication System,BEL,2010,16,Out of Service
EQ00259,SUP0130,Missile Launcher,Missile Launcher,Ashok Leyland Defence,2011,27,Operational
EQ00260,SUP0247,Drone,Drone,Bharat Dynamics,2010,13,Operational
EQ00261,SUP0220,Armored Vehicle,Armored Vehicle,Ashok Leyland Defence,2007,13,Operational
EQ00262,SUP0109,Missile Launcher,Missile Launcher,DRDO,2006,18,Maintenance
EQ00263,SUP0051,Drone,Drone,Ashok Leyland Defence,2006,23,Maintenance
EQ00264,SUP0008,Radar,Radar,L&T Defence,2022,16,Operational
EQ00265,SUP0105,Armored Vehicle,Armored Vehicle,DRDO,2024,18,Operational
EQ00266,SUP0029,Communication System,Communication System,BEL,2011,17,Out of Service
EQ00267,SUP0291,Tank,Tank,Ashok Leyland Defence,2024,30,Operational
EQ00268,SUP0070,Armored Vehicle,Armored Vehicle,Mahindra Defence,2020,14,Maintenance
EQ00269,SUP0045,Drone,Drone,L&T Defence,2014,25,Maintenance
EQ00270,SUP0234,Tank,Tank,Mahindra Defence,2019,27,Operational
EQ00271,SUP0209,Truck,Truck,Ashok Leyland Defence,2021,28,Operational
EQ00272,SUP0121,Drone,Drone,Mahindra Defence,2024,22,Operational
EQ00273,SUP0130,Drone,Drone,BEL,2005,26,Out of Service
EQ00274,SUP0111,Drone,Drone,Bharat Dynamics,2010,21,Operational
EQ00275,SUP0095,Radar,Radar,Tata Advanced Systems,2012,23,Operational
EQ00276,SUP0044,Armored Vehicle,Armored Vehicle,Bharat Dynamics,2011,23,Operational
EQ00277,SUP0069,Tank,Tank,Tata Advanced Systems,2019,26,Operational
EQ00278,SUP0263,Missile Launcher,Missile Launcher,Ashok Leyland Defence,2015,11,Operational
EQ00279,SUP0009,Generator,Generator,Mahindra Defence,2017,13,Maintenance
EQ00280,SUP0087,Radar,Radar,Mahindra Defence,2015,14,Operational
EQ00281,SUP0058,Armored Vehicle,Armored Vehicle,BEL,2018,22,Maintenance
EQ00282,SUP0027,Missile Launcher,Missile Launcher,L&T Defence,2009,30,Out of Service
EQ00283,SUP0263,Communication System,Communication System,Ashok Leyland Defence,2012,30,Operational
EQ00284,SUP0248,Armored Vehicle,Armored Vehicle,DRDO,2013,11,Operational
EQ00285,SUP0041,Missile Launcher,Missile Launcher,DRDO,2014,21,Operational
EQ00286,SUP0143,Radar,Radar,HAL,2015,10,Operational
EQ00287,SUP0154,Tank,Tank,Mahindra Defence,2012,18,Operational
EQ00288,SUP0282,Communication System,Communication System,DRDO,2014,19,Operational
EQ00289,SUP0075,Truck,Truck,HAL,2018,22,Operational
EQ00290,SUP0270,Generator,Generator,L&T Defence,2010,27,Operational
EQ00291,SUP0139,Radar,Radar,BEL,2016,20,Operational
EQ00292,SUP0251,Missile Launcher,Missile Launcher,Tata Advanced Systems,2011,14,Out of Service
EQ00293,SUP0014,Missile Launcher,Missile Launcher,L&T Defence,2011,17,Operational
EQ00294,SUP0070,Armored Vehicle,Armored Vehicle,HAL,2015,20,Operational
EQ00295,SUP0193,Radar,Radar,Tata Advanced Systems,2015,22,Operational
EQ00296,SUP0206,Tank,Tank,DRDO,2025,11,Operational
EQ00297,SUP0158,Generator,Generator,DRDO,2010,17,Operational
EQ00298,SUP0103,Armored Vehicle,Armored Vehicle,DRDO,2024,25,Operational
EQ00299,SUP0009,Truck,Truck,L&T Defence,2020,11,Operational
EQ00300,SUP0148,Armored Vehicle,Armored Vehicle,HAL,2025,23,Operational
EQ00301,SUP0037,Radar,Radar,L&T Defence,2017,24,Operational
EQ00302,SUP0120,Missile Launcher,Missile Launcher,Tata Advanced Systems,2008,19,Operational
EQ00303,SUP0175,Truck,Truck,Mahindra Defence,2016,12,Operational
EQ00304,SUP0193,Communication System,Communication System,BEL,2010,21,Maintenance
EQ00305,SUP0173,Radar,Radar,Ashok Leyland Defence,2017,13,Operational
EQ00306,SUP0281,Generator,Generator,Mahindra Defence,2022,30,Operational
EQ00307,SUP0276,Drone,Drone,HAL,2014,21,Operational
EQ00308,SUP0134,Drone,Drone,Tata Advanced Systems,2020,27,Operational
EQ00309,SUP0241,Generator,Generator,Ashok Leyland Defence,2020,21,Operational
EQ00310,SUP0123,Drone,Drone,DRDO,2009,13,Operational
EQ00311,SUP0273,Truck,Truck,HAL,2013,25,Operational
EQ00312,SUP0146,Truck,Truck,DRDO,2011,17,Operational
EQ00313,SUP0167,Truck,Truck,Mahindra Defence,2012,29,Operational
EQ00314,SUP0275,Drone,Drone,Tata Advanced Systems,2023,27,Operational
EQ00315,SUP0225,Communication System,Communication System,DRDO,2019,30,Operational
EQ00316,SUP0299,Truck,Truck,DRDO,2011,29,Operational
EQ00317,SUP0023,Truck,Truck,L&T Defence,2006,14,Maintenance
EQ00318,SUP0012,Drone,Drone,Tata Advanced Systems,2022,19,Operational
EQ00319,SUP0147,Tank,Tank,Mahindra Defence,2022,14,Maintenance
EQ00320,SUP0044,Drone,Drone,Mahindra Defence,2008,21,Maintenance
EQ00321,SUP0205,Generator,Generator,Ashok Leyland Defence,2009,29,Operational
EQ00322,SUP0037,Tank,Tank,L&T Defence,2013,23,Operational
EQ00323,SUP0192,Radar,Radar,Mahindra Defence,2005,24,Maintenance
EQ00324,SUP0254,Communication System,Communication System,L&T Defence,2024,10,Operational
EQ00325,SUP0119,Armored Vehicle,Armored Vehicle,Tata Advanced Systems,2024,22,Maintenance
EQ00326,SUP0177,Truck,Truck,Ashok Leyland Defence,2019,19,Operational
EQ00327,SUP0286,Radar,Radar,Mahindra Defence,2014,25,Operational
EQ00328,SUP0083,Communication System,Communication System,Mahindra Defence,2020,30,Operational
EQ00329,SUP0289,Armored Vehicle,Armored Vehicle,Ashok Leyland Defence,2005,19,Maintenance
EQ00330,SUP0110,Radar,Radar,DRDO,2018,28,Operational
EQ00331,SUP0226,Armored Vehicle,Armored Vehicle,L&T Defence,2022,26,Operational
EQ00332,SUP0244,Radar,Radar,DRDO,2013,19,Operational
EQ00333,SUP0277,Tank,Tank,Tata Advanced Systems,2012,10,Operational
EQ00334,SUP0040,Communication System,Communication System,BEL,2005,20,Maintenance
EQ00335,SUP0122,Armored Vehicle,Armored Vehicle,DRDO,2017,13,Operational
EQ00336,SUP0217,Drone,Drone,BEL,2008,10,Operational
EQ00337,SUP0228,Drone,Drone,HAL,2021,26,Operational
EQ00338,SUP0207,Tank,Tank,Bharat Dynamics,2012,22,Operational
EQ00339,SUP0189,Tank,Tank,L&T Defence,2023,28,Operational
EQ00340,SUP0259,Armored Vehicle,Armored Vehicle,Tata Advanced Systems,2016,19,Operational
EQ00341,SUP0028,Generator,Generator,L&T Defence,2006,17,Operational
EQ00342,SUP0153,Drone,Drone,Tata Advanced Systems,2020,11,Operational
EQ00343,SUP0300,Truck,Truck,Ashok Leyland Defence,2013,23,Operational
EQ00344,SUP0104,Communication System,Communication System,Ashok Leyland Defence,2021,23,Operational
EQ00345,SUP0220,Truck,Truck,HAL,2008,24,Operational
EQ00346,SUP0177,Armored Vehicle,Armored Vehicle,DRDO,2013,21,Operational
EQ00347,SUP0073,Drone,Drone,L&T Defence,2021,23,Operational
EQ00348,SUP0225,Missile Launcher,Missile Launcher,Mahindra Defence,2024,19,Operational
EQ00349,SUP0045,Communication System,Communication System,Bharat Dynamics,2019,29,Maintenance
EQ00350,SUP0049,Generator,Generator,HAL,2017,16,Operational
EQ00351,SUP0240,Truck,Truck,L&T Defence,2009,18,Out of Service
EQ00352,SUP0009,Truck,Truck,Tata Advanced Systems,2025,29,Operational
EQ00353,SUP0142,Armored Vehicle,Armored Vehicle,Mahindra Defence,2019,20,Operational
EQ00354,SUP0003,Generator,Generator,Mahindra Defence,2006,29,Operational
EQ00355,SUP0087,Tank,Tank,HAL,2021,17,Operational
EQ00356,SUP0059,Communication System,Communication System,HAL,2014,29,Operational
EQ00357,SUP0201,Drone,Drone,Tata Advanced Systems,2011,13,Operational
EQ00358,SUP0179,Radar,Radar,Ashok Leyland Defence,2018,25,Operational
EQ00359,SUP0140,Generator,Generator,Ashok Leyland Defence,2023,30,Operational
EQ00360,SUP0102,Communication System,Communication System,BEL,2005,26,Maintenance
EQ00361,SUP0255,Armored Vehicle,Armored Vehicle,Ashok Leyland Defence,2007,26,Operational
EQ00362,SUP0237,Drone,Drone,L&T Defence,2017,29,Operational
EQ00363,SUP0052,Armored Vehicle,Armored Vehicle,Mahindra Defence,2013,30,Operational
EQ00364,SUP0047,Armored Vehicle,Armored Vehicle,Mahindra Defence,2016,27,Operational
EQ00365,SUP0229,Truck,Truck,HAL,2025,20,Operational
EQ00366,SUP0221,Armored Vehicle,Armored Vehicle,Tata Advanced Systems,2018,19,Operational
EQ00367,SUP0100,Truck,Truck,L&T Defence,2014,13,Operational
EQ00368,SUP0002,Armored Vehicle,Armored Vehicle,DRDO,2018,29,Operational
EQ00369,SUP0285,Armored Vehicle,Armored Vehicle,Tata Advanced Systems,2024,18,Maintenance
EQ00370,SUP0076,Missile Launcher,Missile Launcher,L&T Defence,2014,27,Operational
EQ00371,SUP0283,Missile Launcher,Missile Launcher,Bharat Dynamics,2023,25,Operational
EQ00372,SUP0190,Truck,Truck,Tata Advanced Systems,2022,29,Operational
EQ00373,SUP0017,Armored Vehicle,Armored Vehicle,Bharat Dynamics,2012,18,Operational
EQ00374,SUP0137,Drone,Drone,Ashok Leyland Defence,2005,27,Maintenance
EQ00375,SUP0010,Tank,Tank,DRDO,2014,17,Operational
EQ00376,SUP0217,Armored Vehicle,Armored Vehicle,HAL,2009,25,Operational
EQ00377,SUP0241,Truck,Truck,Tata Advanced Systems,2018,27,Operational
EQ00378,SUP0236,Generator,Generator,HAL,2012,20,Operational
EQ00379,SUP0250,Communication System,Communication System,Bharat Dynamics,2021,22,Operational
EQ00380,SUP0153,Tank,Tank,Ashok Leyland Defence,2018,11,Operational
EQ00381,SUP0024,Drone,Drone,Bharat Dynamics,2006,15,Maintenance
EQ00382,SUP0106,Truck,Truck,Tata Advanced Systems,2022,16,Operational
EQ00383,SUP0289,Missile Launcher,Missile Launcher,Ashok Leyland Defence,2005,18,Operational
EQ00384,SUP0085,Armored Vehicle,Armored Vehicle,Ashok Leyland Defence,2009,30,Operational
EQ00385,SUP0187,Drone,Drone,Mahindra Defence,2005,15,Operational
EQ00386,SUP0193,Generator,Generator,Tata Advanced Systems,2021,16,Operational
EQ00387,SUP0049,Communication System,Communication System,Mahindra Defence,2011,22,Operational
EQ00388,SUP0145,Radar,Radar,Bharat Dynamics,2009,10,Maintenance
EQ00389,SUP0005,Communication System,Communication System,Mahindra Defence,2010,14,Maintenance
EQ00390,SUP0168,Radar,Radar,Tata Advanced Systems,2016,27,Operational
EQ00391,SUP0016,Truck,Truck,L&T Defence,2014,14,Operational
EQ00392,SUP0021,Communication System,Communication System,DRDO,2006,23,Operational
EQ00393,SUP0123,Tank,Tank,HAL,2014,13,Out of Service
EQ00394,SUP0214,Drone,Drone,DRDO,2009,10,Operational
EQ00395,SUP0047,Radar,Radar,L&T Defence,2016,26,Operational
EQ00396,SUP0212,Communication System,Communication System,HAL,2009,18,Operational
EQ00397,SUP0047,Truck,Truck,Bharat Dynamics,2019,27,Out of Service
EQ00398,SUP0206,Drone,Drone,Tata Advanced Systems,2013,10,Operational
EQ00399,SUP0152,Generator,Generator,Bharat Dynamics,2006,16,Operational
EQ00400,SUP0163,Armored Vehicle,Armored Vehicle,DRDO,2023,21,Operational
EQ00401,SUP0147,Communication System,Communication System,Ashok Leyland Defence,2025,27,Operational
EQ00402,SUP0129,Generator,Generator,Mahindra Defence,2024,26,Operational
EQ00403,SUP0211,Drone,Drone,Ashok Leyland Defence,2015,27,Operational
EQ00404,SUP0215,Tank,Tank,Mahindra Defence,2016,30,Operational
EQ00405,SUP0033,Truck,Truck,DRDO,2023,10,Operational
EQ00406,SUP0190,Tank,Tank,Mahindra Defence,2017,11,Maintenance
EQ00407,SUP0045,Generator,Generator,Tata Advanced Systems,2015,18,Operational
EQ00408,SUP0106,Missile Launcher,Missile Launcher,HAL,2023,22,Operational
EQ00409,SUP0111,Communication System,Communication System,Tata Advanced Systems,2016,19,Operational
EQ00410,SUP0153,Truck,Truck,L&T Defence,2009,19,Out of Service
EQ00411,SUP0003,Communication System,Communication System,Bharat Dynamics,2007,18,Maintenance
EQ00412,SUP0045,Generator,Generator,DRDO,2021,18,Operational
EQ00413,SUP0293,Generator,Generator,BEL,2006,17,Operational
EQ00414,SUP0282,Communication System,Communication System,Ashok Leyland Defence,2006,22,Operational
EQ00415,SUP0158,Armored Vehicle,Armored Vehicle,DRDO,2019,26,Operational
EQ00416,SUP0218,Drone,Drone,Bharat Dynamics,2024,23,Operational
EQ00417,SUP0017,Tank,Tank,L&T Defence,2015,10,Operational
EQ00418,SUP0258,Communication System,Communication System,L&T Defence,2023,25,Operational
EQ00419,SUP0197,Truck,Truck,Mahindra Defence,2023,21,Operational
EQ00420,SUP0202,Drone,Drone,Mahindra Defence,2013,28,Maintenance
EQ00421,SUP0083,Missile Launcher,Missile Launcher,DRDO,2010,27,Maintenance
EQ00422,SUP0300,Truck,Truck,BEL,2018,13,Operational
EQ00423,SUP0046,Radar,Radar,Ashok Leyland Defence,2020,11,Operational
EQ00424,SUP0173,Radar,Radar,Tata Advanced Systems,2025,18,Operational
EQ00425,SUP0279,Radar,Radar,Bharat Dynamics,2023,21,Operational
EQ00426,SUP0085,Drone,Drone,BEL,2019,28,Operational
EQ00427,SUP0239,Armored Vehicle,Armored Vehicle,Bharat Dynamics,2019,29,Operational
EQ00428,SUP0171,Generator,Generator,HAL,2022,25,Operational
EQ00429,SUP0153,Generator,Generator,L&T Defence,2024,20,Operational
EQ00430,SUP0072,Missile Launcher,Missile Launcher,Bharat Dynamics,2015,13,Maintenance
EQ00431,SUP0296,Communication System,Communication System,Mahindra Defence,2021,10,Maintenance
EQ00432,SUP0043,Missile Launcher,Missile Launcher,Mahindra Defence,2020,30,Operational
EQ00433,SUP0031,Communication System,Communication System,Bharat Dynamics,2005,25,Operational
EQ00434,SUP0297,Truck,Truck,DRDO,2020,28,Operational
EQ00435,SUP0279,Communication System,Communication System,Ashok Leyland Defence,2021,20,Operational
EQ00436,SUP0256,Radar,Radar,DRDO,2012,11,Operational
EQ00437,SUP0274,Missile Launcher,Missile Launcher,Mahindra Defence,2017,14,Operational
EQ00438,SUP0086,Tank,Tank,BEL,2010,20,Maintenance
EQ00439,SUP0100,Tank,Tank,DRDO,2017,17,Operational
EQ00440,SUP0182,Generator,Generator,DRDO,2025,29,Operational
EQ00441,SUP0270,Radar,Radar,Tata Advanced Systems,2008,26,Operational
EQ00442,SUP0034,Drone,Drone,HAL,2023,17,Operational
EQ00443,SUP0073,Generator,Generator,Ashok Leyland Defence,2024,27,Operational
EQ00444,SUP0124,Radar,Radar,HAL,2006,24,Operational
EQ00445,SUP0046,Radar,Radar,DRDO,2022,18,Maintenance
EQ00446,SUP0048,Communication System,Communication System,HAL,2012,11,Operational
EQ00447,SUP0292,Generator,Generator,Bharat Dynamics,2010,16,Maintenance
EQ00448,SUP0193,Radar,Radar,Tata Advanced Systems,2022,10,Operational
EQ00449,SUP0295,Radar,Radar,Bharat Dynamics,2023,20,Operational
EQ00450,SUP0085,Truck,Truck,L&T Defence,2007,30,Out of Service
EQ00451,SUP0168,Communication System,Communication System,Ashok Leyland Defence,2019,17,Maintenance
EQ00452,SUP0207,Generator,Generator,Bharat Dynamics,2015,28,Operational
EQ00453,SUP0029,Truck,Truck,BEL,2020,24,Operational
EQ00454,SUP0058,Armored Vehicle,Armored Vehicle,L&T Defence,2024,29,Operational
EQ00455,SUP0049,Tank,Tank,BEL,2018,18,Operational
EQ00456,SUP0067,Missile Launcher,Missile Launcher,BEL,2025,14,Operational
EQ00457,SUP0073,Tank,Tank,Bharat Dynamics,2013,17,Operational
EQ00458,SUP0008,Communication System,Communication System,Tata Advanced Systems,2009,24,Maintenance
EQ00459,SUP0132,Radar,Radar,Mahindra Defence,2008,24,Operational
EQ00460,SUP0158,Armored Vehicle,Armored Vehicle,HAL,2008,30,Maintenance
EQ00461,SUP0267,Communication System,Communication System,DRDO,2012,25,Operational
EQ00462,SUP0286,Generator,Generator,Ashok Leyland Defence,2006,30,Operational
EQ00463,SUP0183,Truck,Truck,Bharat Dynamics,2019,26,Out of Service
EQ00464,SUP0214,Communication System,Communication System,L&T Defence,2017,12,Operational
EQ00465,SUP0168,Radar,Radar,BEL,2009,26,Operational
EQ00466,SUP0243,Tank,Tank,BEL,2008,19,Out of Service
EQ00467,SUP0178,Radar,Radar,Bharat Dynamics,2018,26,Maintenance
EQ00468,SUP0256,Tank,Tank,Bharat Dynamics,2016,29,Operational
EQ00469,SUP0134,Generator,Generator,DRDO,2018,25,Operational
EQ00470,SUP0059,Armored Vehicle,Armored Vehicle,DRDO,2011,23,Operational
EQ00471,SUP0283,Missile Launcher,Missile Launcher,HAL,2019,18,Operational
EQ00472,SUP0147,Tank,Tank,BEL,2009,22,Operational
EQ00473,SUP0199,Missile Launcher,Missile Launcher,BEL,2021,17,Operational
EQ00474,SUP0154,Tank,Tank,Mahindra Defence,2012,27,Operational
EQ00475,SUP0236,Drone,Drone,BEL,2006,16,Operational
EQ00476,SUP0036,Generator,Generator,L&T Defence,2013,22,Operational
EQ00477,SUP0247,Communication System,Communication System,Bharat Dynamics,2025,24,Operational
EQ00478,SUP0012,Missile Launcher,Missile Launcher,Ashok Leyland Defence,2022,18,Operational
EQ00479,SUP0097,Radar,Radar,Ashok Leyland Defence,2020,30,Operational
EQ00480,SUP0179,Communication System,Communication System,Bharat Dynamics,2009,21,Maintenance
EQ00481,SUP0106,Communication System,Communication System,Tata Advanced Systems,2012,10,Operational
EQ00482,SUP0267,Armored Vehicle,Armored Vehicle,DRDO,2023,21,Out of Service
EQ00483,SUP0191,Communication System,Communication System,HAL,2007,29,Maintenance
EQ00484,SUP0211,Armored Vehicle,Armored Vehicle,Ashok Leyland Defence,2019,21,Operational
EQ00485,SUP0073,Communication System,Communication System,DRDO,2020,11,Operational
EQ00486,SUP0029,Communication System,Communication System,DRDO,2022,13,Out of Service
EQ00487,SUP0133,Radar,Radar,Tata Advanced Systems,2025,28,Out of Service
EQ00488,SUP0083,Communication System,Communication System,BEL,2012,26,Operational
EQ00489,SUP0211,Tank,Tank,Ashok Leyland Defence,2012,22,Operational
EQ00490,SUP0182,Communication System,Communication System,BEL,2021,12,Maintenance
EQ00491,SUP0068,Radar,Radar,HAL,2022,26,Maintenance
EQ00492,SUP0042,Armored Vehicle,Armored Vehicle,Bharat Dynamics,2006,25,Maintenance
EQ00493,SUP0179,Drone,Drone,BEL,2006,22,Maintenance
EQ00494,SUP0057,Missile Launcher,Missile Launcher,Ashok Leyland Defence,2017,27,Operational
EQ00495,SUP0250,Drone,Drone,Bharat Dynamics,2012,21,Operational
EQ00496,SUP0224,Armored Vehicle,Armored Vehicle,BEL,2017,21,Operational
EQ00497,SUP0162,Tank,Tank,BEL,2017,23,Operational
EQ00498,SUP0239,Drone,Drone,BEL,2019,19,Operational
EQ00499,SUP0289,Truck,Truck,Tata Advanced Systems,2024,20,Operational
EQ00500,SUP0126,Communication System,Communication System,DRDO,2021,28,Operational
EQ00501,SUP0019,Truck,Truck,DRDO,2024,17,Operational
EQ00502,SUP0090,Radar,Radar,Bharat Dynamics,2021,13,Operational
EQ00503,SUP0127,Generator,Generator,Tata Advanced Systems,2025,19,Operational
EQ00504,SUP0297,Armored Vehicle,Armored Vehicle,Tata Advanced Systems,2013,10,Operational
EQ00505,SUP0095,Missile Launcher,Missile Launcher,BEL,2013,17,Maintenance
EQ00506,SUP0052,Tank,Tank,Mahindra Defence,2021,11,Operational
EQ00507,SUP0162,Armored Vehicle,Armored Vehicle,HAL,2016,19,Operational
EQ00508,SUP0247,Communication System,Communication System,Mahindra Defence,2007,20,Operational
EQ00509,SUP0236,Generator,Generator,Ashok Leyland Defence,2005,17,Operational
EQ00510,SUP0207,Armored Vehicle,Armored Vehicle,Tata Advanced Systems,2018,24,Operational
EQ00511,SUP0025,Truck,Truck,Mahindra Defence,2016,24,Operational
EQ00512,SUP0137,Armored Vehicle,Armored Vehicle,Mahindra Defence,2025,23,Operational
EQ00513,SUP0049,Truck,Truck,Mahindra Defence,2014,25,Operational
EQ00514,SUP0117,Truck,Truck,Mahindra Defence,2015,17,Operational
EQ00515,SUP0001,Armored Vehicle,Armored Vehicle,Ashok Leyland Defence,2024,19,Operational
EQ00516,SUP0058,Armored Vehicle,Armored Vehicle,HAL,2023,23,Operational
EQ00517,SUP0191,Missile Launcher,Missile Launcher,L&T Defence,2015,11,Operational
EQ00518,SUP0287,Generator,Generator,L&T Defence,2025,24,Operational
EQ00519,SUP0064,Communication System,Communication System,Tata Advanced Systems,2018,24,Operational
EQ00520,SUP0114,Generator,Generator,BEL,2018,14,Maintenance
EQ00521,SUP0174,Generator,Generator,BEL,2022,21,Operational
EQ00522,SUP0259,Radar,Radar,DRDO,2013,24,Operational
EQ00523,SUP0053,Communication System,Communication System,Tata Advanced Systems,2020,22,Operational
EQ00524,SUP0083,Drone,Drone,Tata Advanced Systems,2018,13,Operational
EQ00525,SUP0030,Truck,Truck,DRDO,2015,24,Operational
EQ00526,SUP0062,Missile Launcher,Missile Launcher,Mahindra Defence,2024,25,Operational
EQ00527,SUP0300,Drone,Drone,BEL,2020,17,Operational
EQ00528,SUP0054,Drone,Drone,Tata Advanced Systems,2010,13,Maintenance
EQ00529,SUP0245,Armored Vehicle,Armored Vehicle,L&T Defence,2008,27,Maintenance
EQ00530,SUP0275,Truck,Truck,DRDO,2009,21,Operational
EQ00531,SUP0095,Generator,Generator,Mahindra Defence,2010,11,Operational
EQ00532,SUP0224,Armored Vehicle,Armored Vehicle,L&T Defence,2006,19,Operational
EQ00533,SUP0081,Generator,Generator,Bharat Dynamics,2014,29,Maintenance
EQ00534,SUP0108,Radar,Radar,HAL,2015,30,Operational
EQ00535,SUP0283,Truck,Truck,Mahindra Defence,2007,10,Maintenance
EQ00536,SUP0131,Tank,Tank,DRDO,2022,21,Operational
EQ00537,SUP0079,Truck,Truck,Tata Advanced Systems,2016,26,Operational
EQ00538,SUP0023,Truck,Truck,BEL,2025,12,Operational
EQ00539,SUP0293,Truck,Truck,L&T Defence,2005,24,Maintenance
EQ00540,SUP0195,Communication System,Communication System,HAL,2006,25,Operational
EQ00541,SUP0097,Tank,Tank,BEL,2024,16,Maintenance
EQ00542,SUP0038,Generator,Generator,HAL,2010,24,Maintenance
EQ00543,SUP0188,Missile Launcher,Missile Launcher,Mahindra Defence,2006,16,Operational
EQ00544,SUP0250,Radar,Radar,L&T Defence,2025,22,Operational
EQ00545,SUP0114,Communication System,Communication System,BEL,2023,13,Operational
EQ00546,SUP0201,Communication System,Communication System,Ashok Leyland Defence,2013,16,Operational
EQ00547,SUP0128,Generator,Generator,Tata Advanced Systems,2015,15,Operational
EQ00548,SUP0025,Generator,Generator,Ashok Leyland Defence,2007,19,Maintenance
EQ00549,SUP0012,Armored Vehicle,Armored Vehicle,HAL,2014,20,Operational
EQ00550,SUP0280,Drone,Drone,BEL,2009,28,Operational
EQ00551,SUP0108,Tank,Tank,BEL,2019,30,Operational
EQ00552,SUP0112,Drone,Drone,Tata Advanced Systems,2022,22,Operational
EQ00553,SUP0200,Armored Vehicle,Armored Vehicle,BEL,2018,22,Out of Service
EQ00554,SUP0233,Communication System,Communication System,L&T Defence,2024,12,Operational
EQ00555,SUP0139,Radar,Radar,Bharat Dynamics,2015,17,Operational
EQ00556,SUP0022,Generator,Generator,Tata Advanced Systems,2012,28,Operational
EQ00557,SUP0188,Radar,Radar,Tata Advanced Systems,2020,25,Operational
EQ00558,SUP0110,Missile Launcher,Missile Launcher,Ashok Leyland Defence,2019,16,Operational
EQ00559,SUP0188,Generator,Generator,Ashok Leyland Defence,2019,21,Maintenance
EQ00560,SUP0194,Missile Launcher,Missile Launcher,HAL,2013,18,Operational
EQ00561,SUP0125,Armored Vehicle,Armored Vehicle,Bharat Dynamics,2007,29,Operational
EQ00562,SUP0224,Communication System,Communication System,HAL,2007,15,Out of Service
EQ00563,SUP0217,Communication System,Communication System,HAL,2020,21,Out of Service
EQ00564,SUP0071,Tank,Tank,BEL,2019,21,Out of Service
EQ00565,SUP0101,Generator,Generator,BEL,2023,11,Operational
EQ00566,SUP0243,Communication System,Communication System,Bharat Dynamics,2021,20,Operational
EQ00567,SUP0039,Tank,Tank,DRDO,2022,22,Operational
EQ00568,SUP0263,Missile Launcher,Missile Launcher,HAL,2020,25,Operational
EQ00569,SUP0075,Truck,Truck,Ashok Leyland Defence,2023,28,Operational
EQ00570,SUP0010,Armored Vehicle,Armored Vehicle,DRDO,2023,13,Maintenance
EQ00571,SUP0207,Truck,Truck,Mahindra Defence,2021,21,Operational
EQ00572,SUP0175,Communication System,Communication System,Bharat Dynamics,2022,21,Operational
EQ00573,SUP0057,Truck,Truck,Mahindra Defence,2013,21,Operational
EQ00574,SUP0112,Generator,Generator,Tata Advanced Systems,2014,26,Operational
EQ00575,SUP0292,Missile Launcher,Missile Launcher,Tata Advanced Systems,2016,30,Operational
EQ00576,SUP0144,Drone,Drone,Bharat Dynamics,2012,24,Operational
EQ00577,SUP0237,Communication System,Communication System,Tata Advanced Systems,2007,30,Operational
EQ00578,SUP0257,Radar,Radar,BEL,2011,19,Operational
EQ00579,SUP0122,Communication System,Communication System,L&T Defence,2022,18,Operational
EQ00580,SUP0055,Radar,Radar,BEL,2009,11,Maintenance
EQ00581,SUP0262,Generator,Generator,Bharat Dynamics,2024,28,Operational
EQ00582,SUP0080,Generator,Generator,Bharat Dynamics,2019,13,Operational
EQ00583,SUP0278,Armored Vehicle,Armored Vehicle,Mahindra Defence,2016,28,Operational
EQ00584,SUP0012,Communication System,Communication System,Ashok Leyland Defence,2022,29,Operational
EQ00585,SUP0117,Truck,Truck,Bharat Dynamics,2018,15,Operational
EQ00586,SUP0221,Communication System,Communication System,L&T Defence,2025,18,Operational
EQ00587,SUP0196,Drone,Drone,HAL,2012,14,Operational
EQ00588,SUP0263,Missile Launcher,Missile Launcher,L&T Defence,2025,29,Maintenance
EQ00589,SUP0137,Tank,Tank,Mahindra Defence,2005,19,Maintenance
EQ00590,SUP0110,Truck,Truck,Bharat Dynamics,2011,12,Operational
EQ00591,SUP0121,Truck,Truck,BEL,2018,27,Operational
EQ00592,SUP0224,Armored Vehicle,Armored Vehicle,Mahindra Defence,2019,20,Operational
EQ00593,SUP0281,Armored Vehicle,Armored Vehicle,HAL,2005,13,Maintenance
EQ00594,SUP0018,Radar,Radar,Mahindra Defence,2024,16,Operational
EQ00595,SUP0126,Truck,Truck,Tata Advanced Systems,2016,11,Operational
EQ00596,SUP0147,Missile Launcher,Missile Launcher,Bharat Dynamics,2015,30,Operational
EQ00597,SUP0149,Truck,Truck,Ashok Leyland Defence,2015,20,Operational
EQ00598,SUP0183,Communication System,Communication System,Tata Advanced Systems,2012,16,Operational
EQ00599,SUP0069,Generator,Generator,HAL,2021,25,Maintenance
EQ00600,SUP0066,Tank,Tank,Ashok Leyland Defence,2018,16,Out of Service
EQ00601,SUP0047,Radar,Radar,HAL,2015,15,Operational
EQ00602,SUP0291,Tank,Tank,Ashok Leyland Defence,2007,20,Maintenance
EQ00603,SUP0162,Missile Launcher,Missile Launcher,Ashok Leyland Defence,2008,28,Out of Service
EQ00604,SUP0022,Truck,Truck,DRDO,2006,29,Operational
EQ00605,SUP0124,Missile Launcher,Missile Launcher,Ashok Leyland Defence,2015,18,Operational
EQ00606,SUP0083,Tank,Tank,Ashok Leyland Defence,2018,29,Operational
EQ00607,SUP0295,Truck,Truck,Bharat Dynamics,2018,15,Operational
EQ00608,SUP0028,Tank,Tank,Mahindra Defence,2018,18,Operational
EQ00609,SUP0016,Radar,Radar,HAL,2017,30,Operational
EQ00610,SUP0038,Missile Launcher,Missile Launcher,Tata Advanced Systems,2006,25,Operational
EQ00611,SUP0117,Armored Vehicle,Armored Vehicle,L&T Defence,2019,12,Operational
EQ00612,SUP0023,Communication System,Communication System,DRDO,2009,19,Maintenance
EQ00613,SUP0286,Drone,Drone,BEL,2017,24,Operational
EQ00614,SUP0177,Radar,Radar,Mahindra Defence,2014,28,Operational
EQ00615,SUP0118,Drone,Drone,Mahindra Defence,2005,15,Operational
EQ00616,SUP0274,Armored Vehicle,Armored Vehicle,L&T Defence,2018,23,Operational
EQ00617,SUP0235,Drone,Drone,HAL,2014,14,Operational
EQ00618,SUP0097,Radar,Radar,L&T Defence,2021,21,Maintenance
EQ00619,SUP0076,Drone,Drone,L&T Defence,2006,17,Operational
EQ00620,SUP0272,Drone,Drone,HAL,2018,25,Operational
EQ00621,SUP0295,Missile Launcher,Missile Launcher,Tata Advanced Systems,2021,17,Operational
EQ00622,SUP0198,Radar,Radar,Tata Advanced Systems,2025,11,Operational
EQ00623,SUP0239,Radar,Radar,Tata Advanced Systems,2025,11,Maintenance
EQ00624,SUP0056,Missile Launcher,Missile Launcher,Bharat Dynamics,2024,24,Out of Service
EQ00625,SUP0061,Radar,Radar,HAL,2025,22,Operational
EQ00626,SUP0019,Radar,Radar,Ashok Leyland Defence,2019,28,Operational
EQ00627,SUP0235,Communication System,Communication System,Ashok Leyland Defence,2022,12,Maintenance
EQ00628,SUP0245,Drone,Drone,Bharat Dynamics,2024,30,Operational
EQ00629,SUP0224,Tank,Tank,DRDO,2006,29,Operational
EQ00630,SUP0238,Communication System,Communication System,Bharat Dynamics,2009,29,Operational
EQ00631,SUP0050,Armored Vehicle,Armored Vehicle,BEL,2005,15,Operational
EQ00632,SUP0245,Tank,Tank,BEL,2024,22,Operational
EQ00633,SUP0172,Communication System,Communication System,DRDO,2005,13,Operational
EQ00634,SUP0138,Generator,Generator,BEL,2009,29,Maintenance
EQ00635,SUP0012,Communication System,Communication System,DRDO,2013,16,Operational
EQ00636,SUP0236,Generator,Generator,Tata Advanced Systems,2007,27,Operational
EQ00637,SUP0020,Generator,Generator,Mahindra Defence,2014,17,Operational
EQ00638,SUP0082,Truck,Truck,BEL,2025,27,Maintenance
EQ00639,SUP0265,Armored Vehicle,Armored Vehicle,BEL,2015,27,Operational
EQ00640,SUP0021,Communication System,Communication System,Tata Advanced Systems,2005,12,Maintenance
EQ00641,SUP0205,Missile Launcher,Missile Launcher,Mahindra Defence,2017,21,Maintenance
EQ00642,SUP0248,Drone,Drone,Tata Advanced Systems,2011,22,Operational
EQ00643,SUP0089,Communication System,Communication System,Tata Advanced Systems,2009,25,Operational
EQ00644,SUP0143,Missile Launcher,Missile Launcher,Tata Advanced Systems,2010,16,Operational
EQ00645,SUP0026,Armored Vehicle,Armored Vehicle,Bharat Dynamics,2018,18,Operational
EQ00646,SUP0022,Radar,Radar,L&T Defence,2010,24,Operational
EQ00647,SUP0258,Communication System,Communication System,Ashok Leyland Defence,2016,19,Operational
EQ00648,SUP0234,Missile Launcher,Missile Launcher,DRDO,2018,12,Operational
EQ00649,SUP0185,Generator,Generator,DRDO,2007,25,Operational
EQ00650,SUP0288,Armored Vehicle,Armored Vehicle,Mahindra Defence,2022,10,Operational
EQ00651,SUP0253,Tank,Tank,DRDO,2020,15,Operational
EQ00652,SUP0225,Tank,Tank,Tata Advanced Systems,2025,21,Operational
EQ00653,SUP0141,Missile Launcher,Missile Launcher,Bharat Dynamics,2016,16,Maintenance
EQ00654,SUP0136,Drone,Drone,HAL,2018,10,Operational
EQ00655,SUP0130,Communication System,Communication System,BEL,2008,22,Out of Service
EQ00656,SUP0107,Truck,Truck,Mahindra Defence,2022,13,Operational
EQ00657,SUP0071,Missile Launcher,Missile Launcher,L&T Defence,2017,21,Operational
EQ00658,SUP0167,Radar,Radar,HAL,2022,24,Operational
EQ00659,SUP0233,Tank,Tank,HAL,2024,16,Operational
EQ00660,SUP0200,Drone,Drone,HAL,2007,12,Out of Service
EQ00661,SUP0096,Radar,Radar,Ashok Leyland Defence,2005,10,Operational
EQ00662,SUP0270,Generator,Generator,Tata Advanced Systems,2022,24,Operational
EQ00663,SUP0113,Missile Launcher,Missile Launcher,Bharat Dynamics,2005,29,Operational
EQ00664,SUP0100,Tank,Tank,Ashok Leyland Defence,2022,28,Operational
EQ00665,SUP0088,Armored Vehicle,Armored Vehicle,HAL,2013,27,Operational
EQ00666,SUP0184,Generator,Generator,BEL,2019,20,Operational
EQ00667,SUP0233,Generator,Generator,HAL,2025,21,Out of Service
EQ00668,SUP0186,Generator,Generator,DRDO,2008,12,Maintenance
EQ00669,SUP0097,Communication System,Communication System,Tata Advanced Systems,2014,23,Maintenance
EQ00670,SUP0254,Missile Launcher,Missile Launcher,BEL,2006,17,Operational
EQ00671,SUP0234,Radar,Radar,DRDO,2022,20,Operational
EQ00672,SUP0229,Armored Vehicle,Armored Vehicle,HAL,2010,28,Operational
EQ00673,SUP0289,Armored Vehicle,Armored Vehicle,Bharat Dynamics,2013,25,Operational
EQ00674,SUP0091,Generator,Generator,L&T Defence,2012,15,Operational
EQ00675,SUP0069,Generator,Generator,DRDO,2010,28,Operational
EQ00676,SUP0179,Truck,Truck,Bharat Dynamics,2024,18,Operational
EQ00677,SUP0225,Radar,Radar,DRDO,2025,24,Maintenance
EQ00678,SUP0013,Communication System,Communication System,Tata Advanced Systems,2024,24,Operational
EQ00679,SUP0089,Truck,Truck,Tata Advanced Systems,2011,14,Operational
EQ00680,SUP0018,Generator,Generator,Mahindra Defence,2017,21,Operational
EQ00681,SUP0014,Generator,Generator,HAL,2014,19,Operational
EQ00682,SUP0058,Communication System,Communication System,L&T Defence,2017,15,Operational
EQ00683,SUP0285,Drone,Drone,HAL,2023,22,Operational
EQ00684,SUP0146,Communication System,Communication System,DRDO,2005,10,Operational
EQ00685,SUP0034,Tank,Tank,Bharat Dynamics,2006,28,Operational
EQ00686,SUP0040,Radar,Radar,BEL,2020,17,Operational
EQ00687,SUP0224,Radar,Radar,HAL,2012,19,Operational
EQ00688,SUP0295,Truck,Truck,L&T Defence,2005,19,Operational
EQ00689,SUP0279,Missile Launcher,Missile Launcher,BEL,2023,28,Operational
EQ00690,SUP0093,Drone,Drone,L&T Defence,2017,28,Operational
EQ00691,SUP0097,Missile Launcher,Missile Launcher,DRDO,2010,30,Operational
EQ00692,SUP0186,Truck,Truck,DRDO,2006,21,Maintenance
EQ00693,SUP0162,Tank,Tank,BEL,2008,29,Operational
EQ00694,SUP0179,Tank,Tank,Ashok Leyland Defence,2024,11,Operational
EQ00695,SUP0007,Radar,Radar,Tata Advanced Systems,2018,19,Operational
EQ00696,SUP0130,Truck,Truck,L&T Defence,2022,24,Operational
EQ00697,SUP0193,Generator,Generator,Tata Advanced Systems,2008,25,Operational
EQ00698,SUP0031,Tank,Tank,BEL,2008,10,Operational
EQ00699,SUP0115,Generator,Generator,L&T Defence,2020,28,Operational
EQ00700,SUP0272,Tank,Tank,BEL,2015,22,Operational
EQ00701,SUP0205,Armored Vehicle,Armored Vehicle,Bharat Dynamics,2008,20,Maintenance
EQ00702,SUP0158,Generator,Generator,L&T Defence,2006,25,Out of Service
EQ00703,SUP0258,Generator,Generator,L&T Defence,2024,29,Operational
EQ00704,SUP0181,Radar,Radar,Tata Advanced Systems,2015,30,Maintenance
EQ00705,SUP0292,Truck,Truck,HAL,2016,20,Operational
EQ00706,SUP0079,Communication System,Communication System,Mahindra Defence,2020,16,Maintenance
EQ00707,SUP0039,Truck,Truck,Tata Advanced Systems,2012,27,Operational
EQ00708,SUP0098,Truck,Truck,Bharat Dynamics,2024,11,Operational
EQ00709,SUP0269,Armored Vehicle,Armored Vehicle,Mahindra Defence,2025,26,Maintenance
EQ00710,SUP0115,Truck,Truck,Bharat Dynamics,2017,19,Maintenance
EQ00711,SUP0079,Generator,Generator,L&T Defence,2007,19,Out of Service
EQ00712,SUP0091,Communication System,Communication System,Mahindra Defence,2020,30,Maintenance
EQ00713,SUP0080,Radar,Radar,Mahindra Defence,2014,21,Operational
EQ00714,SUP0284,Missile Launcher,Missile Launcher,HAL,2007,16,Operational
EQ00715,SUP0019,Radar,Radar,Bharat Dynamics,2012,27,Operational
EQ00716,SUP0093,Armored Vehicle,Armored Vehicle,Ashok Leyland Defence,2010,20,Operational
EQ00717,SUP0126,Drone,Drone,Ashok Leyland Defence,2020,18,Operational
EQ00718,SUP0079,Drone,Drone,L&T Defence,2014,24,Operational
EQ00719,SUP0076,Radar,Radar,DRDO,2022,27,Operational
EQ00720,SUP0087,Truck,Truck,Ashok Leyland Defence,2007,26,Operational
EQ00721,SUP0222,Truck,Truck,BEL,2007,10,Maintenance
EQ00722,SUP0182,Missile Launcher,Missile Launcher,Bharat Dynamics,2015,27,Operational
EQ00723,SUP0109,Tank,Tank,Ashok Leyland Defence,2005,21,Operational
EQ00724,SUP0044,Communication System,Communication System,Bharat Dynamics,2017,15,Operational
EQ00725,SUP0145,Generator,Generator,HAL,2014,21,Operational
EQ00726,SUP0074,Armored Vehicle,Armored Vehicle,L&T Defence,2014,25,Operational
EQ00727,SUP0192,Armored Vehicle,Armored Vehicle,Mahindra Defence,2023,10,Operational
EQ00728,SUP0271,Truck,Truck,BEL,2016,24,Operational
EQ00729,SUP0246,Radar,Radar,Bharat Dynamics,2007,24,Maintenance
EQ00730,SUP0261,Communication System,Communication System,Bharat Dynamics,2024,11,Operational
EQ00731,SUP0149,Radar,Radar,Ashok Leyland Defence,2012,10,Operational
EQ00732,SUP0065,Tank,Tank,BEL,2023,19,Operational
EQ00733,SUP0287,Armored Vehicle,Armored Vehicle,Ashok Leyland Defence,2021,19,Operational
EQ00734,SUP0030,Missile Launcher,Missile Launcher,L&T Defence,2016,19,Operational
EQ00735,SUP0261,Truck,Truck,DRDO,2014,28,Operational
EQ00736,SUP0094,Radar,Radar,HAL,2021,13,Operational
EQ00737,SUP0216,Drone,Drone,Ashok Leyland Defence,2011,25,Maintenance
EQ00738,SUP0048,Missile Launcher,Missile Launcher,Mahindra Defence,2022,10,Operational
EQ00739,SUP0132,Missile Launcher,Missile Launcher,DRDO,2020,27,Operational
EQ00740,SUP0254,Armored Vehicle,Armored Vehicle,Ashok Leyland Defence,2013,22,Operational
EQ00741,SUP0139,Radar,Radar,Mahindra Defence,2007,25,Operational
EQ00742,SUP0099,Communication System,Communication System,HAL,2010,30,Operational
EQ00743,SUP0123,Drone,Drone,Bharat Dynamics,2006,15,Operational
EQ00744,SUP0140,Tank,Tank,DRDO,2016,22,Operational
EQ00745,SUP0264,Drone,Drone,Ashok Leyland Defence,2025,23,Operational
EQ00746,SUP0090,Missile Launcher,Missile Launcher,Bharat Dynamics,2013,14,Operational
EQ00747,SUP0060,Radar,Radar,Mahindra Defence,2016,23,Operational
EQ00748,SUP0262,Tank,Tank,L&T Defence,2008,24,Operational
EQ00749,SUP0150,Communication System,Communication System,DRDO,2011,10,Operational
EQ00750,SUP0229,Communication System,Communication System,L&T Defence,2015,19,Operational
EQ00751,SUP0300,Armored Vehicle,Armored Vehicle,DRDO,2014,22,Operational
EQ00752,SUP0067,Communication System,Communication System,Mahindra Defence,2009,10,Maintenance
EQ00753,SUP0176,Drone,Drone,Bharat Dynamics,2014,12,Operational
EQ00754,SUP0199,Communication System,Communication System,Tata Advanced Systems,2005,20,Maintenance
EQ00755,SUP0179,Armored Vehicle,Armored Vehicle,Ashok Leyland Defence,2013,18,Operational
EQ00756,SUP0058,Armored Vehicle,Armored Vehicle,Ashok Leyland Defence,2017,29,Operational
EQ00757,SUP0004,Missile Launcher,Missile Launcher,DRDO,2020,18,Operational
EQ00758,SUP0237,Radar,Radar,Bharat Dynamics,2019,21,Operational
EQ00759,SUP0292,Radar,Radar,Tata Advanced Systems,2012,13,Maintenance
EQ00760,SUP0063,Tank,Tank,BEL,2011,25,Operational
EQ00761,SUP0218,Truck,Truck,BEL,2009,22,Operational
EQ00762,SUP0095,Radar,Radar,HAL,2019,12,Operational
EQ00763,SUP0219,Truck,Truck,Tata Advanced Systems,2007,10,Operational
EQ00764,SUP0225,Communication System,Communication System,HAL,2019,30,Operational
EQ00765,SUP0258,Radar,Radar,L&T Defence,2020,15,Operational
EQ00766,SUP0109,Truck,Truck,Ashok Leyland Defence,2023,22,Operational
EQ00767,SUP0293,Communication System,Communication System,HAL,2022,15,Out of Service
EQ00768,SUP0056,Drone,Drone,BEL,2024,29,Maintenance
EQ00769,SUP0175,Generator,Generator,HAL,2017,27,Operational
EQ00770,SUP0070,Tank,Tank,DRDO,2018,28,Maintenance
EQ00771,SUP0114,Communication System,Communication System,Tata Advanced Systems,2020,22,Operational
EQ00772,SUP0006,Truck,Truck,L&T Defence,2010,10,Out of Service
EQ00773,SUP0186,Armored Vehicle,Armored Vehicle,HAL,2019,25,Operational
EQ00774,SUP0040,Armored Vehicle,Armored Vehicle,Mahindra Defence,2011,22,Operational
EQ00775,SUP0213,Drone,Drone,Tata Advanced Systems,2016,29,Operational
EQ00776,SUP0112,Generator,Generator,Bharat Dynamics,2007,22,Out of Service
EQ00777,SUP0049,Missile Launcher,Missile Launcher,L&T Defence,2022,29,Operational
EQ00778,SUP0173,Drone,Drone,Bharat Dynamics,2015,11,Operational
EQ00779,SUP0248,Truck,Truck,BEL,2017,30,Operational
EQ00780,SUP0265,Radar,Radar,L&T Defence,2008,27,Operational
EQ00781,SUP0120,Missile Launcher,Missile Launcher,L&T Defence,2009,19,Maintenance
EQ00782,SUP0028,Drone,Drone,DRDO,2008,15,Operational
EQ00783,SUP0168,Truck,Truck,Bharat Dynamics,2010,13,Maintenance
EQ00784,SUP0100,Tank,Tank,BEL,2013,16,Operational
EQ00785,SUP0216,Tank,Tank,BEL,2017,15,Operational
EQ00786,SUP0058,Tank,Tank,BEL,2011,27,Operational
EQ00787,SUP0229,Generator,Generator,HAL,2024,13,Out of Service
EQ00788,SUP0246,Radar,Radar,L&T Defence,2023,15,Operational
EQ00789,SUP0196,Communication System,Communication System,L&T Defence,2009,19,Maintenance
EQ00790,SUP0220,Drone,Drone,Tata Advanced Systems,2011,16,Operational
EQ00791,SUP0135,Drone,Drone,HAL,2019,15,Operational
EQ00792,SUP0208,Tank,Tank,DRDO,2021,29,Operational
EQ00793,SUP0039,Armored Vehicle,Armored Vehicle,Mahindra Defence,2024,21,Maintenance
EQ00794,SUP0158,Radar,Radar,Tata Advanced Systems,2011,15,Operational
EQ00795,SUP0270,Communication System,Communication System,Tata Advanced Systems,2012,22,Operational
EQ00796,SUP0086,Missile Launcher,Missile Launcher,Bharat Dynamics,2020,12,Operational
EQ00797,SUP0222,Drone,Drone,Mahindra Defence,2022,21,Operational
EQ00798,SUP0116,Radar,Radar,L&T Defence,2013,23,Operational
EQ00799,SUP0115,Armored Vehicle,Armored Vehicle,DRDO,2009,30,Maintenance
EQ00800,SUP0215,Missile Launcher,Missile Launcher,L&T Defence,2020,28,Operational
EQ00801,SUP0122,Missile Launcher,Missile Launcher,Tata Advanced Systems,2016,21,Operational
EQ00802,SUP0129,Armored Vehicle,Armored Vehicle,L&T Defence,2024,24,Operational
EQ00803,SUP0098,Missile Launcher,Missile Launcher,DRDO,2025,10,Operational
EQ00804,SUP0091,Tank,Tank,L&T Defence,2014,18,Operational
EQ00805,SUP0213,Tank,Tank,Mahindra Defence,2007,12,Out of Service
EQ00806,SUP0019,Drone,Drone,HAL,2013,16,Operational
EQ00807,SUP0276,Missile Launcher,Missile Launcher,Mahindra Defence,2015,25,Operational
EQ00808,SUP0116,Drone,Drone,DRDO,2024,16,Operational
EQ00809,SUP0300,Radar,Radar,L&T Defence,2005,28,Maintenance
EQ00810,SUP0182,Tank,Tank,Tata Advanced Systems,2017,21,Operational
EQ00811,SUP0102,Armored Vehicle,Armored Vehicle,DRDO,2017,15,Operational
EQ00812,SUP0193,Radar,Radar,HAL,2019,13,Operational
EQ00813,SUP0098,Generator,Generator,L&T Defence,2021,24,Out of Service
EQ00814,SUP0175,Generator,Generator,L&T Defence,2019,11,Operational
EQ00815,SUP0292,Drone,Drone,Bharat Dynamics,2011,16,Operational
EQ00816,SUP0267,Missile Launcher,Missile Launcher,DRDO,2018,23,Operational
EQ00817,SUP0211,Generator,Generator,DRDO,2024,25,Operational
EQ00818,SUP0111,Generator,Generator,Ashok Leyland Defence,2020,20,Out of Service
EQ00819,SUP0134,Tank,Tank,Bharat Dynamics,2025,17,Operational
EQ00820,SUP0106,Radar,Radar,L&T Defence,2007,10,Operational
EQ00821,SUP0236,Drone,Drone,HAL,2021,29,Maintenance
EQ00822,SUP0214,Missile Launcher,Missile Launcher,Ashok Leyland Defence,2009,23,Maintenance
EQ00823,SUP0055,Tank,Tank,DRDO,2018,16,Out of Service
EQ00824,SUP0213,Drone,Drone,BEL,2024,22,Operational
EQ00825,SUP0202,Drone,Drone,BEL,2016,29,Out of Service
EQ00826,SUP0192,Radar,Radar,Ashok Leyland Defence,2020,25,Operational
EQ00827,SUP0055,Missile Launcher,Missile Launcher,HAL,2025,13,Operational
EQ00828,SUP0079,Radar,Radar,Bharat Dynamics,2005,19,Operational
EQ00829,SUP0229,Truck,Truck,HAL,2023,24,Operational
EQ00830,SUP0084,Truck,Truck,Tata Advanced Systems,2016,10,Operational
EQ00831,SUP0129,Truck,Truck,Ashok Leyland Defence,2008,14,Operational
EQ00832,SUP0157,Truck,Truck,Tata Advanced Systems,2017,12,Operational
EQ00833,SUP0262,Missile Launcher,Missile Launcher,L&T Defence,2008,26,Operational
EQ00834,SUP0021,Tank,Tank,DRDO,2006,20,Operational
EQ00835,SUP0035,Armored Vehicle,Armored Vehicle,BEL,2022,19,Operational
EQ00836,SUP0271,Tank,Tank,Tata Advanced Systems,2020,14,Operational
EQ00837,SUP0163,Communication System,Communication System,Ashok Leyland Defence,2005,28,Operational
EQ00838,SUP0137,Armored Vehicle,Armored Vehicle,DRDO,2017,13,Operational
EQ00839,SUP0097,Tank,Tank,BEL,2017,20,Operational
EQ00840,SUP0220,Drone,Drone,L&T Defence,2024,25,Operational
EQ00841,SUP0074,Tank,Tank,L&T Defence,2006,23,Operational
EQ00842,SUP0144,Truck,Truck,DRDO,2011,15,Operational
EQ00843,SUP0112,Radar,Radar,BEL,2014,14,Operational
EQ00844,SUP0234,Missile Launcher,Missile Launcher,L&T Defence,2010,23,Operational
EQ00845,SUP0115,Radar,Radar,HAL,2007,25,Operational
EQ00846,SUP0166,Tank,Tank,DRDO,2016,13,Out of Service
EQ00847,SUP0222,Tank,Tank,L&T Defence,2005,18,Operational
EQ00848,SUP0126,Armored Vehicle,Armored Vehicle,L&T Defence,2022,17,Maintenance
EQ00849,SUP0090,Tank,Tank,Tata Advanced Systems,2015,24,Operational
EQ00850,SUP0086,Missile Launcher,Missile Launcher,Ashok Leyland Defence,2013,21,Operational
EQ00851,SUP0095,Tank,Tank,HAL,2014,20,Operational
EQ00852,SUP0218,Drone,Drone,Tata Advanced Systems,2022,13,Maintenance
EQ00853,SUP0015,Communication System,Communication System,HAL,2019,18,Operational
EQ00854,SUP0127,Communication System,Communication System,HAL,2025,21,Operational
EQ00855,SUP0086,Tank,Tank,Ashok Leyland Defence,2012,29,Operational
EQ00856,SUP0236,Tank,Tank,Tata Advanced Systems,2022,28,Operational
EQ00857,SUP0166,Radar,Radar,Ashok Leyland Defence,2016,10,Operational
EQ00858,SUP0056,Tank,Tank,BEL,2024,27,Operational
EQ00859,SUP0058,Generator,Generator,Tata Advanced Systems,2020,22,Operational
EQ00860,SUP0055,Armored Vehicle,Armored Vehicle,BEL,2009,17,Operational
EQ00861,SUP0003,Armored Vehicle,Armored Vehicle,Ashok Leyland Defence,2013,21,Operational
EQ00862,SUP0262,Drone,Drone,Tata Advanced Systems,2015,23,Operational
EQ00863,SUP0066,Tank,Tank,BEL,2007,24,Operational
EQ00864,SUP0199,Truck,Truck,HAL,2008,28,Operational
EQ00865,SUP0183,Missile Launcher,Missile Launcher,Bharat Dynamics,2007,12,Operational
EQ00866,SUP0179,Radar,Radar,HAL,2007,22,Operational
EQ00867,SUP0033,Armored Vehicle,Armored Vehicle,L&T Defence,2013,19,Operational
EQ00868,SUP0035,Communication System,Communication System,Ashok Leyland Defence,2018,18,Operational
EQ00869,SUP0148,Missile Launcher,Missile Launcher,DRDO,2013,18,Operational
EQ00870,SUP0274,Truck,Truck,L&T Defence,2021,13,Operational
EQ00871,SUP0196,Truck,Truck,Tata Advanced Systems,2024,10,Out of Service
EQ00872,SUP0150,Generator,Generator,HAL,2015,15,Operational
EQ00873,SUP0063,Communication System,Communication System,Tata Advanced Systems,2023,29,Operational
EQ00874,SUP0122,Radar,Radar,Ashok Leyland Defence,2017,13,Operational
EQ00875,SUP0236,Truck,Truck,Mahindra Defence,2006,25,Operational
EQ00876,SUP0201,Generator,Generator,Mahindra Defence,2007,28,Maintenance
EQ00877,SUP0119,Radar,Radar,Bharat Dynamics,2017,18,Operational
EQ00878,SUP0211,Communication System,Communication System,L&T Defence,2008,11,Maintenance
EQ00879,SUP0062,Armored Vehicle,Armored Vehicle,HAL,2016,12,Operational
EQ00880,SUP0145,Tank,Tank,Mahindra Defence,2012,26,Maintenance
EQ00881,SUP0252,Communication System,Communication System,Tata Advanced Systems,2023,15,Operational
EQ00882,SUP0141,Drone,Drone,Bharat Dynamics,2006,16,Operational
EQ00883,SUP0090,Missile Launcher,Missile Launcher,Tata Advanced Systems,2012,29,Operational
EQ00884,SUP0165,Communication System,Communication System,L&T Defence,2018,28,Operational
EQ00885,SUP0083,Radar,Radar,Mahindra Defence,2015,21,Operational
EQ00886,SUP0279,Generator,Generator,Mahindra Defence,2018,15,Operational
EQ00887,SUP0228,Armored Vehicle,Armored Vehicle,Bharat Dynamics,2016,26,Operational
EQ00888,SUP0098,Missile Launcher,Missile Launcher,Mahindra Defence,2017,21,Operational
EQ00889,SUP0047,Communication System,Communication System,BEL,2011,18,Operational
EQ00890,SUP0150,Tank,Tank,DRDO,2005,30,Operational
EQ00891,SUP0189,Tank,Tank,Tata Advanced Systems,2017,11,Operational
EQ00892,SUP0127,Generator,Generator,DRDO,2007,14,Out of Service
EQ00893,SUP0289,Communication System,Communication System,Tata Advanced Systems,2022,13,Operational
EQ00894,SUP0269,Drone,Drone,BEL,2024,25,Operational
EQ00895,SUP0197,Truck,Truck,BEL,2014,13,Maintenance
EQ00896,SUP0086,Generator,Generator,Ashok Leyland Defence,2022,29,Operational
EQ00897,SUP0020,Missile Launcher,Missile Launcher,Bharat Dynamics,2009,11,Maintenance
EQ00898,SUP0077,Drone,Drone,DRDO,2011,25,Operational
EQ00899,SUP0073,Drone,Drone,HAL,2021,17,Out of Service
EQ00900,SUP0155,Tank,Tank,L&T Defence,2021,28,Operational
EQ00901,SUP0048,Truck,Truck,Mahindra Defence,2024,20,Out of Service
EQ00902,SUP0064,Missile Launcher,Missile Launcher,Tata Advanced Systems,2016,10,Operational
EQ00903,SUP0217,Tank,Tank,L&T Defence,2005,16,Maintenance
EQ00904,SUP0280,Tank,Tank,L&T Defence,2011,22,Maintenance
EQ00905,SUP0005,Drone,Drone,Bharat Dynamics,2005,19,Operational
EQ00906,SUP0012,Drone,Drone,Ashok Leyland Defence,2008,24,Operational
EQ00907,SUP0248,Tank,Tank,Bharat Dynamics,2016,11,Operational
EQ00908,SUP0065,Drone,Drone,L&T Defence,2011,25,Operational
EQ00909,SUP0029,Drone,Drone,BEL,2022,25,Operational
EQ00910,SUP0275,Communication System,Communication System,DRDO,2016,25,Operational
EQ00911,SUP0251,Drone,Drone,Ashok Leyland Defence,2011,29,Operational
EQ00912,SUP0222,Communication System,Communication System,L&T Defence,2020,28,Operational
EQ00913,SUP0260,Truck,Truck,HAL,2007,17,Maintenance
EQ00914,SUP0201,Truck,Truck,BEL,2009,23,Operational
EQ00915,SUP0232,Tank,Tank,HAL,2019,27,Operational
EQ00916,SUP0298,Generator,Generator,L&T Defence,2018,21,Operational
EQ00917,SUP0250,Generator,Generator,Ashok Leyland Defence,2018,11,Operational
EQ00918,SUP0034,Communication System,Communication System,BEL,2017,12,Operational
EQ00919,SUP0247,Tank,Tank,DRDO,2024,29,Operational
EQ00920,SUP0260,Drone,Drone,DRDO,2015,20,Operational
EQ00921,SUP0022,Tank,Tank,Ashok Leyland Defence,2022,24,Operational
EQ00922,SUP0193,Communication System,Communication System,BEL,2022,10,Operational
EQ00923,SUP0104,Generator,Generator,DRDO,2013,16,Out of Service
EQ00924,SUP0203,Drone,Drone,Mahindra Defence,2025,27,Operational
EQ00925,SUP0178,Armored Vehicle,Armored Vehicle,Bharat Dynamics,2010,23,Maintenance
EQ00926,SUP0187,Radar,Radar,HAL,2007,10,Operational
EQ00927,SUP0091,Generator,Generator,Tata Advanced Systems,2005,14,Operational
EQ00928,SUP0013,Communication System,Communication System,Bharat Dynamics,2009,28,Operational
EQ00929,SUP0162,Armored Vehicle,Armored Vehicle,Tata Advanced Systems,2013,12,Out of Service
EQ00930,SUP0268,Communication System,Communication System,Bharat Dynamics,2025,10,Operational
EQ00931,SUP0100,Generator,Generator,Mahindra Defence,2019,26,Operational
EQ00932,SUP0053,Tank,Tank,HAL,2009,11,Out of Service
EQ00933,SUP0062,Missile Launcher,Missile Launcher,L&T Defence,2022,11,Operational
EQ00934,SUP0265,Truck,Truck,L&T Defence,2019,12,Operational
EQ00935,SUP0103,Truck,Truck,Tata Advanced Systems,2022,11,Operational
EQ00936,SUP0062,Armored Vehicle,Armored Vehicle,Ashok Leyland Defence,2023,12,Operational
EQ00937,SUP0146,Truck,Truck,Tata Advanced Systems,2025,17,Operational
EQ00938,SUP0162,Radar,Radar,HAL,2013,20,Maintenance
EQ00939,SUP0176,Truck,Truck,Tata Advanced Systems,2015,12,Operational
EQ00940,SUP0278,Communication System,Communication System,DRDO,2022,14,Out of Service
EQ00941,SUP0129,Missile Launcher,Missile Launcher,L&T Defence,2014,25,Operational
EQ00942,SUP0146,Truck,Truck,L&T Defence,2011,14,Operational
EQ00943,SUP0160,Radar,Radar,HAL,2020,16,Operational
EQ00944,SUP0286,Tank,Tank,Mahindra Defence,2010,23,Operational
EQ00945,SUP0165,Missile Launcher,Missile Launcher,Mahindra Defence,2022,24,Maintenance
EQ00946,SUP0154,Missile Launcher,Missile Launcher,Tata Advanced Systems,2012,21,Maintenance
EQ00947,SUP0049,Armored Vehicle,Armored Vehicle,Ashok Leyland Defence,2006,23,Operational
EQ00948,SUP0070,Radar,Radar,BEL,2006,14,Out of Service
EQ00949,SUP0224,Radar,Radar,Tata Advanced Systems,2020,15,Operational
EQ00950,SUP0014,Drone,Drone,Mahindra Defence,2025,16,Operational
EQ00951,SUP0287,Truck,Truck,Ashok Leyland Defence,2017,25,Out of Service
EQ00952,SUP0029,Radar,Radar,Mahindra Defence,2014,29,Operational
EQ00953,SUP0016,Truck,Truck,Bharat Dynamics,2022,20,Operational
EQ00954,SUP0119,Generator,Generator,HAL,2022,19,Operational
EQ00955,SUP0180,Communication System,Communication System,Tata Advanced Systems,2014,28,Operational
EQ00956,SUP0060,Missile Launcher,Missile Launcher,Mahindra Defence,2011,14,Maintenance
EQ00957,SUP0069,Truck,Truck,BEL,2021,30,Operational
EQ00958,SUP0238,Generator,Generator,Ashok Leyland Defence,2009,12,Operational
EQ00959,SUP0120,Drone,Drone,BEL,2008,23,Maintenance
EQ00960,SUP0197,Communication System,Communication System,Ashok Leyland Defence,2025,24,Operational
EQ00961,SUP0081,Radar,Radar,HAL,2015,20,Operational
EQ00962,SUP0147,Communication System,Communication System,Tata Advanced Systems,2020,10,Operational
EQ00963,SUP0272,Armored Vehicle,Armored Vehicle,HAL,2021,19,Maintenance
EQ00964,SUP0128,Missile Launcher,Missile Launcher,Tata Advanced Systems,2021,23,Operational
EQ00965,SUP0111,Armored Vehicle,Armored Vehicle,L&T Defence,2022,27,Operational
EQ00966,SUP0033,Tank,Tank,BEL,2021,25,Operational
EQ00967,SUP0193,Communication System,Communication System,Ashok Leyland Defence,2024,22,Operational
EQ00968,SUP0063,Drone,Drone,BEL,2014,25,Operational
EQ00969,SUP0191,Tank,Tank,DRDO,2010,25,Operational
EQ00970,SUP0099,Communication System,Communication System,Bharat Dynamics,2006,25,Maintenance
EQ00971,SUP0286,Drone,Drone,L&T Defence,2005,19,Maintenance
EQ00972,SUP0165,Tank,Tank,DRDO,2009,29,Operational
EQ00973,SUP0232,Missile Launcher,Missile Launcher,L&T Defence,2018,30,Operational
EQ00974,SUP0111,Tank,Tank,Tata Advanced Systems,2016,21,Operational
EQ00975,SUP0015,Drone,Drone,Mahindra Defence,2015,29,Operational
EQ00976,SUP0200,Generator,Generator,L&T Defence,2023,15,Operational
EQ00977,SUP0018,Drone,Drone,DRDO,2019,20,Operational
EQ00978,SUP0164,Drone,Drone,L&T Defence,2010,25,Operational
EQ00979,SUP0179,Missile Launcher,Missile Launcher,Ashok Leyland Defence,2009,12,Maintenance
EQ00980,SUP0094,Missile Launcher,Missile Launcher,BEL,2019,19,Operational
EQ00981,SUP0164,Drone,Drone,HAL,2019,28,Operational
EQ00982,SUP0011,Tank,Tank,L&T Defence,2025,22,Operational
EQ00983,SUP0117,Truck,Truck,Bharat Dynamics,2024,13,Operational
EQ00984,SUP0234,Communication System,Communication System,HAL,2008,25,Maintenance
EQ00985,SUP0025,Generator,Generator,Bharat Dynamics,2008,30,Operational
EQ00986,SUP0058,Missile Launcher,Missile Launcher,HAL,2020,18,Operational
EQ00987,SUP0156,Missile Launcher,Missile Launcher,Mahindra Defence,2019,19,Operational
EQ00988,SUP0253,Missile Launcher,Missile Launcher,Mahindra Defence,2005,20,Maintenance
EQ00989,SUP0077,Truck,Truck,DRDO,2006,28,Operational
EQ00990,SUP0129,Radar,Radar,L&T Defence,2014,19,Operational
EQ00991,SUP0181,Truck,Truck,L&T Defence,2015,18,Operational
EQ00992,SUP0190,Communication System,Communication System,Mahindra Defence,2007,10,Maintenance
EQ00993,SUP0233,Armored Vehicle,Armored Vehicle,Tata Advanced Systems,2015,30,Maintenance
EQ00994,SUP0257,Armored Vehicle,Armored Vehicle,Mahindra Defence,2022,24,Operational
EQ00995,SUP0277,Tank,Tank,L&T Defence,2006,10,Operational
EQ00996,SUP0279,Communication System,Communication System,Ashok Leyland Defence,2019,28,Operational
EQ00997,SUP0147,Communication System,Communication System,DRDO,2015,29,Operational
EQ00998,SUP0291,Armored Vehicle,Armored Vehicle,Mahindra Defence,2018,30,Operational
EQ00999,SUP0268,Armored Vehicle,Armored Vehicle,HAL,2021,18,Operational
EQ01000,SUP0205,Radar,Radar,Bharat Dynamics,2024,21,Operational
EQ01001,SUP0037,Armored Vehicle,Armored Vehicle,Bharat Dynamics,2018,15,Operational
EQ01002,SUP0269,Generator,Generator,DRDO,2014,11,Operational
EQ01003,SUP0126,Armored Vehicle,Armored Vehicle,DRDO,2017,11,Operational
EQ01004,SUP0025,Communication System,Communication System,DRDO,2018,24,Maintenance
EQ01005,SUP0050,Communication System,Communication System,Bharat Dynamics,2022,14,Maintenance
EQ01006,SUP0097,Missile Launcher,Missile Launcher,Tata Advanced Systems,2009,26,Maintenance
EQ01007,SUP0299,Armored Vehicle,Armored Vehicle,BEL,2006,23,Operational
EQ01008,SUP0047,Drone,Drone,BEL,2024,13,Maintenance
EQ01009,SUP0159,Radar,Radar,L&T Defence,2021,29,Operational
EQ01010,SUP0132,Tank,Tank,Mahindra Defence,2020,24,Operational
EQ01011,SUP0182,Tank,Tank,Tata Advanced Systems,2007,18,Operational
EQ01012,SUP0134,Drone,Drone,BEL,2025,13,Operational
EQ01013,SUP0257,Tank,Tank,BEL,2007,27,Operational
EQ01014,SUP0011,Armored Vehicle,Armored Vehicle,Ashok Leyland Defence,2023,19,Maintenance
EQ01015,SUP0059,Drone,Drone,Ashok Leyland Defence,2014,30,Operational
EQ01016,SUP0294,Generator,Generator,L&T Defence,2013,23,Operational
EQ01017,SUP0240,Radar,Radar,DRDO,2024,17,Maintenance
EQ01018,SUP0225,Tank,Tank,Mahindra Defence,2025,26,Operational
EQ01019,SUP0279,Missile Launcher,Missile Launcher,HAL,2020,11,Operational
EQ01020,SUP0033,Truck,Truck,Tata Advanced Systems,2011,16,Maintenance
EQ01021,SUP0069,Armored Vehicle,Armored Vehicle,HAL,2021,30,Operational
EQ01022,SUP0204,Missile Launcher,Missile Launcher,BEL,2006,30,Operational
EQ01023,SUP0227,Tank,Tank,DRDO,2009,11,Operational
EQ01024,SUP0248,Armored Vehicle,Armored Vehicle,BEL,2023,24,Operational
EQ01025,SUP0120,Missile Launcher,Missile Launcher,Bharat Dynamics,2008,28,Operational
EQ01026,SUP0062,Missile Launcher,Missile Launcher,Bharat Dynamics,2006,13,Out of Service
EQ01027,SUP0016,Truck,Truck,Bharat Dynamics,2013,28,Operational
EQ01028,SUP0282,Radar,Radar,Bharat Dynamics,2023,27,Operational
EQ01029,SUP0044,Drone,Drone,Ashok Leyland Defence,2025,13,Operational
EQ01030,SUP0192,Generator,Generator,Mahindra Defence,2018,11,Maintenance
EQ01031,SUP0175,Missile Launcher,Missile Launcher,Tata Advanced Systems,2011,23,Operational
EQ01032,SUP0013,Generator,Generator,DRDO,2016,26,Operational
EQ01033,SUP0276,Communication System,Communication System,BEL,2021,20,Operational
EQ01034,SUP0080,Truck,Truck,Bharat Dynamics,2023,15,Operational
EQ01035,SUP0175,Armored Vehicle,Armored Vehicle,BEL,2019,10,Operational
EQ01036,SUP0240,Missile Launcher,Missile Launcher,Mahindra Defence,2023,26,Operational
EQ01037,SUP0020,Drone,Drone,Bharat Dynamics,2023,24,Operational
EQ01038,SUP0283,Radar,Radar,L&T Defence,2008,10,Operational
EQ01039,SUP0018,Communication System,Communication System,BEL,2021,20,Operational
EQ01040,SUP0262,Missile Launcher,Missile Launcher,Ashok Leyland Defence,2006,24,Out of Service
EQ01041,SUP0116,Missile Launcher,Missile Launcher,DRDO,2020,29,Operational
EQ01042,SUP0076,Missile Launcher,Missile Launcher,Ashok Leyland Defence,2007,11,Maintenance
EQ01043,SUP0016,Truck,Truck,Bharat Dynamics,2024,10,Operational
EQ01044,SUP0004,Drone,Drone,DRDO,2009,14,Operational
EQ01045,SUP0208,Tank,Tank,BEL,2013,14,Operational
EQ01046,SUP0077,Drone,Drone,L&T Defence,2016,16,Maintenance
EQ01047,SUP0257,Communication System,Communication System,BEL,2007,27,Operational
EQ01048,SUP0114,Armored Vehicle,Armored Vehicle,L&T Defence,2013,17,Operational
EQ01049,SUP0083,Communication System,Communication System,HAL,2022,21,Operational
EQ01050,SUP0167,Communication System,Communication System,L&T Defence,2018,21,Maintenance
EQ01051,SUP0056,Radar,Radar,Tata Advanced Systems,2013,26,Operational
EQ01052,SUP0259,Communication System,Communication System,Ashok Leyland Defence,2013,15,Operational
EQ01053,SUP0107,Tank,Tank,DRDO,2018,25,Operational
EQ01054,SUP0164,Missile Launcher,Missile Launcher,DRDO,2022,16,Operational
EQ01055,SUP0250,Armored Vehicle,Armored Vehicle,BEL,2024,18,Operational
EQ01056,SUP0103,Tank,Tank,Tata Advanced Systems,2011,13,Operational
EQ01057,SUP0037,Truck,Truck,DRDO,2022,25,Operational
EQ01058,SUP0192,Drone,Drone,Bharat Dynamics,2011,11,Operational
EQ01059,SUP0050,Generator,Generator,Ashok Leyland Defence,2014,26,Operational
EQ01060,SUP0246,Armored Vehicle,Armored Vehicle,Ashok Leyland Defence,2006,23,Operational
EQ01061,SUP0111,Communication System,Communication System,Bharat Dynamics,2009,27,Out of Service
EQ01062,SUP0122,Missile Launcher,Missile Launcher,Mahindra Defence,2021,14,Operational
EQ01063,SUP0110,Generator,Generator,Bharat Dynamics,2017,12,Operational
EQ01064,SUP0105,Drone,Drone,L&T Defence,2014,19,Operational
EQ01065,SUP0146,Armored Vehicle,Armored Vehicle,BEL,2006,20,Operational
EQ01066,SUP0014,Missile Launcher,Missile Launcher,DRDO,2015,13,Maintenance
EQ01067,SUP0187,Truck,Truck,L&T Defence,2009,22,Operational
EQ01068,SUP0209,Truck,Truck,HAL,2025,25,Operational
EQ01069,SUP0001,Truck,Truck,Tata Advanced Systems,2015,19,Operational
EQ01070,SUP0057,Radar,Radar,DRDO,2006,24,Operational
EQ01071,SUP0235,Communication System,Communication System,HAL,2007,13,Maintenance
EQ01072,SUP0016,Drone,Drone,Mahindra Defence,2023,28,Operational
EQ01073,SUP0290,Missile Launcher,Missile Launcher,BEL,2025,16,Operational
EQ01074,SUP0070,Truck,Truck,L&T Defence,2025,12,Operational
EQ01075,SUP0133,Communication System,Communication System,Bharat Dynamics,2012,14,Operational
EQ01076,SUP0018,Communication System,Communication System,Tata Advanced Systems,2014,20,Operational
EQ01077,SUP0054,Radar,Radar,HAL,2012,26,Operational
EQ01078,SUP0057,Truck,Truck,Tata Advanced Systems,2017,15,Operational
EQ01079,SUP0279,Drone,Drone,DRDO,2007,19,Maintenance
EQ01080,SUP0096,Drone,Drone,Ashok Leyland Defence,2018,23,Operational
EQ01081,SUP0178,Drone,Drone,Ashok Leyland Defence,2008,22,Out of Service
EQ01082,SUP0008,Armored Vehicle,Armored Vehicle,L&T Defence,2022,23,Operational
EQ01083,SUP0139,Armored Vehicle,Armored Vehicle,HAL,2013,17,Operational
EQ01084,SUP0100,Drone,Drone,BEL,2007,15,Maintenance
EQ01085,SUP0150,Missile Launcher,Missile Launcher,L&T Defence,2021,10,Operational
EQ01086,SUP0055,Generator,Generator,Ashok Leyland Defence,2016,28,Operational
EQ01087,SUP0260,Drone,Drone,HAL,2005,17,Operational
EQ01088,SUP0259,Communication System,Communication System,HAL,2018,28,Operational
EQ01089,SUP0171,Drone,Drone,Bharat Dynamics,2021,27,Operational
EQ01090,SUP0120,Drone,Drone,Ashok Leyland Defence,2025,18,Operational
EQ01091,SUP0290,Truck,Truck,Bharat Dynamics,2013,21,Operational
EQ01092,SUP0042,Missile Launcher,Missile Launcher,L&T Defence,2024,21,Operational
EQ01093,SUP0146,Missile Launcher,Missile Launcher,BEL,2008,13,Out of Service
EQ01094,SUP0193,Missile Launcher,Missile Launcher,DRDO,2025,11,Operational
EQ01095,SUP0279,Truck,Truck,BEL,2015,29,Operational
EQ01096,SUP0120,Radar,Radar,BEL,2005,12,Maintenance
EQ01097,SUP0210,Communication System,Communication System,Mahindra Defence,2013,14,Operational
EQ01098,SUP0209,Tank,Tank,HAL,2011,24,Operational
EQ01099,SUP0037,Drone,Drone,HAL,2021,20,Operational
EQ01100,SUP0040,Radar,Radar,Mahindra Defence,2019,10,Operational
EQ01101,SUP0010,Generator,Generator,Tata Advanced Systems,2011,29,Out of Service
EQ01102,SUP0273,Generator,Generator,Ashok Leyland Defence,2023,11,Operational
EQ01103,SUP0213,Generator,Generator,HAL,2017,27,Operational
EQ01104,SUP0192,Generator,Generator,Ashok Leyland Defence,2016,15,Out of Service
EQ01105,SUP0168,Generator,Generator,BEL,2022,20,Out of Service
EQ01106,SUP0242,Radar,Radar,Bharat Dynamics,2008,28,Operational
EQ01107,SUP0115,Tank,Tank,BEL,2008,18,Operational
EQ01108,SUP0046,Communication System,Communication System,Tata Advanced Systems,2012,27,Operational
EQ01109,SUP0150,Generator,Generator,L&T Defence,2006,26,Operational
EQ01110,SUP0158,Generator,Generator,Tata Advanced Systems,2018,21,Operational
EQ01111,SUP0280,Generator,Generator,Bharat Dynamics,2018,15,Operational
EQ01112,SUP0166,Armored Vehicle,Armored Vehicle,Bharat Dynamics,2008,22,Maintenance
EQ01113,SUP0112,Generator,Generator,Tata Advanced Systems,2024,17,Operational
EQ01114,SUP0172,Drone,Drone,Tata Advanced Systems,2015,16,Operational
EQ01115,SUP0075,Communication System,Communication System,Ashok Leyland Defence,2025,28,Out of Service
EQ01116,SUP0101,Tank,Tank,Bharat Dynamics,2024,23,Operational
EQ01117,SUP0200,Armored Vehicle,Armored Vehicle,DRDO,2007,20,Operational
EQ01118,SUP0170,Armored Vehicle,Armored Vehicle,L&T Defence,2022,17,Operational
EQ01119,SUP0168,Truck,Truck,Bharat Dynamics,2009,23,Operational
EQ01120,SUP0204,Generator,Generator,L&T Defence,2023,18,Operational
EQ01121,SUP0094,Communication System,Communication System,Ashok Leyland Defence,2014,28,Operational
EQ01122,SUP0153,Communication System,Communication System,L&T Defence,2024,11,Out of Service
EQ01123,SUP0285,Missile Launcher,Missile Launcher,HAL,2022,17,Operational
EQ01124,SUP0267,Armored Vehicle,Armored Vehicle,Ashok Leyland Defence,2018,15,Operational
EQ01125,SUP0025,Truck,Truck,DRDO,2016,17,Operational
EQ01126,SUP0121,Truck,Truck,Bharat Dynamics,2015,26,Operational
EQ01127,SUP0051,Missile Launcher,Missile Launcher,Mahindra Defence,2019,14,Operational
EQ01128,SUP0110,Generator,Generator,DRDO,2008,26,Operational
EQ01129,SUP0254,Armored Vehicle,Armored Vehicle,DRDO,2023,21,Operational
EQ01130,SUP0290,Generator,Generator,HAL,2006,11,Operational
EQ01131,SUP0294,Generator,Generator,DRDO,2011,22,Operational
EQ01132,SUP0228,Communication System,Communication System,Bharat Dynamics,2010,28,Operational
EQ01133,SUP0214,Drone,Drone,Bharat Dynamics,2024,20,Operational
EQ01134,SUP0176,Missile Launcher,Missile Launcher,Tata Advanced Systems,2018,20,Operational
EQ01135,SUP0031,Radar,Radar,HAL,2025,11,Operational
EQ01136,SUP0060,Communication System,Communication System,HAL,2012,28,Operational
EQ01137,SUP0114,Tank,Tank,Tata Advanced Systems,2005,26,Maintenance
EQ01138,SUP0041,Communication System,Communication System,L&T Defence,2023,17,Operational
EQ01139,SUP0238,Truck,Truck,Ashok Leyland Defence,2006,11,Operational
EQ01140,SUP0129,Communication System,Communication System,DRDO,2007,25,Maintenance
EQ01141,SUP0126,Truck,Truck,Bharat Dynamics,2013,25,Operational
EQ01142,SUP0214,Tank,Tank,BEL,2018,25,Operational
EQ01143,SUP0204,Missile Launcher,Missile Launcher,L&T Defence,2022,11,Operational
EQ01144,SUP0268,Tank,Tank,Mahindra Defence,2018,25,Operational
EQ01145,SUP0214,Missile Launcher,Missile Launcher,DRDO,2008,20,Operational
EQ01146,SUP0131,Truck,Truck,HAL,2012,17,Maintenance
EQ01147,SUP0072,Armored Vehicle,Armored Vehicle,BEL,2011,19,Operational
EQ01148,SUP0287,Generator,Generator,L&T Defence,2007,30,Operational
EQ01149,SUP0300,Generator,Generator,Ashok Leyland Defence,2006,15,Maintenance
EQ01150,SUP0032,Generator,Generator,DRDO,2019,26,Operational
EQ01151,SUP0191,Missile Launcher,Missile Launcher,Ashok Leyland Defence,2010,28,Operational
EQ01152,SUP0137,Missile Launcher,Missile Launcher,Mahindra Defence,2011,19,Maintenance
EQ01153,SUP0085,Tank,Tank,L&T Defence,2022,28,Operational
EQ01154,SUP0039,Radar,Radar,Mahindra Defence,2024,23,Operational
EQ01155,SUP0067,Missile Launcher,Missile Launcher,Mahindra Defence,2010,25,Maintenance
EQ01156,SUP0075,Drone,Drone,L&T Defence,2018,20,Operational
EQ01157,SUP0007,Missile Launcher,Missile Launcher,BEL,2014,15,Operational
EQ01158,SUP0294,Missile Launcher,Missile Launcher,Bharat Dynamics,2005,13,Operational
EQ01159,SUP0223,Missile Launcher,Missile Launcher,BEL,2019,16,Maintenance
EQ01160,SUP0002,Truck,Truck,Mahindra Defence,2010,16,Operational
EQ01161,SUP0145,Missile Launcher,Missile Launcher,L&T Defence,2008,15,Operational
EQ01162,SUP0098,Drone,Drone,Tata Advanced Systems,2012,19,Operational
EQ01163,SUP0089,Generator,Generator,Bharat Dynamics,2016,10,Operational
EQ01164,SUP0249,Generator,Generator,Ashok Leyland Defence,2006,24,Operational
EQ01165,SUP0173,Drone,Drone,Ashok Leyland Defence,2012,10,Operational
EQ01166,SUP0069,Tank,Tank,Ashok Leyland Defence,2008,13,Operational
EQ01167,SUP0127,Drone,Drone,Tata Advanced Systems,2022,14,Operational
EQ01168,SUP0016,Truck,Truck,BEL,2008,20,Out of Service
EQ01169,SUP0180,Missile Launcher,Missile Launcher,L&T Defence,2012,16,Operational
EQ01170,SUP0021,Drone,Drone,L&T Defence,2009,15,Maintenance
EQ01171,SUP0186,Truck,Truck,Bharat Dynamics,2018,24,Operational
EQ01172,SUP0122,Armored Vehicle,Armored Vehicle,Ashok Leyland Defence,2005,15,Maintenance
EQ01173,SUP0003,Armored Vehicle,Armored Vehicle,DRDO,2009,26,Operational
EQ01174,SUP0274,Communication System,Communication System,Bharat Dynamics,2016,29,Operational
EQ01175,SUP0266,Generator,Generator,BEL,2012,13,Operational
EQ01176,SUP0186,Drone,Drone,Tata Advanced Systems,2021,22,Operational
EQ01177,SUP0206,Tank,Tank,L&T Defence,2020,29,Operational
EQ01178,SUP0118,Drone,Drone,Tata Advanced Systems,2017,26,Operational
EQ01179,SUP0238,Truck,Truck,Bharat Dynamics,2009,12,Maintenance
EQ01180,SUP0152,Radar,Radar,Bharat Dynamics,2014,28,Operational
EQ01181,SUP0031,Drone,Drone,BEL,2008,18,Operational
EQ01182,SUP0053,Drone,Drone,L&T Defence,2008,20,Operational
EQ01183,SUP0221,Tank,Tank,Ashok Leyland Defence,2017,30,Out of Service
EQ01184,SUP0039,Missile Launcher,Missile Launcher,L&T Defence,2018,10,Operational
EQ01185,SUP0285,Drone,Drone,BEL,2012,13,Operational
EQ01186,SUP0128,Drone,Drone,BEL,2023,19,Operational
EQ01187,SUP0232,Armored Vehicle,Armored Vehicle,Mahindra Defence,2016,23,Operational
EQ01188,SUP0019,Radar,Radar,Ashok Leyland Defence,2008,11,Maintenance
EQ01189,SUP0124,Communication System,Communication System,BEL,2009,26,Operational
EQ01190,SUP0162,Drone,Drone,Ashok Leyland Defence,2008,25,Operational
EQ01191,SUP0198,Tank,Tank,Bharat Dynamics,2011,14,Operational
EQ01192,SUP0115,Truck,Truck,L&T Defence,2022,27,Operational
EQ01193,SUP0034,Communication System,Communication System,Mahindra Defence,2005,14,Maintenance
EQ01194,SUP0130,Generator,Generator,DRDO,2013,30,Operational
EQ01195,SUP0048,Tank,Tank,BEL,2024,16,Operational
EQ01196,SUP0148,Truck,Truck,Bharat Dynamics,2010,23,Operational
EQ01197,SUP0118,Drone,Drone,L&T Defence,2019,12,Maintenance
EQ01198,SUP0039,Armored Vehicle,Armored Vehicle,Ashok Leyland Defence,2010,15,Maintenance
EQ01199,SUP0294,Radar,Radar,Tata Advanced Systems,2008,21,Maintenance
EQ01200,SUP0103,Truck,Truck,Bharat Dynamics,2017,17,Operational
EQ01201,SUP0246,Truck,Truck,BEL,2021,18,Operational
EQ01202,SUP0024,Armored Vehicle,Armored Vehicle,BEL,2009,29,Operational
EQ01203,SUP0165,Radar,Radar,Ashok Leyland Defence,2014,15,Operational
EQ01204,SUP0204,Tank,Tank,L&T Defence,2016,17,Operational
EQ01205,SUP0171,Generator,Generator,L&T Defence,2010,24,Operational
EQ01206,SUP0274,Radar,Radar,HAL,2010,30,Out of Service
EQ01207,SUP0217,Armored Vehicle,Armored Vehicle,L&T Defence,2021,14,Operational
EQ01208,SUP0022,Generator,Generator,BEL,2014,11,Operational
EQ01209,SUP0005,Armored Vehicle,Armored Vehicle,L&T Defence,2005,26,Operational
EQ01210,SUP0189,Generator,Generator,L&T Defence,2023,24,Maintenance
EQ01211,SUP0174,Truck,Truck,Tata Advanced Systems,2017,20,Operational
EQ01212,SUP0270,Missile Launcher,Missile Launcher,Tata Advanced Systems,2006,28,Operational
EQ01213,SUP0290,Truck,Truck,Tata Advanced Systems,2024,14,Operational
EQ01214,SUP0245,Drone,Drone,Ashok Leyland Defence,2016,27,Operational
EQ01215,SUP0025,Drone,Drone,Tata Advanced Systems,2006,24,Operational
EQ01216,SUP0195,Generator,Generator,Mahindra Defence,2009,20,Maintenance
EQ01217,SUP0152,Communication System,Communication System,BEL,2006,19,Out of Service
EQ01218,SUP0008,Communication System,Communication System,Mahindra Defence,2007,30,Out of Service
EQ01219,SUP0008,Armored Vehicle,Armored Vehicle,BEL,2010,19,Maintenance
EQ01220,SUP0145,Truck,Truck,L&T Defence,2021,16,Operational
EQ01221,SUP0014,Truck,Truck,DRDO,2018,16,Operational
EQ01222,SUP0261,Communication System,Communication System,Bharat Dynamics,2017,16,Operational
EQ01223,SUP0122,Missile Launcher,Missile Launcher,Mahindra Defence,2025,17,Operational
EQ01224,SUP0243,Tank,Tank,DRDO,2015,30,Operational
EQ01225,SUP0016,Communication System,Communication System,Mahindra Defence,2005,26,Operational
EQ01226,SUP0260,Truck,Truck,HAL,2005,15,Maintenance
EQ01227,SUP0023,Communication System,Communication System,BEL,2005,21,Operational
EQ01228,SUP0267,Truck,Truck,L&T Defence,2008,11,Maintenance
EQ01229,SUP0157,Generator,Generator,Bharat Dynamics,2005,13,Operational
EQ01230,SUP0098,Generator,Generator,Tata Advanced Systems,2017,30,Operational
EQ01231,SUP0117,Radar,Radar,BEL,2021,13,Out of Service
EQ01232,SUP0161,Armored Vehicle,Armored Vehicle,Mahindra Defence,2024,19,Operational
EQ01233,SUP0108,Missile Launcher,Missile Launcher,Bharat Dynamics,2007,26,Operational
EQ01234,SUP0188,Armored Vehicle,Armored Vehicle,HAL,2025,21,Operational
EQ01235,SUP0054,Radar,Radar,BEL,2019,20,Operational
EQ01236,SUP0168,Generator,Generator,L&T Defence,2018,10,Operational
EQ01237,SUP0246,Tank,Tank,Bharat Dynamics,2011,30,Operational
EQ01238,SUP0093,Truck,Truck,BEL,2008,14,Maintenance
EQ01239,SUP0106,Armored Vehicle,Armored Vehicle,DRDO,2016,28,Operational
EQ01240,SUP0214,Generator,Generator,DRDO,2017,22,Operational
EQ01241,SUP0218,Tank,Tank,L&T Defence,2006,20,Maintenance
EQ01242,SUP0181,Drone,Drone,Bharat Dynamics,2023,14,Operational
EQ01243,SUP0108,Missile Launcher,Missile Launcher,L&T Defence,2009,29,Operational
EQ01244,SUP0150,Armored Vehicle,Armored Vehicle,Bharat Dynamics,2017,14,Operational
EQ01245,SUP0287,Armored Vehicle,Armored Vehicle,DRDO,2007,28,Maintenance
EQ01246,SUP0196,Missile Launcher,Missile Launcher,L&T Defence,2007,21,Operational
EQ01247,SUP0045,Radar,Radar,Bharat Dynamics,2014,20,Operational
EQ01248,SUP0178,Armored Vehicle,Armored Vehicle,L&T Defence,2025,12,Operational
EQ01249,SUP0209,Communication System,Communication System,HAL,2018,26,Operational
EQ01250,SUP0009,Generator,Generator,Bharat Dynamics,2024,13,Operational
EQ01251,SUP0228,Communication System,Communication System,HAL,2006,25,Maintenance
EQ01252,SUP0194,Generator,Generator,Mahindra Defence,2008,11,Operational
EQ01253,SUP0147,Radar,Radar,Bharat Dynamics,2008,16,Operational
EQ01254,SUP0182,Truck,Truck,HAL,2013,28,Operational
EQ01255,SUP0102,Missile Launcher,Missile Launcher,Ashok Leyland Defence,2019,21,Operational
EQ01256,SUP0239,Truck,Truck,Tata Advanced Systems,2022,17,Out of Service
EQ01257,SUP0075,Communication System,Communication System,HAL,2014,23,Operational
EQ01258,SUP0247,Tank,Tank,BEL,2011,28,Operational
EQ01259,SUP0076,Armored Vehicle,Armored Vehicle,DRDO,2021,16,Operational
EQ01260,SUP0009,Truck,Truck,DRDO,2012,26,Operational
EQ01261,SUP0254,Drone,Drone,Bharat Dynamics,2005,22,Out of Service
EQ01262,SUP0138,Tank,Tank,Mahindra Defence,2006,25,Operational
EQ01263,SUP0149,Radar,Radar,L&T Defence,2017,21,Operational
EQ01264,SUP0085,Communication System,Communication System,Tata Advanced Systems,2014,28,Operational
EQ01265,SUP0031,Generator,Generator,Mahindra Defence,2012,17,Maintenance
EQ01266,SUP0128,Missile Launcher,Missile Launcher,BEL,2007,12,Operational
EQ01267,SUP0124,Drone,Drone,BEL,2021,26,Operational
EQ01268,SUP0201,Communication System,Communication System,Tata Advanced Systems,2017,10,Maintenance
EQ01269,SUP0227,Drone,Drone,BEL,2019,10,Operational
EQ01270,SUP0008,Truck,Truck,Bharat Dynamics,2008,16,Maintenance
EQ01271,SUP0265,Armored Vehicle,Armored Vehicle,DRDO,2024,29,Out of Service
EQ01272,SUP0004,Communication System,Communication System,DRDO,2012,18,Operational
EQ01273,SUP0134,Drone,Drone,Bharat Dynamics,2010,10,Maintenance
EQ01274,SUP0278,Armored Vehicle,Armored Vehicle,BEL,2023,18,Operational
EQ01275,SUP0150,Radar,Radar,HAL,2025,24,Operational
EQ01276,SUP0018,Armored Vehicle,Armored Vehicle,BEL,2021,17,Operational
EQ01277,SUP0154,Radar,Radar,HAL,2011,15,Maintenance
EQ01278,SUP0027,Tank,Tank,HAL,2017,15,Operational
EQ01279,SUP0290,Truck,Truck,HAL,2012,26,Operational
EQ01280,SUP0141,Generator,Generator,Ashok Leyland Defence,2013,30,Operational
EQ01281,SUP0140,Missile Launcher,Missile Launcher,Mahindra Defence,2013,18,Operational
EQ01282,SUP0038,Communication System,Communication System,Bharat Dynamics,2016,22,Operational
EQ01283,SUP0045,Drone,Drone,L&T Defence,2019,24,Operational
EQ01284,SUP0089,Armored Vehicle,Armored Vehicle,BEL,2009,17,Out of Service
EQ01285,SUP0294,Generator,Generator,Ashok Leyland Defence,2013,11,Out of Service
EQ01286,SUP0224,Missile Launcher,Missile Launcher,BEL,2017,28,Operational
EQ01287,SUP0258,Missile Launcher,Missile Launcher,DRDO,2020,15,Operational
EQ01288,SUP0123,Armored Vehicle,Armored Vehicle,Mahindra Defence,2017,27,Operational
EQ01289,SUP0095,Missile Launcher,Missile Launcher,Mahindra Defence,2023,30,Maintenance
EQ01290,SUP0027,Radar,Radar,Ashok Leyland Defence,2011,24,Maintenance
EQ01291,SUP0198,Tank,Tank,L&T Defence,2005,19,Maintenance
EQ01292,SUP0274,Truck,Truck,BEL,2016,12,Operational
EQ01293,SUP0271,Drone,Drone,Tata Advanced Systems,2025,17,Operational
EQ01294,SUP0067,Truck,Truck,Ashok Leyland Defence,2021,18,Operational
EQ01295,SUP0020,Communication System,Communication System,L&T Defence,2012,17,Operational
EQ01296,SUP0136,Missile Launcher,Missile Launcher,L&T Defence,2016,14,Out of Service
EQ01297,SUP0133,Communication System,Communication System,DRDO,2015,10,Operational
EQ01298,SUP0073,Tank,Tank,Tata Advanced Systems,2024,30,Operational
EQ01299,SUP0039,Tank,Tank,HAL,2017,20,Operational
EQ01300,SUP0141,Drone,Drone,DRDO,2020,26,Operational
EQ01301,SUP0092,Drone,Drone,Bharat Dynamics,2006,10,Maintenance
EQ01302,SUP0275,Armored Vehicle,Armored Vehicle,Ashok Leyland Defence,2016,15,Operational
EQ01303,SUP0070,Missile Launcher,Missile Launcher,Bharat Dynamics,2008,24,Operational
EQ01304,SUP0018,Missile Launcher,Missile Launcher,Ashok Leyland Defence,2019,29,Operational
EQ01305,SUP0083,Truck,Truck,BEL,2008,16,Maintenance
EQ01306,SUP0298,Drone,Drone,DRDO,2011,29,Maintenance
EQ01307,SUP0123,Missile Launcher,Missile Launcher,Ashok Leyland Defence,2008,25,Maintenance
EQ01308,SUP0257,Radar,Radar,Ashok Leyland Defence,2019,21,Operational
EQ01309,SUP0044,Armored Vehicle,Armored Vehicle,Ashok Leyland Defence,2016,29,Operational
EQ01310,SUP0072,Radar,Radar,HAL,2010,28,Out of Service
EQ01311,SUP0138,Armored Vehicle,Armored Vehicle,Mahindra Defence,2007,19,Maintenance
EQ01312,SUP0076,Armored Vehicle,Armored Vehicle,L&T Defence,2018,25,Operational
EQ01313,SUP0177,Tank,Tank,Tata Advanced Systems,2023,28,Maintenance
EQ01314,SUP0293,Truck,Truck,Ashok Leyland Defence,2024,18,Operational
EQ01315,SUP0240,Generator,Generator,Bharat Dynamics,2015,25,Operational
EQ01316,SUP0252,Generator,Generator,BEL,2024,17,Operational
EQ01317,SUP0127,Armored Vehicle,Armored Vehicle,Mahindra Defence,2007,22,Operational
EQ01318,SUP0276,Generator,Generator,Ashok Leyland Defence,2005,23,Operational
EQ01319,SUP0141,Radar,Radar,BEL,2021,30,Maintenance
EQ01320,SUP0201,Tank,Tank,BEL,2009,20,Maintenance
EQ01321,SUP0171,Drone,Drone,DRDO,2005,14,Maintenance
EQ01322,SUP0044,Radar,Radar,L&T Defence,2012,23,Operational
EQ01323,SUP0234,Communication System,Communication System,DRDO,2014,16,Operational
EQ01324,SUP0291,Missile Launcher,Missile Launcher,Ashok Leyland Defence,2014,27,Operational
EQ01325,SUP0239,Generator,Generator,Bharat Dynamics,2018,27,Out of Service
EQ01326,SUP0239,Radar,Radar,Ashok Leyland Defence,2017,12,Operational
EQ01327,SUP0291,Drone,Drone,Tata Advanced Systems,2015,22,Operational
EQ01328,SUP0274,Communication System,Communication System,Mahindra Defence,2014,20,Operational
EQ01329,SUP0115,Missile Launcher,Missile Launcher,DRDO,2024,18,Operational
EQ01330,SUP0021,Armored Vehicle,Armored Vehicle,DRDO,2023,22,Operational
EQ01331,SUP0021,Generator,Generator,BEL,2006,22,Maintenance
EQ01332,SUP0088,Generator,Generator,L&T Defence,2010,28,Operational
EQ01333,SUP0241,Missile Launcher,Missile Launcher,DRDO,2013,28,Operational
EQ01334,SUP0130,Missile Launcher,Missile Launcher,Ashok Leyland Defence,2025,19,Operational
EQ01335,SUP0187,Drone,Drone,DRDO,2021,18,Operational
EQ01336,SUP0072,Tank,Tank,L&T Defence,2015,25,Operational
EQ01337,SUP0221,Armored Vehicle,Armored Vehicle,BEL,2013,12,Operational
EQ01338,SUP0149,Missile Launcher,Missile Launcher,Ashok Leyland Defence,2019,10,Out of Service
EQ01339,SUP0063,Tank,Tank,BEL,2008,26,Maintenance
EQ01340,SUP0078,Generator,Generator,Bharat Dynamics,2022,16,Operational
EQ01341,SUP0009,Truck,Truck,L&T Defence,2018,29,Operational
EQ01342,SUP0053,Tank,Tank,Bharat Dynamics,2022,23,Operational
EQ01343,SUP0268,Drone,Drone,HAL,2010,20,Maintenance
EQ01344,SUP0184,Armored Vehicle,Armored Vehicle,Ashok Leyland Defence,2018,12,Operational
EQ01345,SUP0217,Truck,Truck,Tata Advanced Systems,2025,22,Operational
EQ01346,SUP0154,Truck,Truck,BEL,2018,19,Maintenance
EQ01347,SUP0164,Radar,Radar,L&T Defence,2006,25,Out of Service
EQ01348,SUP0237,Radar,Radar,Ashok Leyland Defence,2017,11,Operational
EQ01349,SUP0120,Tank,Tank,DRDO,2016,12,Operational
EQ01350,SUP0208,Drone,Drone,HAL,2013,21,Operational
EQ01351,SUP0069,Radar,Radar,Tata Advanced Systems,2012,20,Operational
EQ01352,SUP0195,Generator,Generator,Bharat Dynamics,2007,30,Out of Service
EQ01353,SUP0183,Tank,Tank,Ashok Leyland Defence,2008,16,Operational
EQ01354,SUP0076,Generator,Generator,Ashok Leyland Defence,2025,13,Operational
EQ01355,SUP0253,Communication System,Communication System,BEL,2013,25,Operational
EQ01356,SUP0279,Tank,Tank,DRDO,2023,15,Operational
EQ01357,SUP0066,Armored Vehicle,Armored Vehicle,Tata Advanced Systems,2020,28,Operational
EQ01358,SUP0275,Missile Launcher,Missile Launcher,Ashok Leyland Defence,2011,25,Operational
EQ01359,SUP0039,Tank,Tank,BEL,2009,22,Maintenance
EQ01360,SUP0144,Drone,Drone,Ashok Leyland Defence,2017,19,Operational
EQ01361,SUP0047,Tank,Tank,Ashok Leyland Defence,2006,16,Operational
EQ01362,SUP0137,Drone,Drone,Mahindra Defence,2014,12,Operational
EQ01363,SUP0276,Missile Launcher,Missile Launcher,Tata Advanced Systems,2010,26,Operational
EQ01364,SUP0010,Missile Launcher,Missile Launcher,Ashok Leyland Defence,2016,24,Operational
EQ01365,SUP0097,Communication System,Communication System,Mahindra Defence,2006,29,Operational
EQ01366,SUP0173,Communication System,Communication System,HAL,2019,30,Operational
EQ01367,SUP0062,Drone,Drone,Tata Advanced Systems,2016,22,Operational
EQ01368,SUP0136,Drone,Drone,BEL,2023,26,Operational
EQ01369,SUP0131,Missile Launcher,Missile Launcher,BEL,2022,28,Operational
EQ01370,SUP0172,Radar,Radar,Bharat Dynamics,2014,27,Operational
EQ01371,SUP0105,Generator,Generator,Ashok Leyland Defence,2015,18,Operational
EQ01372,SUP0118,Missile Launcher,Missile Launcher,L&T Defence,2019,20,Operational
EQ01373,SUP0265,Armored Vehicle,Armored Vehicle,Tata Advanced Systems,2020,29,Operational
EQ01374,SUP0131,Drone,Drone,Ashok Leyland Defence,2025,28,Operational
EQ01375,SUP0298,Armored Vehicle,Armored Vehicle,L&T Defence,2023,27,Operational
EQ01376,SUP0153,Truck,Truck,Mahindra Defence,2017,28,Operational
EQ01377,SUP0207,Radar,Radar,DRDO,2015,26,Operational
EQ01378,SUP0185,Radar,Radar,Mahindra Defence,2014,30,Operational
EQ01379,SUP0148,Truck,Truck,Tata Advanced Systems,2021,17,Operational
EQ01380,SUP0230,Radar,Radar,Tata Advanced Systems,2010,28,Maintenance
EQ01381,SUP0238,Missile Launcher,Missile Launcher,Bharat Dynamics,2016,26,Operational
EQ01382,SUP0244,Missile Launcher,Missile Launcher,Tata Advanced Systems,2021,26,Maintenance
EQ01383,SUP0230,Drone,Drone,DRDO,2011,17,Maintenance
EQ01384,SUP0061,Communication System,Communication System,Bharat Dynamics,2008,10,Operational
EQ01385,SUP0112,Radar,Radar,Bharat Dynamics,2006,28,Operational
EQ01386,SUP0231,Generator,Generator,Ashok Leyland Defence,2006,21,Operational
EQ01387,SUP0112,Truck,Truck,BEL,2025,27,Operational
EQ01388,SUP0132,Tank,Tank,Ashok Leyland Defence,2019,19,Operational
EQ01389,SUP0148,Radar,Radar,Bharat Dynamics,2021,15,Operational
EQ01390,SUP0067,Communication System,Communication System,Tata Advanced Systems,2007,13,Out of Service
EQ01391,SUP0130,Armored Vehicle,Armored Vehicle,Bharat Dynamics,2009,15,Maintenance
EQ01392,SUP0148,Communication System,Communication System,BEL,2010,29,Maintenance
EQ01393,SUP0021,Communication System,Communication System,Bharat Dynamics,2010,15,Out of Service
EQ01394,SUP0066,Tank,Tank,DRDO,2018,29,Maintenance
EQ01395,SUP0109,Radar,Radar,Ashok Leyland Defence,2010,21,Operational
EQ01396,SUP0013,Truck,Truck,HAL,2016,18,Operational
EQ01397,SUP0155,Tank,Tank,L&T Defence,2020,30,Out of Service
EQ01398,SUP0037,Drone,Drone,Tata Advanced Systems,2007,27,Operational
EQ01399,SUP0065,Armored Vehicle,Armored Vehicle,L&T Defence,2006,25,Operational
EQ01400,SUP0209,Radar,Radar,Ashok Leyland Defence,2018,30,Operational
EQ01401,SUP0021,Tank,Tank,Mahindra Defence,2016,11,Operational
EQ01402,SUP0280,Missile Launcher,Missile Launcher,Ashok Leyland Defence,2015,29,Operational
EQ01403,SUP0216,Armored Vehicle,Armored Vehicle,HAL,2021,25,Operational
EQ01404,SUP0139,Generator,Generator,Ashok Leyland Defence,2006,29,Maintenance
EQ01405,SUP0112,Generator,Generator,Bharat Dynamics,2019,17,Operational
EQ01406,SUP0272,Radar,Radar,HAL,2022,27,Operational
EQ01407,SUP0227,Generator,Generator,DRDO,2022,26,Operational
EQ01408,SUP0103,Armored Vehicle,Armored Vehicle,Tata Advanced Systems,2009,15,Maintenance
EQ01409,SUP0058,Radar,Radar,HAL,2023,28,Operational
EQ01410,SUP0246,Generator,Generator,Ashok Leyland Defence,2011,13,Operational
EQ01411,SUP0040,Truck,Truck,DRDO,2021,22,Operational
EQ01412,SUP0158,Missile Launcher,Missile Launcher,Tata Advanced Systems,2024,22,Operational
EQ01413,SUP0047,Communication System,Communication System,L&T Defence,2020,17,Operational
EQ01414,SUP0177,Radar,Radar,Ashok Leyland Defence,2005,25,Out of Service
EQ01415,SUP0116,Truck,Truck,Ashok Leyland Defence,2014,13,Operational
EQ01416,SUP0112,Armored Vehicle,Armored Vehicle,Bharat Dynamics,2013,13,Operational
EQ01417,SUP0141,Tank,Tank,Tata Advanced Systems,2013,15,Operational
EQ01418,SUP0182,Generator,Generator,Mahindra Defence,2013,23,Operational
EQ01419,SUP0253,Drone,Drone,L&T Defence,2023,11,Maintenance
EQ01420,SUP0141,Tank,Tank,Ashok Leyland Defence,2011,26,Operational
EQ01421,SUP0186,Armored Vehicle,Armored Vehicle,BEL,2025,21,Maintenance
EQ01422,SUP0133,Truck,Truck,Mahindra Defence,2007,22,Operational
EQ01423,SUP0153,Tank,Tank,L&T Defence,2008,29,Out of Service
EQ01424,SUP0064,Missile Launcher,Missile Launcher,Tata Advanced Systems,2024,11,Out of Service
EQ01425,SUP0116,Generator,Generator,Bharat Dynamics,2011,29,Maintenance
EQ01426,SUP0235,Missile Launcher,Missile Launcher,L&T Defence,2017,11,Operational
EQ01427,SUP0083,Radar,Radar,Mahindra Defence,2009,12,Operational
EQ01428,SUP0040,Missile Launcher,Missile Launcher,Ashok Leyland Defence,2013,29,Out of Service
EQ01429,SUP0204,Armored Vehicle,Armored Vehicle,HAL,2020,23,Operational
EQ01430,SUP0146,Drone,Drone,BEL,2021,26,Operational
EQ01431,SUP0103,Tank,Tank,Mahindra Defence,2014,20,Maintenance
EQ01432,SUP0280,Truck,Truck,Ashok Leyland Defence,2017,28,Operational
EQ01433,SUP0066,Generator,Generator,Mahindra Defence,2019,26,Operational
EQ01434,SUP0190,Radar,Radar,Ashok Leyland Defence,2020,26,Operational
EQ01435,SUP0067,Drone,Drone,Tata Advanced Systems,2007,28,Maintenance
EQ01436,SUP0229,Generator,Generator,L&T Defence,2022,15,Operational
EQ01437,SUP0174,Tank,Tank,Bharat Dynamics,2011,22,Out of Service
EQ01438,SUP0074,Radar,Radar,L&T Defence,2007,23,Maintenance
EQ01439,SUP0231,Drone,Drone,Mahindra Defence,2014,24,Operational
EQ01440,SUP0139,Tank,Tank,Bharat Dynamics,2009,11,Out of Service
EQ01441,SUP0171,Missile Launcher,Missile Launcher,HAL,2020,16,Operational
EQ01442,SUP0092,Missile Launcher,Missile Launcher,Bharat Dynamics,2017,10,Operational
EQ01443,SUP0087,Communication System,Communication System,DRDO,2024,22,Operational
EQ01444,SUP0252,Drone,Drone,Ashok Leyland Defence,2017,22,Operational
EQ01445,SUP0055,Tank,Tank,Mahindra Defence,2008,20,Maintenance
EQ01446,SUP0023,Tank,Tank,Mahindra Defence,2021,25,Operational
EQ01447,SUP0162,Missile Launcher,Missile Launcher,L&T Defence,2005,24,Operational
EQ01448,SUP0163,Tank,Tank,L&T Defence,2019,29,Operational
EQ01449,SUP0195,Truck,Truck,Ashok Leyland Defence,2009,18,Maintenance
EQ01450,SUP0019,Drone,Drone,L&T Defence,2013,21,Operational
EQ01451,SUP0293,Armored Vehicle,Armored Vehicle,Mahindra Defence,2005,10,Operational
EQ01452,SUP0130,Tank,Tank,Mahindra Defence,2010,26,Operational
EQ01453,SUP0254,Missile Launcher,Missile Launcher,Ashok Leyland Defence,2006,12,Operational
EQ01454,SUP0252,Drone,Drone,Bharat Dynamics,2006,19,Operational
EQ01455,SUP0140,Radar,Radar,Tata Advanced Systems,2010,20,Out of Service
EQ01456,SUP0298,Communication System,Communication System,BEL,2010,24,Maintenance
EQ01457,SUP0279,Truck,Truck,DRDO,2016,25,Operational
EQ01458,SUP0297,Armored Vehicle,Armored Vehicle,Tata Advanced Systems,2006,28,Operational
EQ01459,SUP0243,Generator,Generator,Tata Advanced Systems,2010,17,Maintenance
EQ01460,SUP0207,Truck,Truck,Mahindra Defence,2016,12,Operational
EQ01461,SUP0141,Generator,Generator,Mahindra Defence,2009,22,Out of Service
EQ01462,SUP0065,Generator,Generator,BEL,2014,25,Operational
EQ01463,SUP0274,Radar,Radar,DRDO,2016,28,Operational
EQ01464,SUP0282,Communication System,Communication System,Mahindra Defence,2014,20,Operational
EQ01465,SUP0156,Armored Vehicle,Armored Vehicle,DRDO,2020,25,Operational
EQ01466,SUP0009,Drone,Drone,BEL,2014,28,Operational
EQ01467,SUP0107,Missile Launcher,Missile Launcher,Ashok Leyland Defence,2022,12,Out of Service
EQ01468,SUP0075,Communication System,Communication System,L&T Defence,2008,11,Maintenance
EQ01469,SUP0115,Generator,Generator,Tata Advanced Systems,2023,18,Operational
EQ01470,SUP0248,Drone,Drone,HAL,2016,21,Operational
EQ01471,SUP0089,Generator,Generator,L&T Defence,2005,24,Operational
EQ01472,SUP0292,Communication System,Communication System,Tata Advanced Systems,2016,16,Operational
EQ01473,SUP0123,Missile Launcher,Missile Launcher,Ashok Leyland Defence,2025,24,Operational
EQ01474,SUP0228,Generator,Generator,DRDO,2023,27,Operational
EQ01475,SUP0271,Radar,Radar,HAL,2023,30,Operational
EQ01476,SUP0033,Missile Launcher,Missile Launcher,BEL,2016,14,Operational
EQ01477,SUP0261,Truck,Truck,BEL,2013,12,Operational
EQ01478,SUP0298,Tank,Tank,Mahindra Defence,2005,15,Operational
EQ01479,SUP0004,Truck,Truck,HAL,2010,28,Operational
EQ01480,SUP0095,Generator,Generator,Tata Advanced Systems,2020,27,Operational
EQ01481,SUP0298,Communication System,Communication System,L&T Defence,2009,19,Out of Service
EQ01482,SUP0035,Drone,Drone,Bharat Dynamics,2019,17,Out of Service
EQ01483,SUP0276,Tank,Tank,Tata Advanced Systems,2013,18,Operational
EQ01484,SUP0284,Truck,Truck,Ashok Leyland Defence,2016,30,Operational
EQ01485,SUP0161,Communication System,Communication System,Mahindra Defence,2020,28,Operational
EQ01486,SUP0239,Missile Launcher,Missile Launcher,Mahindra Defence,2009,29,Maintenance
EQ01487,SUP0283,Communication System,Communication System,HAL,2021,14,Operational
EQ01488,SUP0065,Drone,Drone,L&T Defence,2015,19,Operational
EQ01489,SUP0053,Armored Vehicle,Armored Vehicle,BEL,2007,25,Operational
EQ01490,SUP0269,Missile Launcher,Missile Launcher,Ashok Leyland Defence,2011,12,Operational
EQ01491,SUP0094,Missile Launcher,Missile Launcher,DRDO,2025,27,Operational
EQ01492,SUP0268,Truck,Truck,DRDO,2025,13,Operational
EQ01493,SUP0164,Drone,Drone,Ashok Leyland Defence,2019,12,Operational
EQ01494,SUP0281,Communication System,Communication System,L&T Defence,2016,21,Operational
EQ01495,SUP0171,Missile Launcher,Missile Launcher,L&T Defence,2019,28,Operational
EQ01496,SUP0254,Armored Vehicle,Armored Vehicle,Ashok Leyland Defence,2017,11,Operational
EQ01497,SUP0085,Communication System,Communication System,Tata Advanced Systems,2009,19,Maintenance
EQ01498,SUP0044,Radar,Radar,Bharat Dynamics,2005,16,Operational
EQ01499,SUP0077,Missile Launcher,Missile Launcher,DRDO,2020,22,Maintenance
EQ01500,SUP0270,Radar,Radar,Ashok Leyland Defence,2013,22,Operational
EQ01501,SUP0138,Generator,Generator,Mahindra Defence,2022,10,Operational
EQ01502,SUP0044,Tank,Tank,DRDO,2006,13,Operational
EQ01503,SUP0196,Radar,Radar,DRDO,2017,14,Operational
EQ01504,SUP0179,Radar,Radar,Tata Advanced Systems,2023,17,Maintenance
EQ01505,SUP0032,Communication System,Communication System,HAL,2016,24,Operational
EQ01506,SUP0157,Missile Launcher,Missile Launcher,HAL,2018,19,Operational
EQ01507,SUP0187,Communication System,Communication System,BEL,2024,11,Operational
EQ01508,SUP0212,Missile Launcher,Missile Launcher,HAL,2021,28,Operational
EQ01509,SUP0085,Radar,Radar,HAL,2025,14,Operational
EQ01510,SUP0172,Communication System,Communication System,Bharat Dynamics,2022,25,Operational
EQ01511,SUP0260,Missile Launcher,Missile Launcher,Bharat Dynamics,2019,20,Operational
EQ01512,SUP0300,Drone,Drone,Bharat Dynamics,2022,25,Maintenance
EQ01513,SUP0130,Drone,Drone,L&T Defence,2016,27,Operational
EQ01514,SUP0054,Generator,Generator,L&T Defence,2013,27,Operational
EQ01515,SUP0253,Communication System,Communication System,Bharat Dynamics,2012,21,Maintenance
EQ01516,SUP0212,Missile Launcher,Missile Launcher,Ashok Leyland Defence,2011,11,Maintenance
EQ01517,SUP0189,Missile Launcher,Missile Launcher,Bharat Dynamics,2008,30,Operational
EQ01518,SUP0007,Communication System,Communication System,BEL,2021,22,Operational
EQ01519,SUP0153,Missile Launcher,Missile Launcher,HAL,2023,11,Operational
EQ01520,SUP0131,Truck,Truck,Mahindra Defence,2017,22,Maintenance
EQ01521,SUP0279,Radar,Radar,BEL,2014,23,Maintenance
EQ01522,SUP0038,Truck,Truck,Bharat Dynamics,2009,10,Out of Service
EQ01523,SUP0222,Radar,Radar,L&T Defence,2014,15,Operational
EQ01524,SUP0086,Tank,Tank,Mahindra Defence,2017,24,Operational
EQ01525,SUP0139,Communication System,Communication System,Ashok Leyland Defence,2022,23,Operational
EQ01526,SUP0206,Generator,Generator,DRDO,2010,30,Maintenance
EQ01527,SUP0119,Tank,Tank,L&T Defence,2005,23,Maintenance
EQ01528,SUP0005,Truck,Truck,Mahindra Defence,2010,17,Operational
EQ01529,SUP0139,Radar,Radar,Ashok Leyland Defence,2022,22,Operational
EQ01530,SUP0225,Communication System,Communication System,BEL,2018,11,Operational
EQ01531,SUP0060,Missile Launcher,Missile Launcher,BEL,2005,13,Out of Service
EQ01532,SUP0291,Communication System,Communication System,Bharat Dynamics,2007,10,Operational
EQ01533,SUP0290,Missile Launcher,Missile Launcher,HAL,2015,12,Out of Service
EQ01534,SUP0058,Drone,Drone,DRDO,2013,22,Operational
EQ01535,SUP0063,Drone,Drone,L&T Defence,2010,14,Operational
EQ01536,SUP0199,Truck,Truck,Ashok Leyland Defence,2017,16,Operational
EQ01537,SUP0028,Generator,Generator,Mahindra Defence,2020,30,Out of Service
EQ01538,SUP0226,Generator,Generator,Mahindra Defence,2021,30,Operational
EQ01539,SUP0170,Armored Vehicle,Armored Vehicle,Ashok Leyland Defence,2024,22,Operational
EQ01540,SUP0238,Truck,Truck,HAL,2017,21,Operational
EQ01541,SUP0119,Drone,Drone,Ashok Leyland Defence,2010,30,Out of Service
EQ01542,SUP0168,Drone,Drone,HAL,2005,16,Maintenance
EQ01543,SUP0258,Generator,Generator,Mahindra Defence,2020,26,Operational
EQ01544,SUP0069,Communication System,Communication System,Ashok Leyland Defence,2017,10,Operational
EQ01545,SUP0146,Truck,Truck,Tata Advanced Systems,2015,30,Operational
EQ01546,SUP0273,Tank,Tank,Mahindra Defence,2023,14,Operational
EQ01547,SUP0141,Armored Vehicle,Armored Vehicle,Mahindra Defence,2011,24,Operational
EQ01548,SUP0218,Communication System,Communication System,Ashok Leyland Defence,2009,26,Operational
EQ01549,SUP0005,Missile Launcher,Missile Launcher,DRDO,2005,15,Maintenance
EQ01550,SUP0233,Armored Vehicle,Armored Vehicle,L&T Defence,2022,22,Operational
EQ01551,SUP0032,Communication System,Communication System,L&T Defence,2008,10,Maintenance
EQ01552,SUP0049,Missile Launcher,Missile Launcher,Mahindra Defence,2012,20,Operational
EQ01553,SUP0149,Communication System,Communication System,Tata Advanced Systems,2016,12,Out of Service
EQ01554,SUP0124,Drone,Drone,L&T Defence,2019,15,Operational
EQ01555,SUP0116,Generator,Generator,Mahindra Defence,2015,24,Operational
EQ01556,SUP0048,Truck,Truck,L&T Defence,2006,22,Out of Service
EQ01557,SUP0115,Armored Vehicle,Armored Vehicle,HAL,2015,10,Operational
EQ01558,SUP0129,Truck,Truck,Ashok Leyland Defence,2014,29,Operational
EQ01559,SUP0216,Communication System,Communication System,DRDO,2005,26,Operational
EQ01560,SUP0031,Radar,Radar,HAL,2012,20,Operational
EQ01561,SUP0051,Tank,Tank,BEL,2022,12,Operational
EQ01562,SUP0088,Communication System,Communication System,Ashok Leyland Defence,2024,17,Operational
EQ01563,SUP0091,Tank,Tank,L&T Defence,2007,24,Maintenance
EQ01564,SUP0261,Communication System,Communication System,BEL,2021,15,Operational
EQ01565,SUP0116,Generator,Generator,DRDO,2013,21,Out of Service
EQ01566,SUP0300,Communication System,Communication System,Bharat Dynamics,2019,12,Operational
EQ01567,SUP0252,Missile Launcher,Missile Launcher,DRDO,2008,22,Operational
EQ01568,SUP0101,Radar,Radar,Bharat Dynamics,2013,14,Operational
EQ01569,SUP0068,Missile Launcher,Missile Launcher,BEL,2005,10,Operational
EQ01570,SUP0211,Tank,Tank,Tata Advanced Systems,2020,29,Operational
EQ01571,SUP0135,Drone,Drone,Bharat Dynamics,2005,20,Out of Service
EQ01572,SUP0113,Generator,Generator,Mahindra Defence,2019,19,Out of Service
EQ01573,SUP0026,Armored Vehicle,Armored Vehicle,DRDO,2013,21,Operational
EQ01574,SUP0011,Armored Vehicle,Armored Vehicle,Mahindra Defence,2017,24,Operational
EQ01575,SUP0041,Truck,Truck,L&T Defence,2021,29,Operational
EQ01576,SUP0107,Armored Vehicle,Armored Vehicle,L&T Defence,2009,14,Maintenance
EQ01577,SUP0092,Missile Launcher,Missile Launcher,Ashok Leyland Defence,2019,12,Operational
EQ01578,SUP0300,Drone,Drone,Tata Advanced Systems,2017,19,Operational
EQ01579,SUP0159,Drone,Drone,DRDO,2013,29,Out of Service
EQ01580,SUP0297,Truck,Truck,Bharat Dynamics,2015,18,Operational
EQ01581,SUP0012,Drone,Drone,Tata Advanced Systems,2007,23,Operational
EQ01582,SUP0061,Armored Vehicle,Armored Vehicle,Tata Advanced Systems,2007,24,Operational
EQ01583,SUP0254,Armored Vehicle,Armored Vehicle,DRDO,2005,20,Out of Service
EQ01584,SUP0095,Armored Vehicle,Armored Vehicle,Mahindra Defence,2019,15,Operational
EQ01585,SUP0235,Drone,Drone,BEL,2015,15,Operational
EQ01586,SUP0079,Tank,Tank,DRDO,2025,25,Operational
EQ01587,SUP0290,Missile Launcher,Missile Launcher,L&T Defence,2009,27,Maintenance
EQ01588,SUP0122,Radar,Radar,HAL,2007,22,Out of Service
EQ01589,SUP0204,Missile Launcher,Missile Launcher,DRDO,2010,22,Out of Service
EQ01590,SUP0183,Radar,Radar,Mahindra Defence,2007,12,Operational
EQ01591,SUP0217,Drone,Drone,Tata Advanced Systems,2013,14,Operational
EQ01592,SUP0050,Truck,Truck,HAL,2018,30,Operational
EQ01593,SUP0082,Generator,Generator,Tata Advanced Systems,2020,14,Operational
EQ01594,SUP0001,Truck,Truck,DRDO,2022,10,Operational
EQ01595,SUP0010,Missile Launcher,Missile Launcher,Tata Advanced Systems,2006,12,Out of Service
EQ01596,SUP0248,Missile Launcher,Missile Launcher,HAL,2013,27,Operational
EQ01597,SUP0219,Communication System,Communication System,BEL,2005,27,Operational
EQ01598,SUP0164,Communication System,Communication System,HAL,2010,27,Maintenance
EQ01599,SUP0049,Drone,Drone,Ashok Leyland Defence,2013,20,Operational
EQ01600,SUP0145,Truck,Truck,Bharat Dynamics,2013,20,Out of Service
EQ01601,SUP0021,Missile Launcher,Missile Launcher,Tata Advanced Systems,2017,29,Operational
EQ01602,SUP0285,Truck,Truck,Mahindra Defence,2017,11,Operational
EQ01603,SUP0101,Communication System,Communication System,DRDO,2020,22,Operational
EQ01604,SUP0051,Truck,Truck,Bharat Dynamics,2012,25,Operational
EQ01605,SUP0251,Armored Vehicle,Armored Vehicle,HAL,2005,20,Operational
EQ01606,SUP0257,Radar,Radar,HAL,2019,20,Maintenance
EQ01607,SUP0024,Drone,Drone,Bharat Dynamics,2017,13,Operational
EQ01608,SUP0014,Radar,Radar,Ashok Leyland Defence,2013,17,Operational
EQ01609,SUP0107,Radar,Radar,Mahindra Defence,2013,17,Operational
EQ01610,SUP0283,Generator,Generator,L&T Defence,2022,15,Operational
EQ01611,SUP0023,Armored Vehicle,Armored Vehicle,Mahindra Defence,2006,18,Maintenance
EQ01612,SUP0061,Missile Launcher,Missile Launcher,Mahindra Defence,2010,16,Operational
EQ01613,SUP0174,Drone,Drone,Tata Advanced Systems,2021,16,Operational
EQ01614,SUP0205,Radar,Radar,Tata Advanced Systems,2018,14,Operational
EQ01615,SUP0273,Generator,Generator,Bharat Dynamics,2010,30,Maintenance
EQ01616,SUP0013,Radar,Radar,L&T Defence,2005,11,Maintenance
EQ01617,SUP0201,Radar,Radar,DRDO,2024,18,Operational
EQ01618,SUP0234,Generator,Generator,DRDO,2005,18,Operational
EQ01619,SUP0200,Radar,Radar,BEL,2012,29,Operational
EQ01620,SUP0203,Armored Vehicle,Armored Vehicle,Mahindra Defence,2009,19,Operational
EQ01621,SUP0242,Armored Vehicle,Armored Vehicle,Tata Advanced Systems,2010,15,Maintenance
EQ01622,SUP0202,Communication System,Communication System,DRDO,2019,17,Operational
EQ01623,SUP0174,Communication System,Communication System,Mahindra Defence,2006,18,Maintenance
EQ01624,SUP0129,Radar,Radar,Ashok Leyland Defence,2021,18,Maintenance
EQ01625,SUP0169,Armored Vehicle,Armored Vehicle,Ashok Leyland Defence,2009,16,Maintenance
EQ01626,SUP0061,Drone,Drone,Bharat Dynamics,2009,11,Maintenance
EQ01627,SUP0006,Drone,Drone,Tata Advanced Systems,2005,21,Operational
EQ01628,SUP0248,Communication System,Communication System,Tata Advanced Systems,2023,23,Maintenance
EQ01629,SUP0141,Truck,Truck,BEL,2005,11,Maintenance
EQ01630,SUP0229,Radar,Radar,DRDO,2009,29,Out of Service
EQ01631,SUP0009,Generator,Generator,DRDO,2013,13,Operational
EQ01632,SUP0003,Tank,Tank,L&T Defence,2013,25,Operational
EQ01633,SUP0055,Truck,Truck,Ashok Leyland Defence,2006,29,Maintenance
EQ01634,SUP0037,Drone,Drone,Bharat Dynamics,2016,23,Maintenance
EQ01635,SUP0232,Drone,Drone,DRDO,2023,20,Operational
EQ01636,SUP0163,Missile Launcher,Missile Launcher,Mahindra Defence,2010,13,Operational
EQ01637,SUP0099,Tank,Tank,Mahindra Defence,2014,13,Maintenance
EQ01638,SUP0263,Generator,Generator,L&T Defence,2006,10,Maintenance
EQ01639,SUP0294,Armored Vehicle,Armored Vehicle,HAL,2018,20,Maintenance
EQ01640,SUP0061,Communication System,Communication System,Tata Advanced Systems,2021,28,Operational
EQ01641,SUP0013,Armored Vehicle,Armored Vehicle,Mahindra Defence,2009,12,Maintenance
EQ01642,SUP0040,Communication System,Communication System,Mahindra Defence,2024,24,Out of Service
EQ01643,SUP0002,Generator,Generator,Tata Advanced Systems,2020,10,Out of Service
EQ01644,SUP0149,Armored Vehicle,Armored Vehicle,Mahindra Defence,2007,13,Maintenance
EQ01645,SUP0291,Tank,Tank,BEL,2015,15,Operational
EQ01646,SUP0132,Armored Vehicle,Armored Vehicle,Tata Advanced Systems,2016,29,Maintenance
EQ01647,SUP0228,Radar,Radar,Bharat Dynamics,2021,16,Operational
EQ01648,SUP0098,Truck,Truck,L&T Defence,2012,20,Maintenance
EQ01649,SUP0064,Drone,Drone,Mahindra Defence,2013,26,Operational
EQ01650,SUP0101,Tank,Tank,DRDO,2025,16,Maintenance
EQ01651,SUP0153,Tank,Tank,Ashok Leyland Defence,2017,25,Operational
EQ01652,SUP0261,Generator,Generator,HAL,2015,26,Operational
EQ01653,SUP0241,Generator,Generator,Mahindra Defence,2014,30,Maintenance
EQ01654,SUP0215,Drone,Drone,Mahindra Defence,2009,17,Maintenance
EQ01655,SUP0253,Missile Launcher,Missile Launcher,Mahindra Defence,2009,18,Maintenance
EQ01656,SUP0288,Tank,Tank,Mahindra Defence,2020,11,Operational
EQ01657,SUP0122,Radar,Radar,DRDO,2013,10,Operational
EQ01658,SUP0081,Communication System,Communication System,HAL,2022,26,Operational
EQ01659,SUP0089,Communication System,Communication System,HAL,2024,19,Operational
EQ01660,SUP0053,Radar,Radar,HAL,2011,28,Maintenance
EQ01661,SUP0023,Tank,Tank,HAL,2014,10,Operational
EQ01662,SUP0051,Armored Vehicle,Armored Vehicle,L&T Defence,2022,27,Operational
EQ01663,SUP0038,Truck,Truck,Bharat Dynamics,2010,17,Operational
EQ01664,SUP0070,Generator,Generator,Tata Advanced Systems,2019,10,Operational
EQ01665,SUP0002,Radar,Radar,Tata Advanced Systems,2020,10,Operational
EQ01666,SUP0017,Armored Vehicle,Armored Vehicle,Mahindra Defence,2013,12,Operational
EQ01667,SUP0234,Radar,Radar,Mahindra Defence,2013,22,Out of Service
EQ01668,SUP0273,Tank,Tank,HAL,2011,15,Maintenance
EQ01669,SUP0294,Tank,Tank,Tata Advanced Systems,2021,28,Maintenance
EQ01670,SUP0002,Tank,Tank,HAL,2012,10,Operational
EQ01671,SUP0216,Tank,Tank,Bharat Dynamics,2018,24,Operational
EQ01672,SUP0079,Armored Vehicle,Armored Vehicle,Bharat Dynamics,2016,13,Operational
EQ01673,SUP0140,Drone,Drone,DRDO,2016,13,Operational
EQ01674,SUP0104,Generator,Generator,DRDO,2012,13,Operational
EQ01675,SUP0178,Radar,Radar,DRDO,2022,11,Operational
EQ01676,SUP0095,Generator,Generator,L&T Defence,2019,12,Maintenance
EQ01677,SUP0285,Communication System,Communication System,HAL,2024,20,Operational
EQ01678,SUP0076,Tank,Tank,Tata Advanced Systems,2023,28,Operational
EQ01679,SUP0102,Armored Vehicle,Armored Vehicle,DRDO,2011,13,Operational
EQ01680,SUP0226,Armored Vehicle,Armored Vehicle,Bharat Dynamics,2008,14,Operational
EQ01681,SUP0038,Truck,Truck,L&T Defence,2019,25,Operational
EQ01682,SUP0240,Missile Launcher,Missile Launcher,DRDO,2015,24,Operational
EQ01683,SUP0234,Truck,Truck,HAL,2023,15,Operational
EQ01684,SUP0230,Truck,Truck,Tata Advanced Systems,2005,25,Maintenance
EQ01685,SUP0002,Truck,Truck,L&T Defence,2006,17,Operational
EQ01686,SUP0257,Communication System,Communication System,BEL,2019,25,Operational
EQ01687,SUP0155,Radar,Radar,DRDO,2013,18,Operational
EQ01688,SUP0252,Drone,Drone,DRDO,2012,22,Operational
EQ01689,SUP0249,Tank,Tank,DRDO,2015,17,Operational
EQ01690,SUP0263,Missile Launcher,Missile Launcher,L&T Defence,2017,13,Operational
EQ01691,SUP0123,Truck,Truck,DRDO,2014,17,Operational
EQ01692,SUP0011,Drone,Drone,Tata Advanced Systems,2022,18,Operational
EQ01693,SUP0089,Drone,Drone,HAL,2016,11,Operational
EQ01694,SUP0182,Communication System,Communication System,BEL,2023,13,Operational
EQ01695,SUP0018,Tank,Tank,Tata Advanced Systems,2008,20,Operational
EQ01696,SUP0298,Radar,Radar,Mahindra Defence,2023,12,Operational
EQ01697,SUP0197,Missile Launcher,Missile Launcher,Bharat Dynamics,2009,22,Out of Service
EQ01698,SUP0095,Truck,Truck,HAL,2009,22,Operational
EQ01699,SUP0015,Drone,Drone,BEL,2020,11,Operational
EQ01700,SUP0267,Communication System,Communication System,Bharat Dynamics,2024,24,Operational
EQ01701,SUP0212,Tank,Tank,BEL,2020,13,Operational
EQ01702,SUP0225,Truck,Truck,Ashok Leyland Defence,2024,23,Operational
EQ01703,SUP0196,Truck,Truck,BEL,2022,12,Operational
EQ01704,SUP0241,Communication System,Communication System,DRDO,2006,10,Maintenance
EQ01705,SUP0206,Missile Launcher,Missile Launcher,DRDO,2014,16,Operational
EQ01706,SUP0148,Drone,Drone,DRDO,2024,11,Operational
EQ01707,SUP0031,Generator,Generator,Bharat Dynamics,2024,23,Operational
EQ01708,SUP0084,Generator,Generator,L&T Defence,2010,11,Operational
EQ01709,SUP0299,Generator,Generator,BEL,2016,30,Maintenance
EQ01710,SUP0079,Generator,Generator,Bharat Dynamics,2018,12,Operational
EQ01711,SUP0207,Generator,Generator,Mahindra Defence,2020,29,Operational
EQ01712,SUP0067,Armored Vehicle,Armored Vehicle,Mahindra Defence,2012,16,Operational
EQ01713,SUP0295,Missile Launcher,Missile Launcher,HAL,2006,22,Maintenance
EQ01714,SUP0119,Armored Vehicle,Armored Vehicle,BEL,2023,30,Operational
EQ01715,SUP0125,Truck,Truck,HAL,2014,21,Operational
EQ01716,SUP0179,Communication System,Communication System,Bharat Dynamics,2020,21,Operational
EQ01717,SUP0029,Missile Launcher,Missile Launcher,Mahindra Defence,2022,25,Operational
EQ01718,SUP0219,Drone,Drone,BEL,2017,12,Operational
EQ01719,SUP0032,Generator,Generator,BEL,2015,30,Operational
EQ01720,SUP0162,Generator,Generator,L&T Defence,2018,29,Operational
EQ01721,SUP0064,Drone,Drone,Mahindra Defence,2012,26,Operational
EQ01722,SUP0176,Generator,Generator,Ashok Leyland Defence,2017,16,Operational
EQ01723,SUP0060,Drone,Drone,Bharat Dynamics,2007,25,Maintenance
EQ01724,SUP0098,Radar,Radar,HAL,2014,13,Operational
EQ01725,SUP0040,Radar,Radar,Bharat Dynamics,2016,19,Operational
EQ01726,SUP0118,Missile Launcher,Missile Launcher,Tata Advanced Systems,2025,17,Operational
EQ01727,SUP0250,Generator,Generator,BEL,2007,18,Out of Service
EQ01728,SUP0006,Truck,Truck,Mahindra Defence,2013,16,Operational
EQ01729,SUP0104,Communication System,Communication System,Mahindra Defence,2008,11,Operational
EQ01730,SUP0119,Drone,Drone,Ashok Leyland Defence,2022,11,Operational
EQ01731,SUP0115,Generator,Generator,L&T Defence,2019,10,Operational
EQ01732,SUP0107,Armored Vehicle,Armored Vehicle,Ashok Leyland Defence,2021,27,Operational
EQ01733,SUP0205,Armored Vehicle,Armored Vehicle,HAL,2019,19,Operational
EQ01734,SUP0036,Tank,Tank,Tata Advanced Systems,2017,25,Operational
EQ01735,SUP0203,Generator,Generator,DRDO,2012,18,Operational
EQ01736,SUP0063,Radar,Radar,Ashok Leyland Defence,2006,29,Operational
EQ01737,SUP0166,Truck,Truck,Mahindra Defence,2013,23,Operational
EQ01738,SUP0045,Tank,Tank,DRDO,2024,12,Out of Service
EQ01739,SUP0025,Tank,Tank,L&T Defence,2008,10,Maintenance
EQ01740,SUP0007,Truck,Truck,BEL,2021,18,Operational
EQ01741,SUP0261,Radar,Radar,Bharat Dynamics,2014,17,Maintenance
EQ01742,SUP0076,Tank,Tank,Tata Advanced Systems,2022,23,Operational
EQ01743,SUP0104,Truck,Truck,DRDO,2012,12,Operational
EQ01744,SUP0094,Truck,Truck,Bharat Dynamics,2019,22,Out of Service
EQ01745,SUP0107,Generator,Generator,DRDO,2007,11,Maintenance
EQ01746,SUP0024,Armored Vehicle,Armored Vehicle,L&T Defence,2025,28,Operational
EQ01747,SUP0241,Armored Vehicle,Armored Vehicle,BEL,2013,11,Operational
EQ01748,SUP0284,Armored Vehicle,Armored Vehicle,Tata Advanced Systems,2017,10,Maintenance
EQ01749,SUP0136,Truck,Truck,HAL,2005,17,Operational
EQ01750,SUP0063,Truck,Truck,Mahindra Defence,2010,15,Maintenance
EQ01751,SUP0264,Communication System,Communication System,Bharat Dynamics,2009,18,Maintenance
EQ01752,SUP0269,Generator,Generator,BEL,2020,12,Operational
EQ01753,SUP0132,Generator,Generator,DRDO,2021,11,Operational
EQ01754,SUP0207,Radar,Radar,Ashok Leyland Defence,2010,12,Out of Service
EQ01755,SUP0239,Communication System,Communication System,Tata Advanced Systems,2014,25,Operational
EQ01756,SUP0050,Missile Launcher,Missile Launcher,Bharat Dynamics,2024,14,Operational
EQ01757,SUP0101,Truck,Truck,DRDO,2022,30,Operational
EQ01758,SUP0298,Radar,Radar,DRDO,2012,11,Operational
EQ01759,SUP0116,Armored Vehicle,Armored Vehicle,HAL,2023,29,Operational
EQ01760,SUP0203,Missile Launcher,Missile Launcher,Tata Advanced Systems,2024,14,Operational
EQ01761,SUP0292,Armored Vehicle,Armored Vehicle,L&T Defence,2019,14,Operational
EQ01762,SUP0069,Generator,Generator,BEL,2009,27,Operational
EQ01763,SUP0230,Armored Vehicle,Armored Vehicle,Bharat Dynamics,2012,30,Maintenance
EQ01764,SUP0116,Radar,Radar,HAL,2015,25,Operational
EQ01765,SUP0076,Truck,Truck,DRDO,2009,15,Out of Service
EQ01766,SUP0164,Tank,Tank,DRDO,2019,11,Operational
EQ01767,SUP0189,Generator,Generator,Bharat Dynamics,2008,14,Maintenance
EQ01768,SUP0160,Drone,Drone,BEL,2017,29,Operational
EQ01769,SUP0025,Armored Vehicle,Armored Vehicle,Mahindra Defence,2017,26,Operational
EQ01770,SUP0017,Missile Launcher,Missile Launcher,BEL,2010,28,Maintenance
EQ01771,SUP0262,Radar,Radar,Ashok Leyland Defence,2013,17,Operational
EQ01772,SUP0151,Truck,Truck,Tata Advanced Systems,2014,13,Operational
EQ01773,SUP0001,Armored Vehicle,Armored Vehicle,HAL,2023,15,Operational
EQ01774,SUP0157,Generator,Generator,DRDO,2020,20,Operational
EQ01775,SUP0144,Armored Vehicle,Armored Vehicle,BEL,2021,22,Operational
EQ01776,SUP0168,Radar,Radar,Bharat Dynamics,2016,13,Operational
EQ01777,SUP0217,Radar,Radar,HAL,2022,29,Operational
EQ01778,SUP0074,Drone,Drone,HAL,2014,23,Operational
EQ01779,SUP0100,Radar,Radar,DRDO,2008,30,Operational
EQ01780,SUP0241,Communication System,Communication System,HAL,2021,20,Operational
EQ01781,SUP0174,Communication System,Communication System,Bharat Dynamics,2006,21,Out of Service
EQ01782,SUP0206,Communication System,Communication System,Bharat Dynamics,2011,15,Operational
EQ01783,SUP0170,Radar,Radar,L&T Defence,2012,15,Out of Service
EQ01784,SUP0120,Generator,Generator,L&T Defence,2020,22,Operational
EQ01785,SUP0292,Generator,Generator,Tata Advanced Systems,2011,22,Operational
EQ01786,SUP0143,Missile Launcher,Missile Launcher,L&T Defence,2011,12,Operational
EQ01787,SUP0013,Drone,Drone,L&T Defence,2013,16,Operational
EQ01788,SUP0169,Communication System,Communication System,HAL,2012,12,Operational
EQ01789,SUP0237,Generator,Generator,HAL,2018,25,Operational
EQ01790,SUP0105,Tank,Tank,HAL,2019,19,Operational
EQ01791,SUP0215,Communication System,Communication System,DRDO,2019,20,Maintenance
EQ01792,SUP0105,Communication System,Communication System,BEL,2012,30,Operational
EQ01793,SUP0040,Radar,Radar,DRDO,2012,15,Operational
EQ01794,SUP0138,Armored Vehicle,Armored Vehicle,Tata Advanced Systems,2021,28,Maintenance
EQ01795,SUP0111,Armored Vehicle,Armored Vehicle,Ashok Leyland Defence,2015,12,Maintenance
EQ01796,SUP0084,Tank,Tank,Tata Advanced Systems,2013,30,Operational
EQ01797,SUP0267,Drone,Drone,Ashok Leyland Defence,2014,30,Operational
EQ01798,SUP0296,Communication System,Communication System,BEL,2009,15,Maintenance
EQ01799,SUP0027,Tank,Tank,Ashok Leyland Defence,2025,15,Maintenance
EQ01800,SUP0129,Truck,Truck,Mahindra Defence,2023,14,Operational
EQ01801,SUP0090,Tank,Tank,DRDO,2009,29,Operational
EQ01802,SUP0154,Radar,Radar,HAL,2018,23,Operational
EQ01803,SUP0195,Generator,Generator,HAL,2018,21,Operational
EQ01804,SUP0201,Truck,Truck,L&T Defence,2014,24,Operational
EQ01805,SUP0107,Truck,Truck,Mahindra Defence,2022,21,Operational
EQ01806,SUP0220,Truck,Truck,Mahindra Defence,2008,16,Out of Service
EQ01807,SUP0156,Generator,Generator,Ashok Leyland Defence,2022,25,Operational
EQ01808,SUP0001,Drone,Drone,Bharat Dynamics,2014,16,Operational
EQ01809,SUP0240,Communication System,Communication System,BEL,2016,14,Out of Service
EQ01810,SUP0214,Radar,Radar,Tata Advanced Systems,2007,17,Out of Service
EQ01811,SUP0045,Armored Vehicle,Armored Vehicle,Bharat Dynamics,2022,28,Operational
EQ01812,SUP0280,Drone,Drone,Tata Advanced Systems,2019,17,Operational
EQ01813,SUP0285,Communication System,Communication System,BEL,2009,28,Maintenance
EQ01814,SUP0045,Armored Vehicle,Armored Vehicle,BEL,2007,27,Maintenance
EQ01815,SUP0071,Tank,Tank,HAL,2014,22,Operational
EQ01816,SUP0005,Generator,Generator,DRDO,2013,19,Operational
EQ01817,SUP0217,Communication System,Communication System,BEL,2024,21,Out of Service
EQ01818,SUP0286,Missile Launcher,Missile Launcher,Ashok Leyland Defence,2005,24,Out of Service
EQ01819,SUP0028,Radar,Radar,Tata Advanced Systems,2013,28,Operational
EQ01820,SUP0105,Truck,Truck,DRDO,2022,29,Operational
EQ01821,SUP0141,Generator,Generator,L&T Defence,2008,24,Operational
EQ01822,SUP0189,Drone,Drone,HAL,2007,29,Maintenance
EQ01823,SUP0264,Radar,Radar,DRDO,2017,19,Operational
EQ01824,SUP0183,Generator,Generator,HAL,2007,16,Maintenance
EQ01825,SUP0177,Truck,Truck,Ashok Leyland Defence,2018,19,Operational
EQ01826,SUP0192,Tank,Tank,Tata Advanced Systems,2009,11,Operational
EQ01827,SUP0292,Missile Launcher,Missile Launcher,Ashok Leyland Defence,2005,20,Maintenance
EQ01828,SUP0154,Tank,Tank,Tata Advanced Systems,2008,18,Operational
EQ01829,SUP0014,Communication System,Communication System,L&T Defence,2014,11,Operational
EQ01830,SUP0162,Tank,Tank,DRDO,2024,25,Operational
EQ01831,SUP0115,Truck,Truck,Tata Advanced Systems,2011,22,Operational
EQ01832,SUP0285,Generator,Generator,Tata Advanced Systems,2011,10,Operational
EQ01833,SUP0276,Drone,Drone,Tata Advanced Systems,2012,17,Operational
EQ01834,SUP0038,Armored Vehicle,Armored Vehicle,Bharat Dynamics,2014,19,Operational
EQ01835,SUP0020,Armored Vehicle,Armored Vehicle,Ashok Leyland Defence,2018,13,Operational
EQ01836,SUP0089,Communication System,Communication System,Tata Advanced Systems,2019,25,Operational
EQ01837,SUP0070,Drone,Drone,Mahindra Defence,2008,22,Operational
EQ01838,SUP0080,Missile Launcher,Missile Launcher,Ashok Leyland Defence,2013,29,Maintenance
EQ01839,SUP0166,Generator,Generator,Tata Advanced Systems,2019,10,Operational
EQ01840,SUP0087,Communication System,Communication System,Tata Advanced Systems,2023,11,Maintenance
EQ01841,SUP0264,Armored Vehicle,Armored Vehicle,L&T Defence,2018,27,Operational
EQ01842,SUP0101,Tank,Tank,HAL,2023,23,Operational
EQ01843,SUP0104,Radar,Radar,Bharat Dynamics,2010,15,Maintenance
EQ01844,SUP0099,Communication System,Communication System,L&T Defence,2021,22,Maintenance
EQ01845,SUP0058,Generator,Generator,BEL,2024,12,Operational
EQ01846,SUP0291,Radar,Radar,Tata Advanced Systems,2005,10,Maintenance
EQ01847,SUP0267,Radar,Radar,Mahindra Defence,2020,29,Operational
EQ01848,SUP0090,Tank,Tank,Tata Advanced Systems,2010,27,Operational
EQ01849,SUP0118,Missile Launcher,Missile Launcher,HAL,2005,24,Maintenance
EQ01850,SUP0097,Communication System,Communication System,HAL,2018,20,Operational
EQ01851,SUP0245,Missile Launcher,Missile Launcher,Tata Advanced Systems,2014,28,Operational
EQ01852,SUP0180,Armored Vehicle,Armored Vehicle,BEL,2010,10,Operational
EQ01853,SUP0214,Tank,Tank,DRDO,2020,28,Operational
EQ01854,SUP0289,Armored Vehicle,Armored Vehicle,L&T Defence,2016,24,Operational
EQ01855,SUP0105,Generator,Generator,Bharat Dynamics,2021,26,Maintenance
EQ01856,SUP0107,Truck,Truck,Tata Advanced Systems,2019,29,Operational
EQ01857,SUP0077,Tank,Tank,Tata Advanced Systems,2018,13,Operational
EQ01858,SUP0229,Truck,Truck,Mahindra Defence,2023,17,Operational
EQ01859,SUP0246,Missile Launcher,Missile Launcher,Tata Advanced Systems,2006,22,Operational
EQ01860,SUP0164,Radar,Radar,DRDO,2021,15,Maintenance
EQ01861,SUP0184,Tank,Tank,Ashok Leyland Defence,2021,30,Maintenance
EQ01862,SUP0038,Generator,Generator,Tata Advanced Systems,2024,11,Operational
EQ01863,SUP0059,Armored Vehicle,Armored Vehicle,L&T Defence,2017,12,Operational
EQ01864,SUP0101,Tank,Tank,HAL,2021,21,Operational
EQ01865,SUP0190,Communication System,Communication System,Tata Advanced Systems,2018,28,Operational
EQ01866,SUP0023,Radar,Radar,Bharat Dynamics,2005,12,Operational
EQ01867,SUP0135,Radar,Radar,Bharat Dynamics,2015,16,Out of Service
EQ01868,SUP0198,Generator,Generator,DRDO,2018,30,Operational
EQ01869,SUP0252,Armored Vehicle,Armored Vehicle,DRDO,2022,28,Operational
EQ01870,SUP0162,Missile Launcher,Missile Launcher,HAL,2006,26,Operational
EQ01871,SUP0134,Drone,Drone,Tata Advanced Systems,2005,10,Operational
EQ01872,SUP0228,Generator,Generator,DRDO,2020,25,Out of Service
EQ01873,SUP0201,Armored Vehicle,Armored Vehicle,BEL,2023,22,Operational
EQ01874,SUP0225,Generator,Generator,HAL,2020,25,Operational
EQ01875,SUP0111,Truck,Truck,BEL,2007,24,Operational
EQ01876,SUP0167,Tank,Tank,Bharat Dynamics,2005,26,Operational
EQ01877,SUP0084,Communication System,Communication System,HAL,2013,26,Operational
EQ01878,SUP0034,Communication System,Communication System,Ashok Leyland Defence,2018,21,Operational
EQ01879,SUP0250,Missile Launcher,Missile Launcher,Bharat Dynamics,2010,14,Operational
EQ01880,SUP0196,Truck,Truck,Bharat Dynamics,2019,29,Operational
EQ01881,SUP0260,Truck,Truck,HAL,2009,20,Maintenance
EQ01882,SUP0194,Generator,Generator,Tata Advanced Systems,2015,10,Operational
EQ01883,SUP0041,Missile Launcher,Missile Launcher,Mahindra Defence,2021,24,Operational
EQ01884,SUP0007,Missile Launcher,Missile Launcher,Ashok Leyland Defence,2008,21,Operational
EQ01885,SUP0161,Armored Vehicle,Armored Vehicle,Bharat Dynamics,2021,24,Operational
EQ01886,SUP0185,Radar,Radar,Bharat Dynamics,2012,26,Operational
EQ01887,SUP0044,Communication System,Communication System,Mahindra Defence,2019,26,Maintenance
EQ01888,SUP0249,Radar,Radar,Mahindra Defence,2021,16,Operational
EQ01889,SUP0074,Missile Launcher,Missile Launcher,Mahindra Defence,2016,12,Operational
EQ01890,SUP0073,Armored Vehicle,Armored Vehicle,DRDO,2008,25,Operational
EQ01891,SUP0160,Radar,Radar,HAL,2020,13,Operational
EQ01892,SUP0134,Communication System,Communication System,DRDO,2012,28,Operational
EQ01893,SUP0253,Armored Vehicle,Armored Vehicle,L&T Defence,2009,27,Maintenance
EQ01894,SUP0233,Truck,Truck,Ashok Leyland Defence,2017,24,Operational
EQ01895,SUP0230,Generator,Generator,Bharat Dynamics,2017,25,Operational
EQ01896,SUP0054,Armored Vehicle,Armored Vehicle,Bharat Dynamics,2007,30,Operational
EQ01897,SUP0242,Radar,Radar,DRDO,2011,30,Operational
EQ01898,SUP0077,Drone,Drone,Mahindra Defence,2018,11,Operational
EQ01899,SUP0051,Armored Vehicle,Armored Vehicle,Mahindra Defence,2006,20,Out of Service
EQ01900,SUP0279,Tank,Tank,Bharat Dynamics,2017,28,Out of Service
EQ01901,SUP0024,Drone,Drone,DRDO,2005,11,Out of Service
EQ01902,SUP0239,Drone,Drone,HAL,2012,12,Operational
EQ01903,SUP0091,Missile Launcher,Missile Launcher,BEL,2023,27,Operational
EQ01904,SUP0043,Tank,Tank,BEL,2011,23,Operational
EQ01905,SUP0282,Generator,Generator,Ashok Leyland Defence,2019,21,Operational
EQ01906,SUP0099,Generator,Generator,Ashok Leyland Defence,2005,19,Operational
EQ01907,SUP0225,Missile Launcher,Missile Launcher,Ashok Leyland Defence,2023,10,Operational
EQ01908,SUP0102,Truck,Truck,Bharat Dynamics,2024,14,Operational
EQ01909,SUP0268,Missile Launcher,Missile Launcher,HAL,2010,14,Out of Service
EQ01910,SUP0139,Missile Launcher,Missile Launcher,Bharat Dynamics,2025,26,Out of Service
EQ01911,SUP0084,Radar,Radar,DRDO,2015,28,Operational
EQ01912,SUP0193,Tank,Tank,Tata Advanced Systems,2019,20,Operational
EQ01913,SUP0254,Communication System,Communication System,Bharat Dynamics,2012,21,Out of Service
EQ01914,SUP0233,Communication System,Communication System,HAL,2025,25,Out of Service
EQ01915,SUP0204,Tank,Tank,Bharat Dynamics,2009,11,Out of Service
EQ01916,SUP0003,Generator,Generator,Tata Advanced Systems,2014,27,Operational
EQ01917,SUP0234,Radar,Radar,Mahindra Defence,2015,11,Operational
EQ01918,SUP0186,Drone,Drone,Tata Advanced Systems,2014,20,Operational
EQ01919,SUP0043,Radar,Radar,Bharat Dynamics,2024,27,Operational
EQ01920,SUP0124,Truck,Truck,L&T Defence,2016,25,Operational
EQ01921,SUP0197,Truck,Truck,Ashok Leyland Defence,2020,26,Operational
EQ01922,SUP0285,Generator,Generator,BEL,2017,15,Operational
EQ01923,SUP0173,Armored Vehicle,Armored Vehicle,BEL,2014,28,Operational
EQ01924,SUP0241,Communication System,Communication System,Bharat Dynamics,2025,30,Operational
EQ01925,SUP0152,Missile Launcher,Missile Launcher,Bharat Dynamics,2025,18,Operational
EQ01926,SUP0083,Truck,Truck,HAL,2022,15,Operational
EQ01927,SUP0215,Armored Vehicle,Armored Vehicle,L&T Defence,2025,11,Operational
EQ01928,SUP0052,Tank,Tank,DRDO,2009,27,Operational
EQ01929,SUP0299,Radar,Radar,Bharat Dynamics,2006,22,Maintenance
EQ01930,SUP0195,Generator,Generator,DRDO,2013,12,Operational
EQ01931,SUP0186,Generator,Generator,L&T Defence,2021,11,Operational
EQ01932,SUP0206,Armored Vehicle,Armored Vehicle,BEL,2011,30,Operational
EQ01933,SUP0182,Missile Launcher,Missile Launcher,Bharat Dynamics,2008,27,Operational
EQ01934,SUP0192,Radar,Radar,Bharat Dynamics,2011,18,Operational
EQ01935,SUP0044,Communication System,Communication System,Ashok Leyland Defence,2016,17,Operational
EQ01936,SUP0236,Generator,Generator,BEL,2016,23,Operational
EQ01937,SUP0052,Communication System,Communication System,Mahindra Defence,2021,18,Operational
EQ01938,SUP0018,Truck,Truck,Bharat Dynamics,2008,10,Operational
EQ01939,SUP0140,Drone,Drone,BEL,2013,12,Operational
EQ01940,SUP0140,Truck,Truck,Tata Advanced Systems,2009,28,Out of Service
EQ01941,SUP0093,Truck,Truck,Bharat Dynamics,2022,15,Operational
EQ01942,SUP0019,Armored Vehicle,Armored Vehicle,DRDO,2012,23,Operational
EQ01943,SUP0014,Tank,Tank,Ashok Leyland Defence,2017,22,Operational
EQ01944,SUP0243,Truck,Truck,Bharat Dynamics,2015,11,Operational
EQ01945,SUP0177,Drone,Drone,DRDO,2017,28,Operational
EQ01946,SUP0143,Armored Vehicle,Armored Vehicle,DRDO,2011,22,Operational
EQ01947,SUP0220,Generator,Generator,Tata Advanced Systems,2024,22,Operational
EQ01948,SUP0274,Drone,Drone,Mahindra Defence,2009,17,Operational
EQ01949,SUP0048,Radar,Radar,HAL,2017,13,Operational
EQ01950,SUP0205,Tank,Tank,BEL,2005,29,Operational
EQ01951,SUP0034,Missile Launcher,Missile Launcher,Tata Advanced Systems,2022,23,Operational
EQ01952,SUP0155,Tank,Tank,Bharat Dynamics,2019,27,Operational
EQ01953,SUP0096,Tank,Tank,Tata Advanced Systems,2006,11,Operational
EQ01954,SUP0156,Tank,Tank,Mahindra Defence,2011,23,Operational
EQ01955,SUP0265,Communication System,Communication System,HAL,2021,11,Operational
EQ01956,SUP0195,Drone,Drone,Tata Advanced Systems,2020,24,Operational
EQ01957,SUP0001,Drone,Drone,Tata Advanced Systems,2025,14,Operational
EQ01958,SUP0011,Tank,Tank,Tata Advanced Systems,2008,13,Operational
EQ01959,SUP0221,Truck,Truck,Bharat Dynamics,2018,29,Operational
EQ01960,SUP0092,Generator,Generator,BEL,2010,19,Maintenance
EQ01961,SUP0150,Truck,Truck,HAL,2008,29,Maintenance
EQ01962,SUP0176,Tank,Tank,Bharat Dynamics,2014,18,Operational
EQ01963,SUP0156,Drone,Drone,DRDO,2012,17,Operational
EQ01964,SUP0009,Truck,Truck,Bharat Dynamics,2021,30,Operational
EQ01965,SUP0011,Armored Vehicle,Armored Vehicle,Tata Advanced Systems,2020,27,Operational
EQ01966,SUP0041,Missile Launcher,Missile Launcher,Bharat Dynamics,2011,19,Operational
EQ01967,SUP0145,Missile Launcher,Missile Launcher,Tata Advanced Systems,2024,29,Operational
EQ01968,SUP0133,Missile Launcher,Missile Launcher,Bharat Dynamics,2015,19,Operational
EQ01969,SUP0244,Drone,Drone,Mahindra Defence,2010,24,Operational
EQ01970,SUP0078,Tank,Tank,DRDO,2011,30,Operational
EQ01971,SUP0165,Missile Launcher,Missile Launcher,Bharat Dynamics,2017,26,Out of Service
EQ01972,SUP0137,Radar,Radar,Mahindra Defence,2016,23,Operational
EQ01973,SUP0165,Missile Launcher,Missile Launcher,L&T Defence,2011,14,Maintenance
EQ01974,SUP0016,Drone,Drone,Mahindra Defence,2012,25,Maintenance
EQ01975,SUP0059,Truck,Truck,DRDO,2005,30,Maintenance
EQ01976,SUP0021,Drone,Drone,Mahindra Defence,2022,29,Operational
EQ01977,SUP0119,Drone,Drone,HAL,2021,14,Operational
EQ01978,SUP0281,Missile Launcher,Missile Launcher,HAL,2006,10,Operational
EQ01979,SUP0083,Radar,Radar,Bharat Dynamics,2006,25,Out of Service
EQ01980,SUP0162,Truck,Truck,BEL,2020,12,Out of Service
EQ01981,SUP0071,Missile Launcher,Missile Launcher,Tata Advanced Systems,2008,21,Out of Service
EQ01982,SUP0105,Generator,Generator,Bharat Dynamics,2016,29,Operational
EQ01983,SUP0056,Armored Vehicle,Armored Vehicle,Mahindra Defence,2011,20,Operational
EQ01984,SUP0020,Communication System,Communication System,Bharat Dynamics,2008,23,Operational
EQ01985,SUP0068,Truck,Truck,HAL,2014,20,Operational
EQ01986,SUP0023,Missile Launcher,Missile Launcher,L&T Defence,2007,14,Operational
EQ01987,SUP0089,Missile Launcher,Missile Launcher,Mahindra Defence,2006,14,Operational
EQ01988,SUP0012,Radar,Radar,DRDO,2017,12,Operational
EQ01989,SUP0295,Missile Launcher,Missile Launcher,Bharat Dynamics,2006,29,Operational
EQ01990,SUP0099,Radar,Radar,HAL,2019,28,Operational
EQ01991,SUP0050,Tank,Tank,Mahindra Defence,2014,30,Operational
EQ01992,SUP0200,Armored Vehicle,Armored Vehicle,BEL,2008,13,Maintenance
EQ01993,SUP0190,Communication System,Communication System,DRDO,2010,10,Maintenance
EQ01994,SUP0188,Armored Vehicle,Armored Vehicle,Tata Advanced Systems,2025,16,Operational
EQ01995,SUP0067,Truck,Truck,HAL,2011,26,Operational
EQ01996,SUP0114,Drone,Drone,BEL,2007,19,Maintenance
EQ01997,SUP0047,Tank,Tank,HAL,2009,18,Operational
EQ01998,SUP0020,Communication System,Communication System,Bharat Dynamics,2012,21,Operational
EQ01999,SUP0017,Generator,Generator,Tata Advanced Systems,2023,24,Operational
EQ02000,SUP0211,Missile Launcher,Missile Launcher,L&T Defence,2022,11,Operational
EQ02001,SUP0151,Communication System,Communication System,Tata Advanced Systems,2006,10,Operational
EQ02002,SUP0261,Drone,Drone,BEL,2011,23,Operational
EQ02003,SUP0094,Drone,Drone,DRDO,2014,19,Operational
EQ02004,SUP0127,Communication System,Communication System,Bharat Dynamics,2022,27,Operational
EQ02005,SUP0018,Generator,Generator,BEL,2010,22,Operational
EQ02006,SUP0026,Radar,Radar,DRDO,2019,23,Operational
EQ02007,SUP0029,Radar,Radar,HAL,2019,12,Operational
EQ02008,SUP0261,Truck,Truck,BEL,2008,11,Operational
EQ02009,SUP0256,Truck,Truck,HAL,2017,24,Operational
EQ02010,SUP0165,Generator,Generator,HAL,2020,30,Operational
EQ02011,SUP0041,Truck,Truck,Bharat Dynamics,2018,19,Maintenance
EQ02012,SUP0034,Missile Launcher,Missile Launcher,Ashok Leyland Defence,2021,22,Operational
EQ02013,SUP0242,Armored Vehicle,Armored Vehicle,Bharat Dynamics,2014,30,Operational
EQ02014,SUP0031,Generator,Generator,HAL,2025,20,Maintenance
EQ02015,SUP0136,Radar,Radar,BEL,2022,28,Operational
EQ02016,SUP0254,Generator,Generator,Mahindra Defence,2012,29,Operational
EQ02017,SUP0289,Tank,Tank,Bharat Dynamics,2017,18,Operational
EQ02018,SUP0277,Missile Launcher,Missile Launcher,Bharat Dynamics,2023,26,Operational
EQ02019,SUP0155,Generator,Generator,Tata Advanced Systems,2012,12,Operational
EQ02020,SUP0028,Generator,Generator,DRDO,2006,18,Operational
EQ02021,SUP0212,Drone,Drone,L&T Defence,2016,10,Operational
EQ02022,SUP0160,Armored Vehicle,Armored Vehicle,Mahindra Defence,2007,26,Maintenance
EQ02023,SUP0260,Radar,Radar,HAL,2006,24,Operational
EQ02024,SUP0048,Communication System,Communication System,DRDO,2014,10,Operational
EQ02025,SUP0110,Communication System,Communication System,DRDO,2020,25,Operational
EQ02026,SUP0247,Communication System,Communication System,Tata Advanced Systems,2014,23,Operational
EQ02027,SUP0244,Tank,Tank,Tata Advanced Systems,2017,15,Out of Service
EQ02028,SUP0008,Armored Vehicle,Armored Vehicle,Tata Advanced Systems,2021,17,Operational
EQ02029,SUP0297,Generator,Generator,DRDO,2012,10,Operational
EQ02030,SUP0238,Missile Launcher,Missile Launcher,Ashok Leyland Defence,2015,18,Operational
EQ02031,SUP0176,Generator,Generator,Bharat Dynamics,2022,13,Operational
EQ02032,SUP0269,Drone,Drone,Bharat Dynamics,2014,28,Operational
EQ02033,SUP0270,Truck,Truck,Ashok Leyland Defence,2013,25,Operational
EQ02034,SUP0246,Tank,Tank,Mahindra Defence,2006,14,Maintenance
EQ02035,SUP0201,Tank,Tank,DRDO,2019,19,Operational
EQ02036,SUP0231,Communication System,Communication System,Ashok Leyland Defence,2017,27,Operational
EQ02037,SUP0048,Communication System,Communication System,HAL,2005,22,Operational
EQ02038,SUP0219,Communication System,Communication System,Ashok Leyland Defence,2011,28,Operational
EQ02039,SUP0101,Armored Vehicle,Armored Vehicle,Mahindra Defence,2005,10,Operational
EQ02040,SUP0193,Generator,Generator,Tata Advanced Systems,2007,18,Maintenance
EQ02041,SUP0234,Communication System,Communication System,L&T Defence,2014,23,Operational
EQ02042,SUP0117,Generator,Generator,Tata Advanced Systems,2011,14,Operational
EQ02043,SUP0228,Truck,Truck,Tata Advanced Systems,2010,22,Maintenance
EQ02044,SUP0266,Radar,Radar,Mahindra Defence,2022,18,Operational
EQ02045,SUP0125,Missile Launcher,Missile Launcher,Ashok Leyland Defence,2012,17,Operational
EQ02046,SUP0133,Communication System,Communication System,Ashok Leyland Defence,2018,20,Operational
EQ02047,SUP0119,Tank,Tank,HAL,2007,25,Maintenance
EQ02048,SUP0149,Drone,Drone,BEL,2020,26,Operational
EQ02049,SUP0290,Tank,Tank,L&T Defence,2012,30,Operational
EQ02050,SUP0202,Missile Launcher,Missile Launcher,Tata Advanced Systems,2012,19,Operational
EQ02051,SUP0059,Communication System,Communication System,Bharat Dynamics,2009,15,Maintenance
EQ02052,SUP0078,Tank,Tank,BEL,2019,23,Operational
EQ02053,SUP0129,Tank,Tank,Mahindra Defence,2016,12,Operational
EQ02054,SUP0157,Armored Vehicle,Armored Vehicle,L&T Defence,2020,28,Operational
EQ02055,SUP0029,Armored Vehicle,Armored Vehicle,Tata Advanced Systems,2023,27,Operational
EQ02056,SUP0229,Missile Launcher,Missile Launcher,HAL,2006,16,Operational
EQ02057,SUP0221,Radar,Radar,BEL,2008,18,Operational
EQ02058,SUP0114,Radar,Radar,Ashok Leyland Defence,2024,23,Operational
EQ02059,SUP0278,Missile Launcher,Missile Launcher,L&T Defence,2022,19,Operational
EQ02060,SUP0158,Armored Vehicle,Armored Vehicle,BEL,2012,19,Operational
EQ02061,SUP0018,Communication System,Communication System,DRDO,2012,30,Operational
EQ02062,SUP0234,Armored Vehicle,Armored Vehicle,Tata Advanced Systems,2006,11,Operational
EQ02063,SUP0040,Tank,Tank,Ashok Leyland Defence,2012,16,Operational
EQ02064,SUP0224,Radar,Radar,Tata Advanced Systems,2010,17,Maintenance
EQ02065,SUP0164,Generator,Generator,Mahindra Defence,2021,14,Operational
EQ02066,SUP0138,Radar,Radar,BEL,2009,12,Operational
EQ02067,SUP0291,Drone,Drone,DRDO,2021,28,Maintenance
EQ02068,SUP0073,Radar,Radar,Tata Advanced Systems,2023,16,Operational
EQ02069,SUP0212,Tank,Tank,HAL,2015,17,Maintenance
EQ02070,SUP0285,Generator,Generator,L&T Defence,2023,27,Operational
EQ02071,SUP0261,Missile Launcher,Missile Launcher,BEL,2015,25,Operational
EQ02072,SUP0116,Communication System,Communication System,Tata Advanced Systems,2019,25,Operational
EQ02073,SUP0140,Truck,Truck,L&T Defence,2008,17,Maintenance
EQ02074,SUP0021,Tank,Tank,L&T Defence,2021,25,Operational
EQ02075,SUP0100,Drone,Drone,Tata Advanced Systems,2020,18,Operational
EQ02076,SUP0197,Armored Vehicle,Armored Vehicle,L&T Defence,2020,28,Operational
EQ02077,SUP0251,Truck,Truck,Ashok Leyland Defence,2021,13,Operational
EQ02078,SUP0043,Radar,Radar,Ashok Leyland Defence,2006,10,Operational
EQ02079,SUP0002,Generator,Generator,BEL,2018,30,Operational
EQ02080,SUP0068,Tank,Tank,HAL,2025,13,Operational
EQ02081,SUP0076,Tank,Tank,DRDO,2023,19,Operational
EQ02082,SUP0032,Radar,Radar,Tata Advanced Systems,2017,14,Operational
EQ02083,SUP0136,Tank,Tank,L&T Defence,2024,23,Maintenance
EQ02084,SUP0283,Drone,Drone,Tata Advanced Systems,2011,12,Maintenance
EQ02085,SUP0008,Truck,Truck,Mahindra Defence,2019,19,Operational
EQ02086,SUP0254,Tank,Tank,L&T Defence,2006,24,Out of Service
EQ02087,SUP0122,Tank,Tank,DRDO,2005,19,Maintenance
EQ02088,SUP0041,Armored Vehicle,Armored Vehicle,HAL,2021,25,Operational
EQ02089,SUP0235,Missile Launcher,Missile Launcher,Mahindra Defence,2011,12,Operational
EQ02090,SUP0172,Truck,Truck,DRDO,2025,29,Out of Service
EQ02091,SUP0032,Communication System,Communication System,DRDO,2005,26,Maintenance
EQ02092,SUP0109,Generator,Generator,HAL,2015,27,Operational
EQ02093,SUP0059,Radar,Radar,Mahindra Defence,2017,28,Operational
EQ02094,SUP0103,Tank,Tank,Bharat Dynamics,2024,13,Operational
EQ02095,SUP0211,Truck,Truck,Tata Advanced Systems,2015,27,Operational
EQ02096,SUP0266,Drone,Drone,BEL,2010,28,Operational
EQ02097,SUP0166,Armored Vehicle,Armored Vehicle,HAL,2014,28,Operational
EQ02098,SUP0241,Drone,Drone,Ashok Leyland Defence,2010,16,Operational
EQ02099,SUP0068,Drone,Drone,DRDO,2014,10,Operational
EQ02100,SUP0194,Tank,Tank,BEL,2010,28,Out of Service
EQ02101,SUP0145,Generator,Generator,BEL,2017,18,Operational
EQ02102,SUP0273,Communication System,Communication System,Tata Advanced Systems,2016,20,Operational
EQ02103,SUP0143,Truck,Truck,Ashok Leyland Defence,2006,17,Out of Service
EQ02104,SUP0090,Missile Launcher,Missile Launcher,DRDO,2022,28,Operational
EQ02105,SUP0029,Tank,Tank,Bharat Dynamics,2011,30,Operational
EQ02106,SUP0282,Communication System,Communication System,Bharat Dynamics,2011,18,Operational
EQ02107,SUP0157,Generator,Generator,Bharat Dynamics,2011,28,Operational
EQ02108,SUP0220,Missile Launcher,Missile Launcher,Ashok Leyland Defence,2017,30,Operational
EQ02109,SUP0033,Tank,Tank,BEL,2025,10,Operational
EQ02110,SUP0150,Missile Launcher,Missile Launcher,Bharat Dynamics,2014,13,Operational
EQ02111,SUP0076,Communication System,Communication System,DRDO,2024,12,Operational
EQ02112,SUP0217,Armored Vehicle,Armored Vehicle,Ashok Leyland Defence,2019,23,Operational
EQ02113,SUP0286,Radar,Radar,L&T Defence,2008,16,Operational
EQ02114,SUP0172,Generator,Generator,HAL,2018,11,Operational
EQ02115,SUP0027,Missile Launcher,Missile Launcher,DRDO,2011,30,Maintenance
EQ02116,SUP0120,Tank,Tank,DRDO,2006,22,Maintenance
EQ02117,SUP0215,Tank,Tank,Tata Advanced Systems,2012,27,Operational
EQ02118,SUP0002,Tank,Tank,Mahindra Defence,2015,28,Operational
EQ02119,SUP0234,Generator,Generator,L&T Defence,2006,21,Operational
EQ02120,SUP0209,Truck,Truck,Bharat Dynamics,2024,17,Operational
EQ02121,SUP0134,Truck,Truck,Tata Advanced Systems,2021,30,Operational
EQ02122,SUP0162,Generator,Generator,HAL,2021,15,Operational
EQ02123,SUP0276,Communication System,Communication System,Ashok Leyland Defence,2025,18,Operational
EQ02124,SUP0001,Tank,Tank,Bharat Dynamics,2024,15,Out of Service
EQ02125,SUP0008,Armored Vehicle,Armored Vehicle,Tata Advanced Systems,2020,15,Operational
EQ02126,SUP0261,Generator,Generator,Tata Advanced Systems,2011,21,Operational
EQ02127,SUP0092,Missile Launcher,Missile Launcher,Mahindra Defence,2020,17,Out of Service
EQ02128,SUP0090,Tank,Tank,L&T Defence,2025,15,Operational
EQ02129,SUP0011,Truck,Truck,L&T Defence,2025,21,Operational
EQ02130,SUP0191,Truck,Truck,Tata Advanced Systems,2022,19,Operational
EQ02131,SUP0179,Armored Vehicle,Armored Vehicle,L&T Defence,2022,15,Operational
EQ02132,SUP0223,Generator,Generator,Ashok Leyland Defence,2014,27,Operational
EQ02133,SUP0053,Tank,Tank,HAL,2024,30,Operational
EQ02134,SUP0044,Armored Vehicle,Armored Vehicle,BEL,2005,22,Operational
EQ02135,SUP0085,Drone,Drone,Mahindra Defence,2018,24,Operational
EQ02136,SUP0077,Radar,Radar,Mahindra Defence,2021,11,Maintenance
EQ02137,SUP0101,Radar,Radar,L&T Defence,2022,10,Maintenance
EQ02138,SUP0161,Generator,Generator,HAL,2014,30,Operational
EQ02139,SUP0200,Communication System,Communication System,Tata Advanced Systems,2010,25,Operational
EQ02140,SUP0126,Tank,Tank,HAL,2011,20,Operational
EQ02141,SUP0131,Missile Launcher,Missile Launcher,BEL,2010,16,Operational
EQ02142,SUP0016,Generator,Generator,L&T Defence,2006,16,Operational
EQ02143,SUP0023,Missile Launcher,Missile Launcher,Mahindra Defence,2016,27,Operational
EQ02144,SUP0245,Communication System,Communication System,BEL,2016,30,Operational
EQ02145,SUP0208,Generator,Generator,BEL,2019,19,Operational
EQ02146,SUP0025,Radar,Radar,HAL,2021,17,Operational
EQ02147,SUP0077,Drone,Drone,Ashok Leyland Defence,2024,15,Operational
EQ02148,SUP0187,Armored Vehicle,Armored Vehicle,Ashok Leyland Defence,2023,10,Operational
EQ02149,SUP0235,Generator,Generator,HAL,2016,17,Operational
EQ02150,SUP0137,Truck,Truck,Mahindra Defence,2023,10,Operational
EQ02151,SUP0132,Missile Launcher,Missile Launcher,Tata Advanced Systems,2009,27,Maintenance
EQ02152,SUP0122,Truck,Truck,BEL,2018,20,Operational
EQ02153,SUP0258,Drone,Drone,L&T Defence,2008,21,Out of Service
EQ02154,SUP0134,Generator,Generator,DRDO,2024,30,Out of Service
EQ02155,SUP0087,Drone,Drone,L&T Defence,2012,13,Operational
EQ02156,SUP0162,Truck,Truck,Tata Advanced Systems,2022,28,Maintenance
EQ02157,SUP0194,Tank,Tank,L&T Defence,2005,26,Operational
EQ02158,SUP0179,Communication System,Communication System,Bharat Dynamics,2008,22,Out of Service
EQ02159,SUP0172,Missile Launcher,Missile Launcher,Bharat Dynamics,2005,17,Maintenance
EQ02160,SUP0161,Radar,Radar,BEL,2005,15,Maintenance
EQ02161,SUP0025,Generator,Generator,Mahindra Defence,2012,14,Operational
EQ02162,SUP0173,Radar,Radar,DRDO,2025,14,Out of Service
EQ02163,SUP0171,Armored Vehicle,Armored Vehicle,Mahindra Defence,2011,12,Operational
EQ02164,SUP0101,Truck,Truck,L&T Defence,2014,23,Out of Service
EQ02165,SUP0066,Missile Launcher,Missile Launcher,HAL,2006,28,Maintenance
EQ02166,SUP0188,Missile Launcher,Missile Launcher,HAL,2018,27,Operational
EQ02167,SUP0199,Drone,Drone,DRDO,2023,11,Maintenance
EQ02168,SUP0214,Communication System,Communication System,Bharat Dynamics,2012,28,Maintenance
EQ02169,SUP0217,Tank,Tank,L&T Defence,2012,24,Operational
EQ02170,SUP0151,Communication System,Communication System,Bharat Dynamics,2012,23,Operational
EQ02171,SUP0024,Generator,Generator,Mahindra Defence,2022,18,Operational
EQ02172,SUP0002,Communication System,Communication System,DRDO,2016,13,Operational
EQ02173,SUP0175,Armored Vehicle,Armored Vehicle,DRDO,2009,14,Maintenance
EQ02174,SUP0106,Radar,Radar,DRDO,2017,21,Operational
EQ02175,SUP0268,Communication System,Communication System,Bharat Dynamics,2011,15,Operational
EQ02176,SUP0216,Generator,Generator,Tata Advanced Systems,2025,20,Operational
EQ02177,SUP0071,Radar,Radar,Ashok Leyland Defence,2019,22,Operational
EQ02178,SUP0171,Armored Vehicle,Armored Vehicle,Bharat Dynamics,2021,15,Operational
EQ02179,SUP0113,Drone,Drone,Ashok Leyland Defence,2009,11,Out of Service
EQ02180,SUP0249,Missile Launcher,Missile Launcher,HAL,2008,11,Operational
EQ02181,SUP0175,Armored Vehicle,Armored Vehicle,DRDO,2015,19,Operational
EQ02182,SUP0279,Generator,Generator,Mahindra Defence,2021,15,Out of Service
EQ02183,SUP0088,Communication System,Communication System,Bharat Dynamics,2022,18,Operational
EQ02184,SUP0270,Communication System,Communication System,Mahindra Defence,2009,11,Out of Service
EQ02185,SUP0214,Truck,Truck,Tata Advanced Systems,2011,23,Operational
EQ02186,SUP0003,Armored Vehicle,Armored Vehicle,Tata Advanced Systems,2021,27,Operational
EQ02187,SUP0241,Missile Launcher,Missile Launcher,HAL,2011,16,Operational
EQ02188,SUP0031,Missile Launcher,Missile Launcher,Ashok Leyland Defence,2017,14,Operational
EQ02189,SUP0128,Generator,Generator,L&T Defence,2005,30,Operational
EQ02190,SUP0224,Generator,Generator,L&T Defence,2015,25,Operational
EQ02191,SUP0235,Tank,Tank,BEL,2011,22,Operational
EQ02192,SUP0299,Truck,Truck,Mahindra Defence,2014,25,Maintenance
EQ02193,SUP0160,Drone,Drone,Mahindra Defence,2020,17,Operational
EQ02194,SUP0048,Communication System,Communication System,Ashok Leyland Defence,2011,18,Operational
EQ02195,SUP0115,Communication System,Communication System,L&T Defence,2005,12,Maintenance
EQ02196,SUP0148,Generator,Generator,Mahindra Defence,2019,30,Operational
EQ02197,SUP0233,Armored Vehicle,Armored Vehicle,Bharat Dynamics,2021,12,Operational
EQ02198,SUP0098,Generator,Generator,Bharat Dynamics,2021,22,Operational
EQ02199,SUP0270,Armored Vehicle,Armored Vehicle,HAL,2015,18,Operational
EQ02200,SUP0209,Truck,Truck,Ashok Leyland Defence,2024,21,Operational
EQ02201,SUP0246,Tank,Tank,DRDO,2006,17,Operational
EQ02202,SUP0291,Truck,Truck,DRDO,2020,21,Operational
EQ02203,SUP0115,Armored Vehicle,Armored Vehicle,L&T Defence,2021,17,Operational
EQ02204,SUP0138,Missile Launcher,Missile Launcher,BEL,2017,10,Operational
EQ02205,SUP0003,Armored Vehicle,Armored Vehicle,HAL,2014,24,Operational
EQ02206,SUP0258,Tank,Tank,Mahindra Defence,2011,24,Operational
EQ02207,SUP0202,Communication System,Communication System,Mahindra Defence,2013,27,Operational
EQ02208,SUP0210,Truck,Truck,Ashok Leyland Defence,2006,11,Operational
EQ02209,SUP0194,Tank,Tank,BEL,2006,19,Maintenance
EQ02210,SUP0248,Communication System,Communication System,HAL,2023,26,Operational
EQ02211,SUP0010,Radar,Radar,BEL,2020,14,Operational
EQ02212,SUP0115,Communication System,Communication System,Ashok Leyland Defence,2012,17,Operational
EQ02213,SUP0218,Truck,Truck,Ashok Leyland Defence,2019,19,Operational
EQ02214,SUP0232,Generator,Generator,Bharat Dynamics,2019,19,Operational
EQ02215,SUP0083,Tank,Tank,HAL,2015,20,Operational
EQ02216,SUP0201,Tank,Tank,Tata Advanced Systems,2015,18,Operational
EQ02217,SUP0100,Communication System,Communication System,Tata Advanced Systems,2021,28,Operational
EQ02218,SUP0187,Radar,Radar,Mahindra Defence,2019,10,Operational
EQ02219,SUP0068,Missile Launcher,Missile Launcher,L&T Defence,2011,27,Operational
EQ02220,SUP0011,Generator,Generator,HAL,2012,24,Maintenance
EQ02221,SUP0144,Missile Launcher,Missile Launcher,Ashok Leyland Defence,2025,15,Operational
EQ02222,SUP0107,Missile Launcher,Missile Launcher,Tata Advanced Systems,2025,25,Operational
EQ02223,SUP0009,Tank,Tank,Mahindra Defence,2011,16,Operational
EQ02224,SUP0280,Armored Vehicle,Armored Vehicle,HAL,2020,15,Operational
EQ02225,SUP0116,Missile Launcher,Missile Launcher,HAL,2022,19,Operational
EQ02226,SUP0284,Truck,Truck,Ashok Leyland Defence,2023,11,Maintenance
EQ02227,SUP0194,Missile Launcher,Missile Launcher,L&T Defence,2017,19,Operational
EQ02228,SUP0017,Communication System,Communication System,Tata Advanced Systems,2012,28,Operational
EQ02229,SUP0052,Drone,Drone,DRDO,2007,25,Maintenance
EQ02230,SUP0282,Tank,Tank,Tata Advanced Systems,2017,18,Maintenance
EQ02231,SUP0071,Armored Vehicle,Armored Vehicle,Bharat Dynamics,2025,24,Out of Service
EQ02232,SUP0083,Tank,Tank,DRDO,2018,27,Operational
EQ02233,SUP0238,Truck,Truck,Mahindra Defence,2022,22,Operational
EQ02234,SUP0255,Truck,Truck,Ashok Leyland Defence,2005,18,Out of Service
EQ02235,SUP0004,Missile Launcher,Missile Launcher,BEL,2015,24,Operational
EQ02236,SUP0134,Missile Launcher,Missile Launcher,DRDO,2023,12,Operational
EQ02237,SUP0251,Missile Launcher,Missile Launcher,DRDO,2005,15,Operational
EQ02238,SUP0270,Tank,Tank,Bharat Dynamics,2015,30,Operational
EQ02239,SUP0045,Missile Launcher,Missile Launcher,L&T Defence,2009,21,Out of Service
EQ02240,SUP0036,Armored Vehicle,Armored Vehicle,Bharat Dynamics,2016,26,Operational
EQ02241,SUP0200,Communication System,Communication System,Tata Advanced Systems,2014,13,Operational
EQ02242,SUP0103,Drone,Drone,Tata Advanced Systems,2010,30,Operational
EQ02243,SUP0065,Communication System,Communication System,DRDO,2008,25,Out of Service
EQ02244,SUP0241,Drone,Drone,Tata Advanced Systems,2011,13,Operational
EQ02245,SUP0294,Communication System,Communication System,L&T Defence,2020,19,Operational
EQ02246,SUP0010,Tank,Tank,Mahindra Defence,2006,27,Operational
EQ02247,SUP0281,Generator,Generator,Bharat Dynamics,2015,30,Operational
EQ02248,SUP0105,Armored Vehicle,Armored Vehicle,Ashok Leyland Defence,2006,23,Operational
EQ02249,SUP0140,Truck,Truck,Bharat Dynamics,2011,22,Maintenance
EQ02250,SUP0130,Drone,Drone,Ashok Leyland Defence,2025,18,Operational
EQ02251,SUP0207,Armored Vehicle,Armored Vehicle,BEL,2010,17,Maintenance
EQ02252,SUP0224,Truck,Truck,Tata Advanced Systems,2018,12,Operational
EQ02253,SUP0026,Truck,Truck,L&T Defence,2008,11,Operational
EQ02254,SUP0182,Missile Launcher,Missile Launcher,Mahindra Defence,2016,18,Operational
EQ02255,SUP0252,Missile Launcher,Missile Launcher,Tata Advanced Systems,2012,30,Operational
EQ02256,SUP0287,Radar,Radar,L&T Defence,2010,14,Maintenance
EQ02257,SUP0241,Armored Vehicle,Armored Vehicle,Bharat Dynamics,2015,22,Operational
EQ02258,SUP0228,Truck,Truck,HAL,2016,27,Out of Service
EQ02259,SUP0133,Communication System,Communication System,DRDO,2021,18,Operational
EQ02260,SUP0044,Drone,Drone,Ashok Leyland Defence,2008,27,Operational
EQ02261,SUP0034,Armored Vehicle,Armored Vehicle,Mahindra Defence,2017,11,Operational
EQ02262,SUP0148,Generator,Generator,HAL,2011,30,Operational
EQ02263,SUP0007,Missile Launcher,Missile Launcher,BEL,2005,14,Operational
EQ02264,SUP0204,Tank,Tank,BEL,2021,10,Operational
EQ02265,SUP0014,Missile Launcher,Missile Launcher,Tata Advanced Systems,2012,20,Operational
EQ02266,SUP0001,Truck,Truck,BEL,2019,18,Operational
EQ02267,SUP0069,Generator,Generator,Mahindra Defence,2015,14,Operational
EQ02268,SUP0289,Truck,Truck,Tata Advanced Systems,2010,27,Maintenance
EQ02269,SUP0018,Generator,Generator,BEL,2007,15,Maintenance
EQ02270,SUP0259,Armored Vehicle,Armored Vehicle,HAL,2022,14,Operational
EQ02271,SUP0287,Radar,Radar,Tata Advanced Systems,2014,30,Maintenance
EQ02272,SUP0173,Tank,Tank,HAL,2024,28,Operational
EQ02273,SUP0129,Drone,Drone,Bharat Dynamics,2005,20,Operational
EQ02274,SUP0028,Communication System,Communication System,L&T Defence,2005,17,Maintenance
EQ02275,SUP0250,Generator,Generator,Mahindra Defence,2012,21,Operational
EQ02276,SUP0082,Armored Vehicle,Armored Vehicle,Bharat Dynamics,2015,19,Operational
EQ02277,SUP0167,Missile Launcher,Missile Launcher,L&T Defence,2010,14,Operational
EQ02278,SUP0295,Missile Launcher,Missile Launcher,L&T Defence,2016,13,Operational
EQ02279,SUP0041,Generator,Generator,DRDO,2007,16,Maintenance
EQ02280,SUP0187,Armored Vehicle,Armored Vehicle,Ashok Leyland Defence,2009,17,Maintenance
EQ02281,SUP0018,Truck,Truck,DRDO,2020,22,Operational
EQ02282,SUP0047,Tank,Tank,Bharat Dynamics,2009,20,Out of Service
EQ02283,SUP0026,Truck,Truck,L&T Defence,2018,26,Operational
EQ02284,SUP0014,Radar,Radar,DRDO,2023,26,Operational
EQ02285,SUP0166,Radar,Radar,HAL,2025,18,Operational
EQ02286,SUP0255,Communication System,Communication System,Ashok Leyland Defence,2018,20,Out of Service
EQ02287,SUP0018,Communication System,Communication System,DRDO,2006,16,Operational
EQ02288,SUP0020,Missile Launcher,Missile Launcher,DRDO,2010,17,Maintenance
EQ02289,SUP0160,Generator,Generator,Bharat Dynamics,2024,25,Operational
EQ02290,SUP0192,Truck,Truck,BEL,2022,21,Operational
EQ02291,SUP0293,Drone,Drone,Ashok Leyland Defence,2014,19,Maintenance
EQ02292,SUP0262,Drone,Drone,DRDO,2017,14,Operational
EQ02293,SUP0288,Communication System,Communication System,Mahindra Defence,2020,28,Operational
EQ02294,SUP0102,Radar,Radar,Mahindra Defence,2012,24,Operational
EQ02295,SUP0220,Radar,Radar,HAL,2018,20,Operational
EQ02296,SUP0291,Tank,Tank,L&T Defence,2021,30,Operational
EQ02297,SUP0234,Drone,Drone,HAL,2008,18,Out of Service
EQ02298,SUP0201,Radar,Radar,HAL,2010,21,Maintenance
EQ02299,SUP0001,Communication System,Communication System,L&T Defence,2007,26,Operational
EQ02300,SUP0107,Communication System,Communication System,HAL,2013,19,Operational
EQ02301,SUP0193,Radar,Radar,HAL,2021,11,Operational
EQ02302,SUP0283,Armored Vehicle,Armored Vehicle,Ashok Leyland Defence,2013,20,Operational
EQ02303,SUP0071,Communication System,Communication System,HAL,2025,20,Operational
EQ02304,SUP0288,Tank,Tank,DRDO,2022,23,Operational
EQ02305,SUP0018,Radar,Radar,DRDO,2015,13,Operational
EQ02306,SUP0179,Drone,Drone,Ashok Leyland Defence,2025,25,Operational
EQ02307,SUP0266,Tank,Tank,Tata Advanced Systems,2008,20,Maintenance
EQ02308,SUP0292,Tank,Tank,Tata Advanced Systems,2019,15,Operational
EQ02309,SUP0037,Truck,Truck,Mahindra Defence,2012,12,Operational
EQ02310,SUP0022,Missile Launcher,Missile Launcher,Bharat Dynamics,2006,15,Operational
EQ02311,SUP0164,Armored Vehicle,Armored Vehicle,HAL,2024,10,Operational
EQ02312,SUP0248,Truck,Truck,DRDO,2021,17,Operational
EQ02313,SUP0009,Radar,Radar,Ashok Leyland Defence,2016,26,Operational
EQ02314,SUP0252,Drone,Drone,HAL,2018,10,Operational
EQ02315,SUP0256,Armored Vehicle,Armored Vehicle,HAL,2006,23,Operational
EQ02316,SUP0231,Generator,Generator,Tata Advanced Systems,2009,13,Maintenance
EQ02317,SUP0236,Armored Vehicle,Armored Vehicle,Ashok Leyland Defence,2024,15,Operational
EQ02318,SUP0293,Missile Launcher,Missile Launcher,HAL,2016,24,Operational
EQ02319,SUP0022,Missile Launcher,Missile Launcher,Tata Advanced Systems,2008,29,Maintenance
EQ02320,SUP0261,Radar,Radar,L&T Defence,2022,17,Operational
EQ02321,SUP0289,Tank,Tank,HAL,2017,30,Operational
EQ02322,SUP0166,Armored Vehicle,Armored Vehicle,BEL,2007,24,Operational
EQ02323,SUP0160,Tank,Tank,HAL,2011,20,Operational
EQ02324,SUP0234,Truck,Truck,Bharat Dynamics,2021,18,Operational
EQ02325,SUP0002,Radar,Radar,DRDO,2020,29,Operational
EQ02326,SUP0129,Missile Launcher,Missile Launcher,Tata Advanced Systems,2011,16,Operational
EQ02327,SUP0077,Generator,Generator,DRDO,2015,10,Operational
EQ02328,SUP0164,Tank,Tank,Tata Advanced Systems,2025,25,Operational
EQ02329,SUP0263,Communication System,Communication System,HAL,2010,11,Operational
EQ02330,SUP0004,Radar,Radar,Mahindra Defence,2023,12,Maintenance
EQ02331,SUP0113,Communication System,Communication System,Bharat Dynamics,2023,24,Operational
EQ02332,SUP0282,Armored Vehicle,Armored Vehicle,L&T Defence,2016,14,Operational
EQ02333,SUP0246,Truck,Truck,Tata Advanced Systems,2016,16,Operational
EQ02334,SUP0235,Truck,Truck,Mahindra Defence,2024,10,Operational
EQ02335,SUP0069,Armored Vehicle,Armored Vehicle,L&T Defence,2022,13,Operational
EQ02336,SUP0135,Radar,Radar,Bharat Dynamics,2013,15,Maintenance
EQ02337,SUP0082,Communication System,Communication System,Tata Advanced Systems,2019,28,Operational
EQ02338,SUP0009,Communication System,Communication System,Mahindra Defence,2005,30,Operational
EQ02339,SUP0165,Truck,Truck,Bharat Dynamics,2014,18,Operational
EQ02340,SUP0074,Truck,Truck,Mahindra Defence,2020,28,Operational
EQ02341,SUP0139,Generator,Generator,Tata Advanced Systems,2019,30,Operational
EQ02342,SUP0098,Drone,Drone,L&T Defence,2021,18,Operational
EQ02343,SUP0102,Armored Vehicle,Armored Vehicle,BEL,2009,15,Operational
EQ02344,SUP0150,Generator,Generator,BEL,2025,14,Maintenance
EQ02345,SUP0294,Truck,Truck,Bharat Dynamics,2011,19,Maintenance
EQ02346,SUP0007,Drone,Drone,BEL,2006,30,Operational
EQ02347,SUP0097,Truck,Truck,Bharat Dynamics,2021,16,Operational
EQ02348,SUP0248,Armored Vehicle,Armored Vehicle,BEL,2013,27,Operational
EQ02349,SUP0138,Drone,Drone,L&T Defence,2005,11,Maintenance
EQ02350,SUP0212,Generator,Generator,Tata Advanced Systems,2006,11,Operational
EQ02351,SUP0260,Truck,Truck,Bharat Dynamics,2019,19,Operational
EQ02352,SUP0293,Radar,Radar,DRDO,2012,25,Operational
EQ02353,SUP0185,Armored Vehicle,Armored Vehicle,Ashok Leyland Defence,2012,16,Operational
EQ02354,SUP0247,Radar,Radar,DRDO,2011,27,Operational
EQ02355,SUP0024,Tank,Tank,L&T Defence,2006,25,Operational
EQ02356,SUP0108,Generator,Generator,Tata Advanced Systems,2014,16,Operational
EQ02357,SUP0184,Armored Vehicle,Armored Vehicle,Ashok Leyland Defence,2006,13,Maintenance
EQ02358,SUP0265,Armored Vehicle,Armored Vehicle,BEL,2013,10,Operational
EQ02359,SUP0023,Drone,Drone,Bharat Dynamics,2006,13,Maintenance
EQ02360,SUP0216,Drone,Drone,L&T Defence,2008,23,Maintenance
EQ02361,SUP0056,Armored Vehicle,Armored Vehicle,Ashok Leyland Defence,2018,19,Operational
EQ02362,SUP0074,Truck,Truck,Tata Advanced Systems,2008,30,Out of Service
EQ02363,SUP0064,Generator,Generator,Tata Advanced Systems,2025,21,Operational
EQ02364,SUP0193,Armored Vehicle,Armored Vehicle,Bharat Dynamics,2019,25,Operational
EQ02365,SUP0278,Drone,Drone,L&T Defence,2023,30,Out of Service
EQ02366,SUP0013,Communication System,Communication System,Ashok Leyland Defence,2023,25,Operational
EQ02367,SUP0074,Drone,Drone,HAL,2012,18,Operational
EQ02368,SUP0279,Missile Launcher,Missile Launcher,Mahindra Defence,2011,12,Operational
EQ02369,SUP0174,Communication System,Communication System,Mahindra Defence,2013,17,Out of Service
EQ02370,SUP0086,Tank,Tank,DRDO,2006,13,Out of Service
EQ02371,SUP0009,Radar,Radar,Bharat Dynamics,2024,30,Maintenance
EQ02372,SUP0010,Generator,Generator,Mahindra Defence,2006,30,Operational
EQ02373,SUP0153,Communication System,Communication System,Bharat Dynamics,2023,29,Operational
EQ02374,SUP0025,Generator,Generator,Mahindra Defence,2025,17,Operational
EQ02375,SUP0078,Tank,Tank,HAL,2016,26,Operational
EQ02376,SUP0047,Truck,Truck,Tata Advanced Systems,2024,25,Operational
EQ02377,SUP0279,Armored Vehicle,Armored Vehicle,Bharat Dynamics,2024,20,Operational
EQ02378,SUP0031,Truck,Truck,DRDO,2006,10,Operational
EQ02379,SUP0054,Generator,Generator,L&T Defence,2024,10,Operational
EQ02380,SUP0058,Generator,Generator,Mahindra Defence,2025,16,Maintenance
EQ02381,SUP0064,Generator,Generator,Ashok Leyland Defence,2016,20,Operational
EQ02382,SUP0062,Armored Vehicle,Armored Vehicle,DRDO,2016,26,Operational
EQ02383,SUP0294,Generator,Generator,Ashok Leyland Defence,2021,28,Operational
EQ02384,SUP0210,Radar,Radar,Mahindra Defence,2006,15,Maintenance
EQ02385,SUP0118,Drone,Drone,L&T Defence,2022,28,Operational
EQ02386,SUP0205,Tank,Tank,HAL,2006,19,Operational
EQ02387,SUP0054,Missile Launcher,Missile Launcher,BEL,2014,13,Operational
EQ02388,SUP0297,Radar,Radar,HAL,2011,30,Operational
EQ02389,SUP0280,Communication System,Communication System,HAL,2014,20,Operational
EQ02390,SUP0014,Communication System,Communication System,BEL,2012,22,Operational
EQ02391,SUP0287,Armored Vehicle,Armored Vehicle,HAL,2009,16,Out of Service
EQ02392,SUP0143,Generator,Generator,BEL,2015,30,Operational
EQ02393,SUP0169,Tank,Tank,BEL,2009,26,Maintenance
EQ02394,SUP0083,Missile Launcher,Missile Launcher,L&T Defence,2014,10,Operational
EQ02395,SUP0143,Truck,Truck,DRDO,2008,30,Out of Service
EQ02396,SUP0085,Drone,Drone,DRDO,2024,12,Operational
EQ02397,SUP0298,Generator,Generator,Ashok Leyland Defence,2024,27,Maintenance
EQ02398,SUP0211,Truck,Truck,DRDO,2019,16,Operational
EQ02399,SUP0153,Tank,Tank,Tata Advanced Systems,2016,27,Operational
EQ02400,SUP0003,Communication System,Communication System,Ashok Leyland Defence,2015,11,Operational
EQ02401,SUP0091,Truck,Truck,Tata Advanced Systems,2017,28,Operational
EQ02402,SUP0245,Communication System,Communication System,HAL,2024,18,Operational
EQ02403,SUP0196,Truck,Truck,Ashok Leyland Defence,2016,12,Operational
EQ02404,SUP0036,Radar,Radar,BEL,2019,10,Operational
EQ02405,SUP0118,Truck,Truck,Bharat Dynamics,2019,24,Operational
EQ02406,SUP0197,Tank,Tank,DRDO,2008,12,Operational
EQ02407,SUP0078,Tank,Tank,Tata Advanced Systems,2005,25,Operational
EQ02408,SUP0087,Radar,Radar,BEL,2016,20,Operational
EQ02409,SUP0187,Generator,Generator,Ashok Leyland Defence,2020,14,Maintenance
EQ02410,SUP0030,Tank,Tank,Bharat Dynamics,2015,12,Operational
EQ02411,SUP0017,Radar,Radar,Bharat Dynamics,2025,25,Operational
EQ02412,SUP0023,Communication System,Communication System,Mahindra Defence,2006,15,Operational
EQ02413,SUP0211,Tank,Tank,Mahindra Defence,2020,26,Operational
EQ02414,SUP0284,Drone,Drone,DRDO,2025,26,Operational
EQ02415,SUP0152,Missile Launcher,Missile Launcher,L&T Defence,2025,14,Operational
EQ02416,SUP0130,Missile Launcher,Missile Launcher,Tata Advanced Systems,2009,25,Operational
EQ02417,SUP0211,Missile Launcher,Missile Launcher,L&T Defence,2008,19,Maintenance
EQ02418,SUP0038,Truck,Truck,DRDO,2006,19,Maintenance
EQ02419,SUP0279,Missile Launcher,Missile Launcher,Mahindra Defence,2005,24,Operational
EQ02420,SUP0023,Generator,Generator,Mahindra Defence,2005,21,Operational
EQ02421,SUP0048,Missile Launcher,Missile Launcher,Bharat Dynamics,2014,19,Operational
EQ02422,SUP0218,Missile Launcher,Missile Launcher,Bharat Dynamics,2014,13,Operational
EQ02423,SUP0193,Truck,Truck,DRDO,2023,26,Operational
EQ02424,SUP0298,Communication System,Communication System,Bharat Dynamics,2013,22,Operational
EQ02425,SUP0287,Drone,Drone,DRDO,2021,10,Operational
EQ02426,SUP0177,Tank,Tank,Mahindra Defence,2014,20,Operational
EQ02427,SUP0093,Truck,Truck,Bharat Dynamics,2017,23,Operational
EQ02428,SUP0001,Tank,Tank,DRDO,2024,30,Operational
EQ02429,SUP0193,Missile Launcher,Missile Launcher,Bharat Dynamics,2022,16,Operational
EQ02430,SUP0233,Drone,Drone,L&T Defence,2020,15,Operational
EQ02431,SUP0116,Truck,Truck,Bharat Dynamics,2019,22,Operational
EQ02432,SUP0172,Radar,Radar,DRDO,2024,24,Operational
EQ02433,SUP0132,Armored Vehicle,Armored Vehicle,DRDO,2023,25,Operational
EQ02434,SUP0202,Missile Launcher,Missile Launcher,L&T Defence,2013,12,Operational
EQ02435,SUP0160,Drone,Drone,DRDO,2016,22,Operational
EQ02436,SUP0093,Drone,Drone,DRDO,2011,17,Maintenance
EQ02437,SUP0155,Missile Launcher,Missile Launcher,DRDO,2024,16,Operational
EQ02438,SUP0086,Missile Launcher,Missile Launcher,BEL,2024,28,Operational
EQ02439,SUP0043,Radar,Radar,BEL,2012,24,Operational
EQ02440,SUP0246,Communication System,Communication System,Bharat Dynamics,2010,24,Operational
EQ02441,SUP0066,Truck,Truck,DRDO,2018,24,Operational
EQ02442,SUP0100,Armored Vehicle,Armored Vehicle,L&T Defence,2024,12,Operational
EQ02443,SUP0162,Armored Vehicle,Armored Vehicle,Tata Advanced Systems,2016,11,Operational
EQ02444,SUP0248,Communication System,Communication System,DRDO,2009,26,Operational
EQ02445,SUP0299,Radar,Radar,Ashok Leyland Defence,2018,20,Operational
EQ02446,SUP0261,Missile Launcher,Missile Launcher,Bharat Dynamics,2020,14,Maintenance
EQ02447,SUP0123,Generator,Generator,Mahindra Defence,2013,24,Maintenance
EQ02448,SUP0256,Communication System,Communication System,Bharat Dynamics,2022,17,Operational
EQ02449,SUP0284,Generator,Generator,Tata Advanced Systems,2017,25,Operational
EQ02450,SUP0209,Generator,Generator,L&T Defence,2019,23,Operational
EQ02451,SUP0300,Missile Launcher,Missile Launcher,BEL,2011,15,Operational
EQ02452,SUP0210,Armored Vehicle,Armored Vehicle,DRDO,2006,24,Operational
EQ02453,SUP0127,Radar,Radar,L&T Defence,2017,27,Operational
EQ02454,SUP0177,Tank,Tank,BEL,2005,29,Maintenance
EQ02455,SUP0019,Truck,Truck,Tata Advanced Systems,2009,11,Operational
EQ02456,SUP0066,Radar,Radar,Ashok Leyland Defence,2020,27,Operational
EQ02457,SUP0179,Radar,Radar,Mahindra Defence,2007,12,Out of Service
EQ02458,SUP0284,Generator,Generator,BEL,2015,28,Operational
EQ02459,SUP0156,Missile Launcher,Missile Launcher,L&T Defence,2005,13,Out of Service
EQ02460,SUP0291,Communication System,Communication System,Bharat Dynamics,2008,28,Out of Service
EQ02461,SUP0065,Missile Launcher,Missile Launcher,DRDO,2008,16,Operational
EQ02462,SUP0181,Radar,Radar,Mahindra Defence,2020,21,Out of Service
EQ02463,SUP0166,Tank,Tank,HAL,2015,23,Operational
EQ02464,SUP0243,Radar,Radar,DRDO,2009,21,Operational
EQ02465,SUP0058,Truck,Truck,Mahindra Defence,2005,11,Maintenance
EQ02466,SUP0221,Tank,Tank,DRDO,2023,20,Operational
EQ02467,SUP0028,Tank,Tank,Bharat Dynamics,2025,15,Maintenance
EQ02468,SUP0271,Tank,Tank,Bharat Dynamics,2016,17,Operational
EQ02469,SUP0130,Communication System,Communication System,Tata Advanced Systems,2019,21,Operational
EQ02470,SUP0198,Missile Launcher,Missile Launcher,DRDO,2019,26,Operational
EQ02471,SUP0118,Drone,Drone,Mahindra Defence,2012,25,Operational
EQ02472,SUP0014,Missile Launcher,Missile Launcher,L&T Defence,2017,18,Operational
EQ02473,SUP0268,Truck,Truck,DRDO,2008,20,Out of Service
EQ02474,SUP0093,Drone,Drone,HAL,2024,15,Operational
EQ02475,SUP0007,Armored Vehicle,Armored Vehicle,L&T Defence,2023,27,Out of Service
EQ02476,SUP0113,Tank,Tank,L&T Defence,2008,30,Operational
EQ02477,SUP0173,Tank,Tank,HAL,2011,25,Operational
EQ02478,SUP0255,Generator,Generator,HAL,2020,11,Operational
EQ02479,SUP0213,Communication System,Communication System,Mahindra Defence,2023,28,Operational
EQ02480,SUP0103,Armored Vehicle,Armored Vehicle,Mahindra Defence,2020,24,Operational
EQ02481,SUP0181,Missile Launcher,Missile Launcher,Tata Advanced Systems,2008,24,Maintenance
EQ02482,SUP0278,Generator,Generator,Mahindra Defence,2006,20,Operational
EQ02483,SUP0147,Generator,Generator,BEL,2012,23,Operational
EQ02484,SUP0254,Missile Launcher,Missile Launcher,Mahindra Defence,2020,18,Operational
EQ02485,SUP0102,Missile Launcher,Missile Launcher,HAL,2006,20,Operational
EQ02486,SUP0244,Truck,Truck,L&T Defence,2022,15,Operational
EQ02487,SUP0134,Tank,Tank,Ashok Leyland Defence,2025,12,Operational
EQ02488,SUP0262,Drone,Drone,DRDO,2012,11,Operational
EQ02489,SUP0184,Generator,Generator,L&T Defence,2020,27,Operational
EQ02490,SUP0190,Missile Launcher,Missile Launcher,BEL,2020,16,Operational
EQ02491,SUP0139,Communication System,Communication System,Bharat Dynamics,2024,30,Operational
EQ02492,SUP0190,Truck,Truck,HAL,2005,29,Operational
EQ02493,SUP0176,Communication System,Communication System,HAL,2009,20,Maintenance
EQ02494,SUP0061,Missile Launcher,Missile Launcher,Tata Advanced Systems,2019,14,Operational
EQ02495,SUP0162,Truck,Truck,HAL,2013,12,Operational
EQ02496,SUP0001,Generator,Generator,Bharat Dynamics,2019,21,Operational
EQ02497,SUP0189,Armored Vehicle,Armored Vehicle,Tata Advanced Systems,2017,14,Maintenance
EQ02498,SUP0115,Generator,Generator,Bharat Dynamics,2012,14,Operational
EQ02499,SUP0286,Armored Vehicle,Armored Vehicle,DRDO,2024,12,Operational
EQ02500,SUP0079,Radar,Radar,DRDO,2022,29,Maintenance
EQ02501,SUP0258,Armored Vehicle,Armored Vehicle,DRDO,2012,19,Operational
EQ02502,SUP0065,Radar,Radar,Bharat Dynamics,2017,10,Operational
EQ02503,SUP0040,Radar,Radar,Mahindra Defence,2015,20,Out of Service
EQ02504,SUP0233,Generator,Generator,DRDO,2005,18,Maintenance
EQ02505,SUP0106,Radar,Radar,BEL,2022,13,Operational
EQ02506,SUP0042,Generator,Generator,DRDO,2023,18,Operational
EQ02507,SUP0075,Drone,Drone,Ashok Leyland Defence,2023,11,Maintenance
EQ02508,SUP0099,Drone,Drone,Mahindra Defence,2020,13,Maintenance
EQ02509,SUP0063,Missile Launcher,Missile Launcher,Ashok Leyland Defence,2007,16,Operational
EQ02510,SUP0105,Missile Launcher,Missile Launcher,HAL,2025,11,Operational
EQ02511,SUP0080,Tank,Tank,Ashok Leyland Defence,2015,20,Operational
EQ02512,SUP0293,Communication System,Communication System,Tata Advanced Systems,2011,20,Operational
EQ02513,SUP0006,Generator,Generator,Ashok Leyland Defence,2006,26,Operational
EQ02514,SUP0011,Communication System,Communication System,Ashok Leyland Defence,2011,23,Operational
EQ02515,SUP0108,Tank,Tank,L&T Defence,2020,13,Operational
EQ02516,SUP0245,Missile Launcher,Missile Launcher,Ashok Leyland Defence,2012,26,Operational
EQ02517,SUP0088,Truck,Truck,L&T Defence,2025,21,Operational
EQ02518,SUP0172,Drone,Drone,Ashok Leyland Defence,2005,26,Maintenance
EQ02519,SUP0248,Communication System,Communication System,DRDO,2014,14,Operational
EQ02520,SUP0165,Missile Launcher,Missile Launcher,DRDO,2012,21,Operational
EQ02521,SUP0094,Drone,Drone,Ashok Leyland Defence,2011,30,Operational
EQ02522,SUP0099,Missile Launcher,Missile Launcher,BEL,2009,12,Operational
EQ02523,SUP0259,Generator,Generator,L&T Defence,2011,30,Operational
EQ02524,SUP0285,Drone,Drone,Bharat Dynamics,2024,19,Operational
EQ02525,SUP0048,Armored Vehicle,Armored Vehicle,DRDO,2008,10,Operational
EQ02526,SUP0251,Generator,Generator,BEL,2023,24,Operational
EQ02527,SUP0190,Truck,Truck,DRDO,2015,28,Operational
EQ02528,SUP0130,Truck,Truck,HAL,2015,11,Out of Service
EQ02529,SUP0089,Tank,Tank,Ashok Leyland Defence,2024,17,Operational
EQ02530,SUP0086,Truck,Truck,Tata Advanced Systems,2019,11,Operational
EQ02531,SUP0179,Generator,Generator,Mahindra Defence,2011,15,Operational
EQ02532,SUP0281,Truck,Truck,HAL,2018,16,Operational
EQ02533,SUP0189,Radar,Radar,L&T Defence,2007,22,Operational
EQ02534,SUP0209,Armored Vehicle,Armored Vehicle,HAL,2021,10,Out of Service
EQ02535,SUP0043,Generator,Generator,L&T Defence,2013,20,Operational
EQ02536,SUP0009,Communication System,Communication System,HAL,2014,23,Operational
EQ02537,SUP0148,Tank,Tank,Tata Advanced Systems,2010,12,Operational
EQ02538,SUP0215,Radar,Radar,HAL,2023,20,Operational
EQ02539,SUP0053,Armored Vehicle,Armored Vehicle,Bharat Dynamics,2014,20,Operational
EQ02540,SUP0091,Missile Launcher,Missile Launcher,HAL,2016,12,Operational
EQ02541,SUP0188,Armored Vehicle,Armored Vehicle,Mahindra Defence,2017,12,Operational
EQ02542,SUP0091,Drone,Drone,L&T Defence,2011,30,Maintenance
EQ02543,SUP0173,Truck,Truck,L&T Defence,2005,29,Out of Service
EQ02544,SUP0199,Truck,Truck,Ashok Leyland Defence,2013,27,Operational
EQ02545,SUP0226,Communication System,Communication System,DRDO,2014,13,Operational
EQ02546,SUP0063,Generator,Generator,BEL,2014,11,Operational
EQ02547,SUP0105,Tank,Tank,Mahindra Defence,2019,19,Out of Service
EQ02548,SUP0285,Generator,Generator,HAL,2008,19,Operational
EQ02549,SUP0085,Radar,Radar,Mahindra Defence,2013,26,Operational
EQ02550,SUP0178,Missile Launcher,Missile Launcher,DRDO,2009,24,Out of Service
EQ02551,SUP0136,Truck,Truck,DRDO,2025,12,Operational
EQ02552,SUP0072,Communication System,Communication System,Mahindra Defence,2020,23,Out of Service
EQ02553,SUP0216,Armored Vehicle,Armored Vehicle,Mahindra Defence,2010,14,Operational
EQ02554,SUP0163,Radar,Radar,BEL,2024,30,Operational
EQ02555,SUP0167,Communication System,Communication System,Bharat Dynamics,2010,14,Operational
EQ02556,SUP0292,Tank,Tank,DRDO,2025,13,Operational
EQ02557,SUP0090,Tank,Tank,BEL,2023,30,Operational
EQ02558,SUP0188,Truck,Truck,HAL,2006,10,Operational
EQ02559,SUP0281,Missile Launcher,Missile Launcher,Tata Advanced Systems,2016,11,Operational
EQ02560,SUP0072,Generator,Generator,L&T Defence,2010,12,Operational
EQ02561,SUP0002,Communication System,Communication System,Tata Advanced Systems,2007,12,Maintenance
EQ02562,SUP0063,Armored Vehicle,Armored Vehicle,HAL,2009,11,Out of Service
EQ02563,SUP0279,Tank,Tank,L&T Defence,2021,10,Operational
EQ02564,SUP0096,Missile Launcher,Missile Launcher,DRDO,2012,11,Maintenance
EQ02565,SUP0030,Drone,Drone,L&T Defence,2017,13,Operational
EQ02566,SUP0150,Missile Launcher,Missile Launcher,HAL,2022,14,Operational
EQ02567,SUP0035,Generator,Generator,DRDO,2015,23,Operational
EQ02568,SUP0090,Communication System,Communication System,BEL,2023,11,Operational
EQ02569,SUP0096,Tank,Tank,BEL,2009,23,Operational
EQ02570,SUP0286,Missile Launcher,Missile Launcher,L&T Defence,2009,22,Operational
EQ02571,SUP0139,Generator,Generator,Bharat Dynamics,2016,21,Operational
EQ02572,SUP0236,Radar,Radar,HAL,2020,21,Operational
EQ02573,SUP0037,Communication System,Communication System,Bharat Dynamics,2009,16,Operational
EQ02574,SUP0235,Tank,Tank,Bharat Dynamics,2025,18,Operational
EQ02575,SUP0280,Truck,Truck,Ashok Leyland Defence,2024,10,Operational
EQ02576,SUP0297,Radar,Radar,BEL,2016,30,Operational
EQ02577,SUP0093,Truck,Truck,DRDO,2021,30,Operational
EQ02578,SUP0186,Truck,Truck,BEL,2010,19,Maintenance
EQ02579,SUP0138,Tank,Tank,BEL,2009,14,Operational
EQ02580,SUP0123,Truck,Truck,BEL,2014,16,Operational
EQ02581,SUP0048,Drone,Drone,Mahindra Defence,2008,21,Operational
EQ02582,SUP0164,Drone,Drone,HAL,2007,25,Operational
EQ02583,SUP0295,Radar,Radar,HAL,2006,24,Operational
EQ02584,SUP0210,Armored Vehicle,Armored Vehicle,Tata Advanced Systems,2017,18,Operational
EQ02585,SUP0216,Drone,Drone,Bharat Dynamics,2021,22,Maintenance
EQ02586,SUP0102,Truck,Truck,Mahindra Defence,2006,12,Operational
EQ02587,SUP0091,Generator,Generator,L&T Defence,2021,30,Operational
EQ02588,SUP0238,Drone,Drone,HAL,2023,18,Operational
EQ02589,SUP0207,Drone,Drone,Ashok Leyland Defence,2022,21,Operational
EQ02590,SUP0134,Drone,Drone,Ashok Leyland Defence,2017,28,Operational
EQ02591,SUP0179,Generator,Generator,Bharat Dynamics,2019,12,Operational
EQ02592,SUP0006,Generator,Generator,Mahindra Defence,2005,30,Operational
EQ02593,SUP0191,Communication System,Communication System,Bharat Dynamics,2009,28,Operational
EQ02594,SUP0061,Radar,Radar,Ashok Leyland Defence,2018,14,Operational
EQ02595,SUP0028,Tank,Tank,L&T Defence,2020,26,Operational
EQ02596,SUP0078,Truck,Truck,L&T Defence,2011,27,Operational
EQ02597,SUP0236,Missile Launcher,Missile Launcher,Tata Advanced Systems,2016,18,Operational
EQ02598,SUP0086,Communication System,Communication System,Mahindra Defence,2010,24,Maintenance
EQ02599,SUP0188,Truck,Truck,Bharat Dynamics,2007,10,Maintenance
EQ02600,SUP0263,Tank,Tank,Bharat Dynamics,2020,28,Operational
EQ02601,SUP0033,Tank,Tank,DRDO,2009,16,Maintenance
EQ02602,SUP0144,Radar,Radar,Tata Advanced Systems,2014,17,Operational
EQ02603,SUP0223,Radar,Radar,BEL,2019,21,Operational
EQ02604,SUP0086,Tank,Tank,Mahindra Defence,2009,20,Operational
EQ02605,SUP0095,Radar,Radar,Tata Advanced Systems,2025,18,Operational
EQ02606,SUP0104,Radar,Radar,Ashok Leyland Defence,2024,21,Operational
EQ02607,SUP0233,Radar,Radar,L&T Defence,2016,22,Operational
EQ02608,SUP0006,Radar,Radar,HAL,2017,18,Operational
EQ02609,SUP0173,Armored Vehicle,Armored Vehicle,L&T Defence,2012,29,Operational
EQ02610,SUP0195,Generator,Generator,HAL,2011,20,Operational
EQ02611,SUP0286,Missile Launcher,Missile Launcher,Bharat Dynamics,2021,26,Out of Service
EQ02612,SUP0265,Truck,Truck,BEL,2012,20,Operational
EQ02613,SUP0048,Radar,Radar,Bharat Dynamics,2019,28,Operational
EQ02614,SUP0040,Radar,Radar,DRDO,2022,20,Operational
EQ02615,SUP0213,Radar,Radar,HAL,2011,16,Operational
EQ02616,SUP0005,Tank,Tank,L&T Defence,2020,14,Operational
EQ02617,SUP0299,Armored Vehicle,Armored Vehicle,DRDO,2023,16,Operational
EQ02618,SUP0040,Generator,Generator,Ashok Leyland Defence,2007,14,Maintenance
EQ02619,SUP0081,Drone,Drone,DRDO,2014,16,Operational
EQ02620,SUP0279,Missile Launcher,Missile Launcher,DRDO,2014,21,Operational
EQ02621,SUP0144,Missile Launcher,Missile Launcher,Bharat Dynamics,2008,26,Maintenance
EQ02622,SUP0149,Radar,Radar,L&T Defence,2024,11,Operational
EQ02623,SUP0259,Armored Vehicle,Armored Vehicle,L&T Defence,2024,22,Operational
EQ02624,SUP0184,Generator,Generator,Tata Advanced Systems,2009,26,Operational
EQ02625,SUP0279,Radar,Radar,HAL,2017,13,Operational
EQ02626,SUP0030,Radar,Radar,L&T Defence,2017,18,Operational
EQ02627,SUP0231,Drone,Drone,HAL,2021,27,Maintenance
EQ02628,SUP0175,Generator,Generator,Tata Advanced Systems,2007,25,Maintenance
EQ02629,SUP0277,Armored Vehicle,Armored Vehicle,Mahindra Defence,2013,28,Operational
EQ02630,SUP0031,Communication System,Communication System,HAL,2023,25,Operational
EQ02631,SUP0167,Drone,Drone,L&T Defence,2011,14,Operational
EQ02632,SUP0154,Missile Launcher,Missile Launcher,L&T Defence,2019,12,Operational
EQ02633,SUP0027,Communication System,Communication System,BEL,2017,16,Operational
EQ02634,SUP0017,Truck,Truck,Ashok Leyland Defence,2022,10,Operational
EQ02635,SUP0100,Tank,Tank,Tata Advanced Systems,2023,13,Operational
EQ02636,SUP0297,Missile Launcher,Missile Launcher,DRDO,2006,14,Out of Service
EQ02637,SUP0202,Drone,Drone,Bharat Dynamics,2021,16,Operational
EQ02638,SUP0298,Truck,Truck,Mahindra Defence,2008,20,Maintenance
EQ02639,SUP0059,Radar,Radar,Bharat Dynamics,2021,14,Operational
EQ02640,SUP0170,Truck,Truck,Ashok Leyland Defence,2009,27,Operational
EQ02641,SUP0134,Generator,Generator,Mahindra Defence,2024,23,Operational
EQ02642,SUP0169,Communication System,Communication System,Bharat Dynamics,2007,16,Operational
EQ02643,SUP0167,Truck,Truck,Ashok Leyland Defence,2017,21,Operational
EQ02644,SUP0021,Missile Launcher,Missile Launcher,Tata Advanced Systems,2025,26,Operational
EQ02645,SUP0216,Generator,Generator,Mahindra Defence,2015,21,Operational
EQ02646,SUP0106,Truck,Truck,Bharat Dynamics,2007,28,Out of Service
EQ02647,SUP0253,Drone,Drone,BEL,2024,15,Operational
EQ02648,SUP0022,Armored Vehicle,Armored Vehicle,DRDO,2025,23,Operational
EQ02649,SUP0100,Tank,Tank,BEL,2007,23,Maintenance
EQ02650,SUP0193,Radar,Radar,HAL,2020,11,Operational
EQ02651,SUP0038,Tank,Tank,DRDO,2014,24,Operational
EQ02652,SUP0296,Generator,Generator,BEL,2025,30,Operational
EQ02653,SUP0081,Generator,Generator,DRDO,2009,21,Maintenance
EQ02654,SUP0079,Tank,Tank,Mahindra Defence,2018,13,Operational
EQ02655,SUP0263,Missile Launcher,Missile Launcher,HAL,2007,11,Operational
EQ02656,SUP0007,Generator,Generator,HAL,2024,13,Operational
EQ02657,SUP0067,Drone,Drone,BEL,2025,19,Operational
EQ02658,SUP0265,Armored Vehicle,Armored Vehicle,Tata Advanced Systems,2009,29,Maintenance
EQ02659,SUP0133,Radar,Radar,Mahindra Defence,2012,24,Operational
EQ02660,SUP0022,Generator,Generator,Bharat Dynamics,2022,24,Operational
EQ02661,SUP0118,Communication System,Communication System,L&T Defence,2005,21,Operational
EQ02662,SUP0134,Truck,Truck,DRDO,2017,27,Operational
EQ02663,SUP0290,Truck,Truck,Tata Advanced Systems,2015,26,Operational
EQ02664,SUP0096,Armored Vehicle,Armored Vehicle,BEL,2011,23,Operational
EQ02665,SUP0277,Truck,Truck,Bharat Dynamics,2010,28,Maintenance
EQ02666,SUP0017,Truck,Truck,HAL,2012,14,Operational
EQ02667,SUP0276,Armored Vehicle,Armored Vehicle,L&T Defence,2008,19,Maintenance
EQ02668,SUP0021,Drone,Drone,HAL,2005,28,Operational
EQ02669,SUP0016,Armored Vehicle,Armored Vehicle,HAL,2018,20,Operational
EQ02670,SUP0207,Communication System,Communication System,Bharat Dynamics,2014,16,Operational
EQ02671,SUP0028,Communication System,Communication System,Ashok Leyland Defence,2016,26,Operational
EQ02672,SUP0080,Armored Vehicle,Armored Vehicle,HAL,2009,26,Operational
EQ02673,SUP0290,Truck,Truck,Ashok Leyland Defence,2005,30,Out of Service
EQ02674,SUP0016,Radar,Radar,Ashok Leyland Defence,2015,16,Operational
EQ02675,SUP0171,Drone,Drone,Mahindra Defence,2016,30,Operational
EQ02676,SUP0051,Communication System,Communication System,Ashok Leyland Defence,2016,22,Operational
EQ02677,SUP0134,Missile Launcher,Missile Launcher,L&T Defence,2019,26,Operational
EQ02678,SUP0219,Missile Launcher,Missile Launcher,L&T Defence,2012,17,Operational
EQ02679,SUP0205,Missile Launcher,Missile Launcher,Tata Advanced Systems,2013,18,Operational
EQ02680,SUP0285,Communication System,Communication System,HAL,2025,19,Operational
EQ02681,SUP0288,Truck,Truck,Bharat Dynamics,2005,22,Operational
EQ02682,SUP0104,Truck,Truck,DRDO,2021,18,Operational
EQ02683,SUP0016,Truck,Truck,L&T Defence,2009,26,Out of Service
EQ02684,SUP0124,Radar,Radar,L&T Defence,2006,12,Operational
EQ02685,SUP0048,Armored Vehicle,Armored Vehicle,Bharat Dynamics,2018,18,Operational
EQ02686,SUP0099,Tank,Tank,Tata Advanced Systems,2015,17,Operational
EQ02687,SUP0286,Generator,Generator,L&T Defence,2016,10,Operational
EQ02688,SUP0016,Truck,Truck,BEL,2019,16,Operational
EQ02689,SUP0006,Radar,Radar,Bharat Dynamics,2021,30,Operational
EQ02690,SUP0113,Generator,Generator,Tata Advanced Systems,2022,10,Maintenance
EQ02691,SUP0061,Armored Vehicle,Armored Vehicle,DRDO,2017,15,Operational
EQ02692,SUP0092,Missile Launcher,Missile Launcher,DRDO,2020,25,Operational
EQ02693,SUP0228,Communication System,Communication System,Mahindra Defence,2018,26,Operational
EQ02694,SUP0040,Truck,Truck,Tata Advanced Systems,2023,15,Operational
EQ02695,SUP0247,Truck,Truck,BEL,2018,28,Operational
EQ02696,SUP0251,Armored Vehicle,Armored Vehicle,DRDO,2014,18,Operational
EQ02697,SUP0109,Communication System,Communication System,BEL,2013,13,Operational
EQ02698,SUP0190,Missile Launcher,Missile Launcher,HAL,2013,24,Out of Service
EQ02699,SUP0273,Tank,Tank,BEL,2018,11,Operational
EQ02700,SUP0129,Tank,Tank,HAL,2016,22,Maintenance
EQ02701,SUP0125,Generator,Generator,L&T Defence,2018,14,Out of Service
EQ02702,SUP0039,Armored Vehicle,Armored Vehicle,HAL,2010,13,Operational
EQ02703,SUP0069,Tank,Tank,DRDO,2006,12,Out of Service
EQ02704,SUP0139,Missile Launcher,Missile Launcher,DRDO,2009,24,Maintenance
EQ02705,SUP0174,Drone,Drone,DRDO,2005,26,Maintenance
EQ02706,SUP0238,Missile Launcher,Missile Launcher,Ashok Leyland Defence,2011,23,Maintenance
EQ02707,SUP0009,Missile Launcher,Missile Launcher,DRDO,2007,12,Maintenance
EQ02708,SUP0093,Generator,Generator,L&T Defence,2014,22,Operational
EQ02709,SUP0270,Generator,Generator,BEL,2012,18,Operational
EQ02710,SUP0236,Missile Launcher,Missile Launcher,Ashok Leyland Defence,2007,28,Operational
EQ02711,SUP0173,Drone,Drone,BEL,2024,12,Operational
EQ02712,SUP0233,Missile Launcher,Missile Launcher,Bharat Dynamics,2015,25,Maintenance
EQ02713,SUP0282,Generator,Generator,Ashok Leyland Defence,2025,11,Operational
EQ02714,SUP0260,Missile Launcher,Missile Launcher,HAL,2010,29,Maintenance
EQ02715,SUP0239,Generator,Generator,DRDO,2006,13,Maintenance
EQ02716,SUP0163,Drone,Drone,DRDO,2007,15,Maintenance
EQ02717,SUP0232,Truck,Truck,Ashok Leyland Defence,2020,23,Operational
EQ02718,SUP0286,Missile Launcher,Missile Launcher,L&T Defence,2021,19,Operational
EQ02719,SUP0118,Tank,Tank,Tata Advanced Systems,2005,26,Maintenance
EQ02720,SUP0193,Armored Vehicle,Armored Vehicle,Bharat Dynamics,2017,23,Operational
EQ02721,SUP0240,Generator,Generator,Bharat Dynamics,2019,24,Operational
EQ02722,SUP0019,Armored Vehicle,Armored Vehicle,BEL,2012,29,Operational
EQ02723,SUP0036,Truck,Truck,L&T Defence,2016,22,Operational
EQ02724,SUP0096,Tank,Tank,HAL,2009,15,Maintenance
EQ02725,SUP0113,Generator,Generator,Ashok Leyland Defence,2025,27,Operational
EQ02726,SUP0009,Truck,Truck,Ashok Leyland Defence,2008,23,Maintenance
EQ02727,SUP0201,Tank,Tank,DRDO,2012,21,Operational
EQ02728,SUP0124,Armored Vehicle,Armored Vehicle,HAL,2021,22,Operational
EQ02729,SUP0206,Tank,Tank,Ashok Leyland Defence,2005,11,Operational
EQ02730,SUP0053,Generator,Generator,L&T Defence,2014,15,Operational
EQ02731,SUP0136,Armored Vehicle,Armored Vehicle,HAL,2012,10,Maintenance
EQ02732,SUP0177,Radar,Radar,Ashok Leyland Defence,2022,21,Operational
EQ02733,SUP0107,Tank,Tank,HAL,2009,23,Operational
EQ02734,SUP0039,Drone,Drone,BEL,2018,19,Operational
EQ02735,SUP0155,Armored Vehicle,Armored Vehicle,Bharat Dynamics,2008,30,Out of Service
EQ02736,SUP0294,Tank,Tank,HAL,2007,27,Out of Service
EQ02737,SUP0246,Generator,Generator,Tata Advanced Systems,2013,29,Maintenance
EQ02738,SUP0110,Radar,Radar,Mahindra Defence,2021,30,Operational
EQ02739,SUP0022,Missile Launcher,Missile Launcher,Mahindra Defence,2023,22,Operational
EQ02740,SUP0171,Radar,Radar,Bharat Dynamics,2006,19,Maintenance
EQ02741,SUP0028,Communication System,Communication System,DRDO,2017,19,Operational
EQ02742,SUP0153,Missile Launcher,Missile Launcher,Ashok Leyland Defence,2016,15,Operational
EQ02743,SUP0047,Tank,Tank,DRDO,2016,27,Operational
EQ02744,SUP0038,Radar,Radar,DRDO,2009,16,Maintenance
EQ02745,SUP0259,Radar,Radar,BEL,2016,10,Operational
EQ02746,SUP0088,Radar,Radar,Ashok Leyland Defence,2012,14,Maintenance
EQ02747,SUP0173,Generator,Generator,HAL,2007,30,Maintenance
EQ02748,SUP0275,Drone,Drone,Bharat Dynamics,2014,25,Operational
EQ02749,SUP0217,Truck,Truck,HAL,2024,26,Operational
EQ02750,SUP0137,Drone,Drone,Mahindra Defence,2021,22,Operational
EQ02751,SUP0178,Communication System,Communication System,Bharat Dynamics,2015,20,Operational
EQ02752,SUP0101,Truck,Truck,Tata Advanced Systems,2015,26,Operational
EQ02753,SUP0060,Truck,Truck,HAL,2019,14,Operational
EQ02754,SUP0300,Communication System,Communication System,BEL,2017,27,Operational
EQ02755,SUP0101,Generator,Generator,L&T Defence,2021,24,Out of Service
EQ02756,SUP0010,Armored Vehicle,Armored Vehicle,Mahindra Defence,2023,28,Operational
EQ02757,SUP0178,Tank,Tank,DRDO,2014,28,Operational
EQ02758,SUP0116,Tank,Tank,Tata Advanced Systems,2014,30,Operational
EQ02759,SUP0103,Tank,Tank,DRDO,2015,12,Operational
EQ02760,SUP0134,Tank,Tank,L&T Defence,2024,24,Operational
EQ02761,SUP0144,Communication System,Communication System,Mahindra Defence,2005,28,Operational
EQ02762,SUP0249,Truck,Truck,HAL,2005,16,Operational
EQ02763,SUP0129,Drone,Drone,Tata Advanced Systems,2022,15,Out of Service
EQ02764,SUP0046,Truck,Truck,DRDO,2008,14,Maintenance
EQ02765,SUP0226,Tank,Tank,HAL,2022,27,Operational
EQ02766,SUP0190,Armored Vehicle,Armored Vehicle,Tata Advanced Systems,2009,17,Operational
EQ02767,SUP0228,Radar,Radar,Mahindra Defence,2015,14,Operational
EQ02768,SUP0276,Truck,Truck,HAL,2019,12,Operational
EQ02769,SUP0091,Truck,Truck,Tata Advanced Systems,2015,18,Operational
EQ02770,SUP0126,Radar,Radar,HAL,2013,18,Operational
EQ02771,SUP0052,Drone,Drone,Tata Advanced Systems,2017,19,Operational
EQ02772,SUP0295,Communication System,Communication System,Ashok Leyland Defence,2008,27,Operational
EQ02773,SUP0133,Armored Vehicle,Armored Vehicle,Tata Advanced Systems,2008,24,Operational
EQ02774,SUP0136,Truck,Truck,Tata Advanced Systems,2016,29,Operational
EQ02775,SUP0265,Generator,Generator,Bharat Dynamics,2013,22,Operational
EQ02776,SUP0021,Drone,Drone,Tata Advanced Systems,2022,23,Operational
EQ02777,SUP0022,Radar,Radar,DRDO,2022,19,Operational
EQ02778,SUP0029,Tank,Tank,Mahindra Defence,2025,24,Operational
EQ02779,SUP0202,Radar,Radar,Mahindra Defence,2025,12,Operational
EQ02780,SUP0187,Drone,Drone,Tata Advanced Systems,2005,28,Operational
EQ02781,SUP0051,Truck,Truck,DRDO,2020,26,Operational
EQ02782,SUP0284,Tank,Tank,HAL,2020,13,Operational
EQ02783,SUP0261,Generator,Generator,Tata Advanced Systems,2022,22,Operational
EQ02784,SUP0087,Truck,Truck,BEL,2006,17,Operational
EQ02785,SUP0278,Generator,Generator,DRDO,2013,29,Maintenance
EQ02786,SUP0012,Truck,Truck,DRDO,2019,13,Operational
EQ02787,SUP0168,Generator,Generator,Mahindra Defence,2012,28,Operational
EQ02788,SUP0294,Generator,Generator,Tata Advanced Systems,2014,16,Operational
EQ02789,SUP0121,Truck,Truck,Tata Advanced Systems,2014,13,Operational
EQ02790,SUP0055,Tank,Tank,Mahindra Defence,2020,28,Out of Service
EQ02791,SUP0095,Truck,Truck,Tata Advanced Systems,2020,29,Operational
EQ02792,SUP0266,Radar,Radar,Ashok Leyland Defence,2011,27,Operational
EQ02793,SUP0158,Truck,Truck,L&T Defence,2014,20,Operational
EQ02794,SUP0266,Tank,Tank,L&T Defence,2017,27,Operational
EQ02795,SUP0029,Tank,Tank,Bharat Dynamics,2017,11,Operational
EQ02796,SUP0252,Radar,Radar,Mahindra Defence,2025,26,Operational
EQ02797,SUP0035,Radar,Radar,BEL,2025,28,Operational
EQ02798,SUP0082,Drone,Drone,BEL,2023,27,Operational
EQ02799,SUP0145,Armored Vehicle,Armored Vehicle,Bharat Dynamics,2009,20,Operational
EQ02800,SUP0183,Missile Launcher,Missile Launcher,Mahindra Defence,2017,16,Operational
EQ02801,SUP0008,Armored Vehicle,Armored Vehicle,Mahindra Defence,2005,30,Maintenance
EQ02802,SUP0223,Truck,Truck,BEL,2016,14,Maintenance
EQ02803,SUP0167,Communication System,Communication System,BEL,2013,10,Operational
EQ02804,SUP0100,Generator,Generator,Ashok Leyland Defence,2022,21,Operational
EQ02805,SUP0200,Tank,Tank,L&T Defence,2025,20,Operational
EQ02806,SUP0234,Communication System,Communication System,Tata Advanced Systems,2017,25,Operational
EQ02807,SUP0266,Communication System,Communication System,L&T Defence,2005,15,Maintenance
EQ02808,SUP0055,Missile Launcher,Missile Launcher,Ashok Leyland Defence,2012,18,Out of Service
EQ02809,SUP0080,Armored Vehicle,Armored Vehicle,Mahindra Defence,2012,21,Operational
EQ02810,SUP0165,Tank,Tank,BEL,2020,16,Operational
EQ02811,SUP0202,Drone,Drone,Ashok Leyland Defence,2009,19,Maintenance
EQ02812,SUP0089,Tank,Tank,BEL,2007,18,Maintenance
EQ02813,SUP0065,Tank,Tank,BEL,2018,18,Operational
EQ02814,SUP0148,Truck,Truck,HAL,2006,25,Maintenance
EQ02815,SUP0080,Armored Vehicle,Armored Vehicle,BEL,2019,19,Operational
EQ02816,SUP0246,Drone,Drone,Mahindra Defence,2010,24,Maintenance
EQ02817,SUP0203,Tank,Tank,HAL,2025,25,Maintenance
EQ02818,SUP0150,Generator,Generator,Ashok Leyland Defence,2006,25,Operational
EQ02819,SUP0196,Tank,Tank,BEL,2018,29,Operational
EQ02820,SUP0242,Missile Launcher,Missile Launcher,Bharat Dynamics,2017,16,Maintenance
EQ02821,SUP0205,Missile Launcher,Missile Launcher,Ashok Leyland Defence,2017,19,Operational
EQ02822,SUP0057,Missile Launcher,Missile Launcher,Ashok Leyland Defence,2022,26,Maintenance
EQ02823,SUP0289,Armored Vehicle,Armored Vehicle,Bharat Dynamics,2015,13,Operational
EQ02824,SUP0044,Radar,Radar,Ashok Leyland Defence,2016,23,Operational
EQ02825,SUP0066,Armored Vehicle,Armored Vehicle,Bharat Dynamics,2020,26,Operational
EQ02826,SUP0122,Armored Vehicle,Armored Vehicle,Mahindra Defence,2021,21,Operational
EQ02827,SUP0244,Communication System,Communication System,Mahindra Defence,2019,10,Operational
EQ02828,SUP0237,Tank,Tank,Bharat Dynamics,2015,16,Operational
EQ02829,SUP0266,Armored Vehicle,Armored Vehicle,Ashok Leyland Defence,2019,23,Operational
EQ02830,SUP0114,Drone,Drone,BEL,2014,27,Operational
EQ02831,SUP0222,Radar,Radar,Bharat Dynamics,2025,25,Operational
EQ02832,SUP0134,Radar,Radar,DRDO,2022,23,Operational
EQ02833,SUP0179,Communication System,Communication System,Ashok Leyland Defence,2010,29,Maintenance
EQ02834,SUP0104,Radar,Radar,Bharat Dynamics,2009,29,Maintenance
EQ02835,SUP0007,Radar,Radar,BEL,2017,16,Operational
EQ02836,SUP0098,Tank,Tank,Tata Advanced Systems,2010,16,Maintenance
EQ02837,SUP0189,Radar,Radar,BEL,2024,28,Operational
EQ02838,SUP0037,Drone,Drone,L&T Defence,2006,28,Maintenance
EQ02839,SUP0188,Radar,Radar,BEL,2010,10,Maintenance
EQ02840,SUP0100,Truck,Truck,L&T Defence,2006,28,Operational
EQ02841,SUP0203,Drone,Drone,Tata Advanced Systems,2023,26,Operational
EQ02842,SUP0162,Generator,Generator,BEL,2022,17,Operational
EQ02843,SUP0254,Generator,Generator,Bharat Dynamics,2018,17,Operational
EQ02844,SUP0276,Armored Vehicle,Armored Vehicle,Bharat Dynamics,2016,10,Operational
EQ02845,SUP0023,Drone,Drone,Tata Advanced Systems,2019,12,Out of Service
EQ02846,SUP0270,Missile Launcher,Missile Launcher,Ashok Leyland Defence,2007,21,Maintenance
EQ02847,SUP0217,Missile Launcher,Missile Launcher,DRDO,2016,11,Maintenance
EQ02848,SUP0165,Generator,Generator,Ashok Leyland Defence,2017,23,Operational
EQ02849,SUP0170,Drone,Drone,Mahindra Defence,2011,24,Operational
EQ02850,SUP0040,Drone,Drone,Bharat Dynamics,2007,21,Out of Service
EQ02851,SUP0065,Armored Vehicle,Armored Vehicle,L&T Defence,2019,14,Operational
EQ02852,SUP0282,Missile Launcher,Missile Launcher,L&T Defence,2016,22,Operational
EQ02853,SUP0062,Radar,Radar,Ashok Leyland Defence,2013,19,Operational
EQ02854,SUP0276,Radar,Radar,HAL,2016,25,Operational
EQ02855,SUP0229,Tank,Tank,DRDO,2019,26,Operational
EQ02856,SUP0023,Tank,Tank,HAL,2006,13,Operational
EQ02857,SUP0072,Missile Launcher,Missile Launcher,Ashok Leyland Defence,2017,29,Operational
EQ02858,SUP0001,Generator,Generator,HAL,2013,22,Operational
EQ02859,SUP0087,Truck,Truck,Mahindra Defence,2024,23,Operational
EQ02860,SUP0017,Truck,Truck,Tata Advanced Systems,2021,26,Operational
EQ02861,SUP0289,Drone,Drone,Mahindra Defence,2017,26,Maintenance
EQ02862,SUP0119,Tank,Tank,DRDO,2013,14,Operational
EQ02863,SUP0125,Communication System,Communication System,Ashok Leyland Defence,2024,30,Operational
EQ02864,SUP0049,Generator,Generator,BEL,2014,22,Maintenance
EQ02865,SUP0180,Tank,Tank,Tata Advanced Systems,2014,23,Operational
EQ02866,SUP0078,Communication System,Communication System,L&T Defence,2011,15,Operational
EQ02867,SUP0123,Missile Launcher,Missile Launcher,Ashok Leyland Defence,2007,28,Maintenance
EQ02868,SUP0224,Drone,Drone,L&T Defence,2024,20,Operational
EQ02869,SUP0068,Generator,Generator,Bharat Dynamics,2014,22,Operational
EQ02870,SUP0222,Tank,Tank,Tata Advanced Systems,2022,22,Operational
EQ02871,SUP0014,Armored Vehicle,Armored Vehicle,Tata Advanced Systems,2023,28,Operational
EQ02872,SUP0171,Armored Vehicle,Armored Vehicle,Tata Advanced Systems,2006,30,Operational
EQ02873,SUP0112,Generator,Generator,BEL,2024,11,Operational
EQ02874,SUP0272,Radar,Radar,Bharat Dynamics,2008,29,Out of Service
EQ02875,SUP0052,Tank,Tank,L&T Defence,2011,22,Operational
EQ02876,SUP0186,Armored Vehicle,Armored Vehicle,BEL,2017,23,Operational
EQ02877,SUP0214,Armored Vehicle,Armored Vehicle,Mahindra Defence,2010,14,Operational
EQ02878,SUP0091,Drone,Drone,L&T Defence,2019,16,Operational
EQ02879,SUP0137,Generator,Generator,L&T Defence,2008,30,Out of Service
EQ02880,SUP0251,Armored Vehicle,Armored Vehicle,L&T Defence,2020,15,Operational
EQ02881,SUP0050,Armored Vehicle,Armored Vehicle,Bharat Dynamics,2007,29,Operational
EQ02882,SUP0089,Communication System,Communication System,Bharat Dynamics,2011,23,Operational
EQ02883,SUP0061,Armored Vehicle,Armored Vehicle,BEL,2007,23,Operational
EQ02884,SUP0253,Drone,Drone,L&T Defence,2008,13,Operational
EQ02885,SUP0286,Communication System,Communication System,Tata Advanced Systems,2011,16,Maintenance
EQ02886,SUP0211,Communication System,Communication System,Mahindra Defence,2017,19,Operational
EQ02887,SUP0223,Communication System,Communication System,Tata Advanced Systems,2008,26,Operational
EQ02888,SUP0093,Generator,Generator,DRDO,2022,14,Operational
EQ02889,SUP0124,Missile Launcher,Missile Launcher,Tata Advanced Systems,2010,14,Out of Service
EQ02890,SUP0023,Generator,Generator,DRDO,2016,21,Operational
EQ02891,SUP0197,Truck,Truck,BEL,2025,25,Operational
EQ02892,SUP0047,Missile Launcher,Missile Launcher,Mahindra Defence,2014,29,Operational
EQ02893,SUP0024,Truck,Truck,Mahindra Defence,2018,29,Operational
EQ02894,SUP0097,Truck,Truck,Bharat Dynamics,2006,24,Operational
EQ02895,SUP0277,Communication System,Communication System,HAL,2008,17,Operational
EQ02896,SUP0077,Drone,Drone,L&T Defence,2005,19,Operational
EQ02897,SUP0225,Radar,Radar,BEL,2014,27,Maintenance
EQ02898,SUP0299,Truck,Truck,Ashok Leyland Defence,2024,29,Operational
EQ02899,SUP0030,Drone,Drone,Ashok Leyland Defence,2009,30,Operational
EQ02900,SUP0147,Drone,Drone,L&T Defence,2017,23,Maintenance
EQ02901,SUP0106,Drone,Drone,DRDO,2016,28,Operational
EQ02902,SUP0118,Armored Vehicle,Armored Vehicle,L&T Defence,2019,17,Operational
EQ02903,SUP0231,Radar,Radar,Bharat Dynamics,2018,11,Operational
EQ02904,SUP0034,Radar,Radar,HAL,2025,22,Operational
EQ02905,SUP0263,Generator,Generator,Bharat Dynamics,2005,26,Out of Service
EQ02906,SUP0177,Missile Launcher,Missile Launcher,L&T Defence,2014,20,Operational
EQ02907,SUP0084,Generator,Generator,Ashok Leyland Defence,2006,25,Maintenance
EQ02908,SUP0260,Armored Vehicle,Armored Vehicle,DRDO,2011,24,Operational
EQ02909,SUP0195,Missile Launcher,Missile Launcher,Tata Advanced Systems,2019,25,Operational
EQ02910,SUP0150,Drone,Drone,DRDO,2009,27,Operational
EQ02911,SUP0233,Generator,Generator,Tata Advanced Systems,2020,30,Operational
EQ02912,SUP0285,Tank,Tank,L&T Defence,2008,27,Maintenance
EQ02913,SUP0039,Generator,Generator,BEL,2013,29,Operational
EQ02914,SUP0086,Armored Vehicle,Armored Vehicle,HAL,2016,18,Operational
EQ02915,SUP0277,Truck,Truck,Ashok Leyland Defence,2018,16,Operational
EQ02916,SUP0044,Armored Vehicle,Armored Vehicle,Bharat Dynamics,2014,25,Operational
EQ02917,SUP0015,Armored Vehicle,Armored Vehicle,BEL,2010,23,Maintenance
EQ02918,SUP0134,Tank,Tank,Tata Advanced Systems,2024,20,Operational
EQ02919,SUP0171,Armored Vehicle,Armored Vehicle,Ashok Leyland Defence,2023,13,Operational
EQ02920,SUP0113,Communication System,Communication System,HAL,2016,21,Operational
EQ02921,SUP0043,Missile Launcher,Missile Launcher,Ashok Leyland Defence,2025,14,Out of Service
EQ02922,SUP0286,Armored Vehicle,Armored Vehicle,Mahindra Defence,2025,11,Operational
EQ02923,SUP0288,Armored Vehicle,Armored Vehicle,Bharat Dynamics,2022,24,Maintenance
EQ02924,SUP0237,Generator,Generator,HAL,2022,29,Operational
EQ02925,SUP0267,Missile Launcher,Missile Launcher,BEL,2023,19,Operational
EQ02926,SUP0155,Communication System,Communication System,Mahindra Defence,2020,27,Operational
EQ02927,SUP0244,Drone,Drone,Tata Advanced Systems,2009,12,Operational
EQ02928,SUP0052,Radar,Radar,Bharat Dynamics,2008,19,Maintenance
EQ02929,SUP0100,Generator,Generator,DRDO,2018,11,Maintenance
EQ02930,SUP0257,Truck,Truck,Ashok Leyland Defence,2023,23,Operational
EQ02931,SUP0163,Communication System,Communication System,DRDO,2020,28,Maintenance
EQ02932,SUP0034,Drone,Drone,HAL,2018,28,Operational
EQ02933,SUP0271,Armored Vehicle,Armored Vehicle,Ashok Leyland Defence,2017,20,Maintenance
EQ02934,SUP0009,Drone,Drone,Ashok Leyland Defence,2016,13,Operational
EQ02935,SUP0167,Communication System,Communication System,Tata Advanced Systems,2023,15,Operational
EQ02936,SUP0239,Radar,Radar,DRDO,2009,25,Maintenance
EQ02937,SUP0288,Missile Launcher,Missile Launcher,Mahindra Defence,2011,27,Operational
EQ02938,SUP0149,Communication System,Communication System,DRDO,2011,17,Operational
EQ02939,SUP0265,Tank,Tank,Ashok Leyland Defence,2012,18,Operational
EQ02940,SUP0249,Missile Launcher,Missile Launcher,L&T Defence,2015,18,Operational
EQ02941,SUP0019,Generator,Generator,DRDO,2016,22,Operational
EQ02942,SUP0098,Truck,Truck,BEL,2016,17,Operational
EQ02943,SUP0289,Armored Vehicle,Armored Vehicle,Ashok Leyland Defence,2005,22,Maintenance
EQ02944,SUP0002,Armored Vehicle,Armored Vehicle,BEL,2021,20,Operational
EQ02945,SUP0023,Drone,Drone,HAL,2015,28,Operational
EQ02946,SUP0207,Armored Vehicle,Armored Vehicle,HAL,2012,18,Operational
EQ02947,SUP0097,Missile Launcher,Missile Launcher,Ashok Leyland Defence,2005,22,Operational
EQ02948,SUP0286,Armored Vehicle,Armored Vehicle,Mahindra Defence,2011,28,Operational
EQ02949,SUP0063,Generator,Generator,L&T Defence,2023,13,Operational
EQ02950,SUP0210,Armored Vehicle,Armored Vehicle,Mahindra Defence,2010,26,Maintenance
EQ02951,SUP0292,Truck,Truck,HAL,2011,15,Operational
EQ02952,SUP0078,Armored Vehicle,Armored Vehicle,DRDO,2008,11,Out of Service
EQ02953,SUP0057,Missile Launcher,Missile Launcher,Tata Advanced Systems,2022,11,Operational
EQ02954,SUP0250,Truck,Truck,L&T Defence,2007,19,Operational
EQ02955,SUP0054,Tank,Tank,Mahindra Defence,2012,12,Operational
EQ02956,SUP0247,Radar,Radar,HAL,2017,16,Operational
EQ02957,SUP0262,Radar,Radar,Tata Advanced Systems,2007,12,Out of Service
EQ02958,SUP0133,Drone,Drone,BEL,2005,16,Maintenance
EQ02959,SUP0004,Truck,Truck,Mahindra Defence,2023,17,Operational
EQ02960,SUP0017,Communication System,Communication System,Mahindra Defence,2016,15,Operational
EQ02961,SUP0015,Tank,Tank,BEL,2005,12,Maintenance
EQ02962,SUP0059,Radar,Radar,Tata Advanced Systems,2007,25,Maintenance
EQ02963,SUP0063,Armored Vehicle,Armored Vehicle,Bharat Dynamics,2019,15,Maintenance
EQ02964,SUP0021,Missile Launcher,Missile Launcher,Ashok Leyland Defence,2017,19,Operational
EQ02965,SUP0204,Radar,Radar,Mahindra Defence,2013,14,Maintenance
EQ02966,SUP0023,Generator,Generator,Bharat Dynamics,2005,13,Out of Service
EQ02967,SUP0180,Drone,Drone,HAL,2022,20,Operational
EQ02968,SUP0136,Truck,Truck,Mahindra Defence,2024,17,Operational
EQ02969,SUP0272,Communication System,Communication System,HAL,2019,18,Out of Service
EQ02970,SUP0127,Armored Vehicle,Armored Vehicle,Tata Advanced Systems,2023,13,Operational
EQ02971,SUP0077,Drone,Drone,Bharat Dynamics,2014,20,Operational
EQ02972,SUP0025,Communication System,Communication System,DRDO,2005,23,Operational
EQ02973,SUP0142,Radar,Radar,Mahindra Defence,2005,29,Operational
EQ02974,SUP0100,Generator,Generator,Bharat Dynamics,2015,29,Operational
EQ02975,SUP0030,Generator,Generator,L&T Defence,2010,17,Out of Service
EQ02976,SUP0086,Tank,Tank,DRDO,2011,30,Operational
EQ02977,SUP0099,Generator,Generator,Bharat Dynamics,2009,24,Operational
EQ02978,SUP0138,Armored Vehicle,Armored Vehicle,Mahindra Defence,2005,13,Operational
EQ02979,SUP0104,Armored Vehicle,Armored Vehicle,Bharat Dynamics,2012,14,Operational
EQ02980,SUP0190,Drone,Drone,Bharat Dynamics,2016,10,Operational
EQ02981,SUP0234,Tank,Tank,Ashok Leyland Defence,2015,19,Operational
EQ02982,SUP0091,Truck,Truck,Tata Advanced Systems,2021,17,Operational
EQ02983,SUP0283,Tank,Tank,HAL,2008,14,Operational
EQ02984,SUP0251,Missile Launcher,Missile Launcher,Tata Advanced Systems,2007,28,Maintenance
EQ02985,SUP0008,Drone,Drone,Ashok Leyland Defence,2017,26,Maintenance
EQ02986,SUP0278,Tank,Tank,DRDO,2017,18,Operational
EQ02987,SUP0140,Generator,Generator,BEL,2009,30,Operational
EQ02988,SUP0015,Drone,Drone,Mahindra Defence,2005,25,Out of Service
EQ02989,SUP0045,Missile Launcher,Missile Launcher,DRDO,2025,10,Operational
EQ02990,SUP0019,Communication System,Communication System,DRDO,2022,21,Operational
EQ02991,SUP0220,Communication System,Communication System,HAL,2025,30,Operational
EQ02992,SUP0104,Generator,Generator,Bharat Dynamics,2009,26,Operational
EQ02993,SUP0091,Missile Launcher,Missile Launcher,Tata Advanced Systems,2020,23,Operational
EQ02994,SUP0009,Communication System,Communication System,Bharat Dynamics,2009,21,Operational
EQ02995,SUP0079,Missile Launcher,Missile Launcher,BEL,2019,28,Operational
EQ02996,SUP0285,Missile Launcher,Missile Launcher,Bharat Dynamics,2008,10,Maintenance
EQ02997,SUP0056,Tank,Tank,L&T Defence,2010,26,Maintenance
EQ02998,SUP0032,Drone,Drone,Ashok Leyland Defence,2025,14,Operational
EQ02999,SUP0236,Missile Launcher,Missile Launcher,L&T Defence,2015,29,Operational
EQ03000,SUP0193,Communication System,Communication System,HAL,2020,14,Maintenance
EQ03001,SUP0160,Radar,Radar,L&T Defence,2010,12,Maintenance
EQ03002,SUP0206,Armored Vehicle,Armored Vehicle,Mahindra Defence,2018,13,Maintenance
EQ03003,SUP0008,Truck,Truck,DRDO,2005,20,Operational
EQ03004,SUP0299,Armored Vehicle,Armored Vehicle,Ashok Leyland Defence,2013,17,Operational
EQ03005,SUP0203,Armored Vehicle,Armored Vehicle,DRDO,2022,16,Operational
EQ03006,SUP0214,Missile Launcher,Missile Launcher,DRDO,2008,30,Operational
EQ03007,SUP0092,Radar,Radar,Tata Advanced Systems,2022,13,Operational
EQ03008,SUP0257,Radar,Radar,Bharat Dynamics,2009,30,Out of Service
EQ03009,SUP0093,Generator,Generator,L&T Defence,2023,22,Operational
EQ03010,SUP0237,Generator,Generator,BEL,2011,15,Operational
EQ03011,SUP0286,Truck,Truck,Tata Advanced Systems,2022,17,Operational
EQ03012,SUP0249,Generator,Generator,Bharat Dynamics,2010,16,Operational
EQ03013,SUP0010,Tank,Tank,Ashok Leyland Defence,2007,26,Maintenance
EQ03014,SUP0258,Radar,Radar,L&T Defence,2023,18,Operational
EQ03015,SUP0132,Generator,Generator,L&T Defence,2019,13,Operational
EQ03016,SUP0018,Missile Launcher,Missile Launcher,Mahindra Defence,2023,21,Maintenance
EQ03017,SUP0066,Communication System,Communication System,HAL,2024,27,Operational
EQ03018,SUP0110,Communication System,Communication System,L&T Defence,2020,11,Operational
EQ03019,SUP0288,Tank,Tank,BEL,2023,18,Operational
EQ03020,SUP0061,Communication System,Communication System,Mahindra Defence,2017,16,Operational
EQ03021,SUP0209,Armored Vehicle,Armored Vehicle,Ashok Leyland Defence,2014,24,Operational
EQ03022,SUP0277,Missile Launcher,Missile Launcher,L&T Defence,2008,24,Operational
EQ03023,SUP0190,Armored Vehicle,Armored Vehicle,Mahindra Defence,2012,26,Operational
EQ03024,SUP0169,Tank,Tank,HAL,2005,20,Maintenance
EQ03025,SUP0238,Generator,Generator,HAL,2024,27,Operational
EQ03026,SUP0152,Drone,Drone,BEL,2016,29,Operational
EQ03027,SUP0224,Truck,Truck,DRDO,2014,19,Operational
EQ03028,SUP0266,Tank,Tank,BEL,2015,19,Operational
EQ03029,SUP0075,Armored Vehicle,Armored Vehicle,L&T Defence,2006,21,Operational
EQ03030,SUP0051,Missile Launcher,Missile Launcher,Ashok Leyland Defence,2025,12,Maintenance
EQ03031,SUP0039,Communication System,Communication System,HAL,2018,21,Operational
EQ03032,SUP0141,Communication System,Communication System,HAL,2011,13,Operational
EQ03033,SUP0180,Missile Launcher,Missile Launcher,Ashok Leyland Defence,2010,24,Operational
EQ03034,SUP0276,Armored Vehicle,Armored Vehicle,HAL,2015,24,Operational
EQ03035,SUP0277,Generator,Generator,L&T Defence,2008,12,Maintenance
EQ03036,SUP0158,Generator,Generator,BEL,2017,18,Operational
EQ03037,SUP0111,Tank,Tank,BEL,2008,24,Operational
EQ03038,SUP0123,Radar,Radar,L&T Defence,2005,10,Operational
EQ03039,SUP0166,Armored Vehicle,Armored Vehicle,Tata Advanced Systems,2020,12,Operational
EQ03040,SUP0246,Truck,Truck,Bharat Dynamics,2019,14,Operational
EQ03041,SUP0143,Armored Vehicle,Armored Vehicle,L&T Defence,2019,15,Operational
EQ03042,SUP0029,Drone,Drone,Ashok Leyland Defence,2006,12,Operational
EQ03043,SUP0092,Tank,Tank,Tata Advanced Systems,2024,25,Operational
EQ03044,SUP0145,Tank,Tank,Ashok Leyland Defence,2025,12,Operational
EQ03045,SUP0060,Communication System,Communication System,HAL,2014,30,Operational
EQ03046,SUP0147,Missile Launcher,Missile Launcher,Ashok Leyland Defence,2021,26,Operational
EQ03047,SUP0275,Tank,Tank,DRDO,2005,18,Out of Service
EQ03048,SUP0085,Drone,Drone,Tata Advanced Systems,2015,26,Operational
EQ03049,SUP0215,Communication System,Communication System,Bharat Dynamics,2006,15,Operational
EQ03050,SUP0143,Armored Vehicle,Armored Vehicle,Tata Advanced Systems,2021,29,Operational
EQ03051,SUP0246,Truck,Truck,Bharat Dynamics,2023,11,Operational
EQ03052,SUP0029,Armored Vehicle,Armored Vehicle,BEL,2011,15,Operational
EQ03053,SUP0039,Tank,Tank,HAL,2022,30,Operational
EQ03054,SUP0096,Missile Launcher,Missile Launcher,HAL,2019,30,Operational
EQ03055,SUP0210,Truck,Truck,HAL,2013,26,Out of Service
EQ03056,SUP0285,Communication System,Communication System,Bharat Dynamics,2008,11,Maintenance
EQ03057,SUP0123,Armored Vehicle,Armored Vehicle,L&T Defence,2010,17,Maintenance
EQ03058,SUP0117,Generator,Generator,Tata Advanced Systems,2006,15,Out of Service
EQ03059,SUP0253,Missile Launcher,Missile Launcher,DRDO,2015,23,Operational
EQ03060,SUP0123,Generator,Generator,Tata Advanced Systems,2024,24,Operational
EQ03061,SUP0070,Missile Launcher,Missile Launcher,Bharat Dynamics,2012,22,Operational
EQ03062,SUP0132,Generator,Generator,L&T Defence,2024,12,Operational
EQ03063,SUP0294,Communication System,Communication System,Ashok Leyland Defence,2008,21,Operational
EQ03064,SUP0294,Radar,Radar,BEL,2022,21,Operational
EQ03065,SUP0165,Armored Vehicle,Armored Vehicle,HAL,2008,18,Maintenance
EQ03066,SUP0187,Drone,Drone,Bharat Dynamics,2018,28,Operational
EQ03067,SUP0009,Drone,Drone,Mahindra Defence,2009,18,Operational
EQ03068,SUP0222,Truck,Truck,Mahindra Defence,2018,13,Operational
EQ03069,SUP0066,Truck,Truck,BEL,2016,30,Operational
EQ03070,SUP0113,Drone,Drone,Tata Advanced Systems,2024,23,Operational
EQ03071,SUP0242,Drone,Drone,BEL,2014,27,Operational
EQ03072,SUP0291,Truck,Truck,Mahindra Defence,2016,14,Operational
EQ03073,SUP0191,Tank,Tank,Tata Advanced Systems,2009,26,Operational
EQ03074,SUP0198,Radar,Radar,DRDO,2014,13,Operational
EQ03075,SUP0093,Truck,Truck,L&T Defence,2020,27,Operational
EQ03076,SUP0207,Drone,Drone,Tata Advanced Systems,2010,10,Maintenance
EQ03077,SUP0238,Missile Launcher,Missile Launcher,DRDO,2014,27,Operational
EQ03078,SUP0205,Armored Vehicle,Armored Vehicle,Ashok Leyland Defence,2016,25,Operational
EQ03079,SUP0112,Missile Launcher,Missile Launcher,Tata Advanced Systems,2017,24,Out of Service
EQ03080,SUP0137,Tank,Tank,Tata Advanced Systems,2009,28,Operational
EQ03081,SUP0016,Tank,Tank,HAL,2010,17,Out of Service
EQ03082,SUP0145,Radar,Radar,L&T Defence,2015,22,Operational
EQ03083,SUP0078,Drone,Drone,Ashok Leyland Defence,2010,25,Maintenance
EQ03084,SUP0166,Armored Vehicle,Armored Vehicle,Mahindra Defence,2008,10,Maintenance
EQ03085,SUP0269,Missile Launcher,Missile Launcher,L&T Defence,2024,12,Maintenance
EQ03086,SUP0233,Missile Launcher,Missile Launcher,DRDO,2019,12,Operational
EQ03087,SUP0141,Armored Vehicle,Armored Vehicle,BEL,2025,16,Operational
EQ03088,SUP0223,Generator,Generator,HAL,2021,22,Operational
EQ03089,SUP0153,Drone,Drone,Bharat Dynamics,2020,11,Operational
EQ03090,SUP0168,Armored Vehicle,Armored Vehicle,Bharat Dynamics,2009,23,Operational
EQ03091,SUP0181,Communication System,Communication System,DRDO,2007,16,Maintenance
EQ03092,SUP0252,Generator,Generator,Ashok Leyland Defence,2013,26,Operational
EQ03093,SUP0093,Armored Vehicle,Armored Vehicle,HAL,2006,11,Operational
EQ03094,SUP0198,Generator,Generator,DRDO,2007,23,Operational
EQ03095,SUP0134,Generator,Generator,Ashok Leyland Defence,2021,11,Operational
EQ03096,SUP0013,Truck,Truck,HAL,2016,29,Out of Service
EQ03097,SUP0280,Communication System,Communication System,DRDO,2018,28,Operational
EQ03098,SUP0043,Generator,Generator,Mahindra Defence,2015,13,Operational
EQ03099,SUP0068,Armored Vehicle,Armored Vehicle,Tata Advanced Systems,2021,18,Operational
EQ03100,SUP0080,Radar,Radar,Tata Advanced Systems,2009,15,Maintenance
EQ03101,SUP0263,Truck,Truck,Tata Advanced Systems,2011,20,Operational
EQ03102,SUP0121,Armored Vehicle,Armored Vehicle,BEL,2025,21,Operational
EQ03103,SUP0278,Tank,Tank,DRDO,2015,25,Operational
EQ03104,SUP0203,Armored Vehicle,Armored Vehicle,Bharat Dynamics,2021,20,Operational
EQ03105,SUP0059,Missile Launcher,Missile Launcher,DRDO,2024,21,Operational
EQ03106,SUP0112,Missile Launcher,Missile Launcher,L&T Defence,2015,10,Operational
EQ03107,SUP0283,Missile Launcher,Missile Launcher,Bharat Dynamics,2010,14,Maintenance
EQ03108,SUP0003,Missile Launcher,Missile Launcher,Tata Advanced Systems,2025,20,Maintenance
EQ03109,SUP0246,Communication System,Communication System,Bharat Dynamics,2016,20,Operational
EQ03110,SUP0231,Drone,Drone,Tata Advanced Systems,2012,14,Maintenance
EQ03111,SUP0265,Radar,Radar,Mahindra Defence,2011,10,Operational
EQ03112,SUP0158,Generator,Generator,HAL,2021,13,Operational
EQ03113,SUP0133,Drone,Drone,BEL,2021,22,Operational
EQ03114,SUP0018,Tank,Tank,L&T Defence,2007,11,Out of Service
EQ03115,SUP0164,Truck,Truck,DRDO,2023,17,Operational
EQ03116,SUP0278,Tank,Tank,DRDO,2021,24,Out of Service
EQ03117,SUP0236,Generator,Generator,Ashok Leyland Defence,2012,19,Operational
EQ03118,SUP0115,Missile Launcher,Missile Launcher,Ashok Leyland Defence,2011,25,Operational
EQ03119,SUP0164,Truck,Truck,HAL,2008,15,Out of Service
EQ03120,SUP0193,Generator,Generator,Bharat Dynamics,2021,18,Operational
EQ03121,SUP0144,Communication System,Communication System,BEL,2007,23,Out of Service
EQ03122,SUP0187,Drone,Drone,BEL,2010,10,Maintenance
EQ03123,SUP0226,Communication System,Communication System,Bharat Dynamics,2017,14,Operational
EQ03124,SUP0160,Generator,Generator,Tata Advanced Systems,2009,26,Maintenance
EQ03125,SUP0202,Missile Launcher,Missile Launcher,Tata Advanced Systems,2014,23,Operational
EQ03126,SUP0069,Tank,Tank,Bharat Dynamics,2009,10,Operational
EQ03127,SUP0278,Truck,Truck,Ashok Leyland Defence,2011,17,Operational
EQ03128,SUP0085,Truck,Truck,BEL,2011,22,Operational
EQ03129,SUP0067,Tank,Tank,L&T Defence,2025,30,Operational
EQ03130,SUP0064,Drone,Drone,BEL,2012,27,Operational
EQ03131,SUP0014,Truck,Truck,HAL,2019,16,Operational
EQ03132,SUP0135,Generator,Generator,L&T Defence,2019,21,Out of Service
EQ03133,SUP0250,Truck,Truck,Ashok Leyland Defence,2025,11,Operational
EQ03134,SUP0003,Armored Vehicle,Armored Vehicle,Ashok Leyland Defence,2009,27,Maintenance
EQ03135,SUP0249,Generator,Generator,L&T Defence,2005,10,Maintenance
EQ03136,SUP0085,Generator,Generator,L&T Defence,2006,18,Operational
EQ03137,SUP0121,Tank,Tank,DRDO,2014,29,Operational
EQ03138,SUP0103,Missile Launcher,Missile Launcher,Bharat Dynamics,2014,28,Operational
EQ03139,SUP0279,Tank,Tank,HAL,2020,11,Operational
EQ03140,SUP0055,Truck,Truck,L&T Defence,2013,26,Operational
EQ03141,SUP0031,Generator,Generator,BEL,2024,15,Operational
EQ03142,SUP0157,Drone,Drone,L&T Defence,2011,21,Operational
EQ03143,SUP0042,Truck,Truck,HAL,2023,30,Operational
EQ03144,SUP0230,Truck,Truck,DRDO,2007,14,Maintenance
EQ03145,SUP0201,Truck,Truck,Mahindra Defence,2022,15,Maintenance
EQ03146,SUP0014,Communication System,Communication System,Ashok Leyland Defence,2009,15,Operational
EQ03147,SUP0205,Drone,Drone,Tata Advanced Systems,2015,26,Operational
EQ03148,SUP0042,Communication System,Communication System,Tata Advanced Systems,2009,18,Maintenance
EQ03149,SUP0249,Radar,Radar,Bharat Dynamics,2014,20,Out of Service
EQ03150,SUP0114,Communication System,Communication System,Mahindra Defence,2023,18,Operational
EQ03151,SUP0003,Communication System,Communication System,Tata Advanced Systems,2014,12,Operational
EQ03152,SUP0297,Missile Launcher,Missile Launcher,DRDO,2015,12,Operational
EQ03153,SUP0268,Radar,Radar,HAL,2009,21,Maintenance
EQ03154,SUP0002,Truck,Truck,Bharat Dynamics,2021,20,Operational
EQ03155,SUP0117,Armored Vehicle,Armored Vehicle,Ashok Leyland Defence,2008,10,Operational
EQ03156,SUP0018,Tank,Tank,Tata Advanced Systems,2023,15,Operational
EQ03157,SUP0266,Drone,Drone,DRDO,2007,17,Operational
EQ03158,SUP0014,Drone,Drone,HAL,2011,16,Operational
EQ03159,SUP0008,Communication System,Communication System,DRDO,2008,11,Maintenance
EQ03160,SUP0182,Armored Vehicle,Armored Vehicle,HAL,2022,15,Maintenance
EQ03161,SUP0118,Truck,Truck,Ashok Leyland Defence,2022,29,Operational
EQ03162,SUP0180,Missile Launcher,Missile Launcher,Mahindra Defence,2009,14,Out of Service
EQ03163,SUP0134,Tank,Tank,L&T Defence,2023,30,Operational
EQ03164,SUP0065,Drone,Drone,DRDO,2019,13,Operational
EQ03165,SUP0067,Armored Vehicle,Armored Vehicle,Mahindra Defence,2023,13,Operational
EQ03166,SUP0250,Generator,Generator,HAL,2023,25,Operational
EQ03167,SUP0136,Truck,Truck,Ashok Leyland Defence,2023,28,Operational
EQ03168,SUP0060,Missile Launcher,Missile Launcher,Tata Advanced Systems,2007,26,Operational
EQ03169,SUP0244,Communication System,Communication System,Bharat Dynamics,2018,29,Operational
EQ03170,SUP0102,Truck,Truck,L&T Defence,2012,25,Maintenance
EQ03171,SUP0027,Tank,Tank,Bharat Dynamics,2019,17,Maintenance
EQ03172,SUP0273,Drone,Drone,Bharat Dynamics,2023,15,Operational
EQ03173,SUP0094,Truck,Truck,L&T Defence,2016,18,Operational
EQ03174,SUP0038,Drone,Drone,DRDO,2012,21,Operational
EQ03175,SUP0061,Drone,Drone,HAL,2021,10,Out of Service
EQ03176,SUP0264,Drone,Drone,Bharat Dynamics,2005,13,Maintenance
EQ03177,SUP0288,Communication System,Communication System,L&T Defence,2021,29,Operational
EQ03178,SUP0255,Armored Vehicle,Armored Vehicle,BEL,2014,19,Operational
EQ03179,SUP0272,Armored Vehicle,Armored Vehicle,DRDO,2015,23,Operational
EQ03180,SUP0245,Generator,Generator,BEL,2020,16,Operational
EQ03181,SUP0121,Generator,Generator,Tata Advanced Systems,2022,22,Operational
EQ03182,SUP0174,Tank,Tank,BEL,2012,16,Operational
EQ03183,SUP0155,Drone,Drone,Tata Advanced Systems,2022,18,Operational
EQ03184,SUP0101,Drone,Drone,Ashok Leyland Defence,2023,30,Operational
EQ03185,SUP0256,Tank,Tank,Tata Advanced Systems,2006,13,Operational
EQ03186,SUP0019,Radar,Radar,Ashok Leyland Defence,2006,17,Out of Service
EQ03187,SUP0116,Communication System,Communication System,Tata Advanced Systems,2010,28,Maintenance
EQ03188,SUP0032,Generator,Generator,HAL,2022,15,Operational
EQ03189,SUP0287,Armored Vehicle,Armored Vehicle,DRDO,2020,17,Operational
EQ03190,SUP0287,Radar,Radar,Ashok Leyland Defence,2012,27,Out of Service
EQ03191,SUP0275,Truck,Truck,Ashok Leyland Defence,2024,25,Operational
EQ03192,SUP0059,Armored Vehicle,Armored Vehicle,DRDO,2015,11,Operational
EQ03193,SUP0090,Radar,Radar,BEL,2021,16,Operational
EQ03194,SUP0126,Generator,Generator,Mahindra Defence,2025,30,Operational
EQ03195,SUP0209,Armored Vehicle,Armored Vehicle,Ashok Leyland Defence,2022,30,Operational
EQ03196,SUP0189,Drone,Drone,Ashok Leyland Defence,2012,13,Operational
EQ03197,SUP0216,Armored Vehicle,Armored Vehicle,Bharat Dynamics,2005,25,Out of Service
EQ03198,SUP0284,Drone,Drone,Bharat Dynamics,2007,21,Operational
EQ03199,SUP0228,Drone,Drone,Mahindra Defence,2014,11,Operational
EQ03200,SUP0160,Truck,Truck,BEL,2007,17,Maintenance
EQ03201,SUP0095,Missile Launcher,Missile Launcher,Bharat Dynamics,2006,20,Maintenance
EQ03202,SUP0105,Tank,Tank,DRDO,2011,20,Operational
EQ03203,SUP0169,Tank,Tank,DRDO,2024,14,Operational
EQ03204,SUP0055,Tank,Tank,Mahindra Defence,2010,22,Out of Service
EQ03205,SUP0212,Radar,Radar,DRDO,2023,29,Operational
EQ03206,SUP0183,Truck,Truck,Ashok Leyland Defence,2011,27,Operational
EQ03207,SUP0136,Drone,Drone,Mahindra Defence,2023,14,Maintenance
EQ03208,SUP0067,Generator,Generator,Tata Advanced Systems,2021,14,Operational
EQ03209,SUP0038,Communication System,Communication System,BEL,2013,22,Operational
EQ03210,SUP0059,Tank,Tank,BEL,2008,19,Maintenance
EQ03211,SUP0186,Drone,Drone,DRDO,2018,30,Maintenance
EQ03212,SUP0106,Tank,Tank,Mahindra Defence,2008,16,Maintenance
EQ03213,SUP0110,Drone,Drone,Mahindra Defence,2023,11,Operational
EQ03214,SUP0268,Missile Launcher,Missile Launcher,DRDO,2024,16,Operational
EQ03215,SUP0109,Radar,Radar,L&T Defence,2010,29,Operational
EQ03216,SUP0016,Communication System,Communication System,Tata Advanced Systems,2012,22,Operational
EQ03217,SUP0202,Drone,Drone,L&T Defence,2016,25,Operational
EQ03218,SUP0079,Communication System,Communication System,DRDO,2011,24,Maintenance
EQ03219,SUP0110,Drone,Drone,Bharat Dynamics,2013,25,Operational
EQ03220,SUP0255,Radar,Radar,Bharat Dynamics,2012,29,Operational
EQ03221,SUP0074,Communication System,Communication System,DRDO,2012,26,Operational
EQ03222,SUP0067,Missile Launcher,Missile Launcher,DRDO,2014,26,Operational
EQ03223,SUP0146,Drone,Drone,Bharat Dynamics,2007,28,Maintenance
EQ03224,SUP0153,Communication System,Communication System,Mahindra Defence,2021,28,Operational
EQ03225,SUP0004,Tank,Tank,DRDO,2022,25,Operational
EQ03226,SUP0300,Drone,Drone,HAL,2005,20,Maintenance
EQ03227,SUP0131,Tank,Tank,DRDO,2010,28,Out of Service
EQ03228,SUP0133,Tank,Tank,Bharat Dynamics,2011,27,Operational
EQ03229,SUP0122,Truck,Truck,BEL,2022,27,Maintenance
EQ03230,SUP0273,Armored Vehicle,Armored Vehicle,Tata Advanced Systems,2005,21,Operational
EQ03231,SUP0264,Truck,Truck,Bharat Dynamics,2017,15,Operational
EQ03232,SUP0261,Truck,Truck,DRDO,2020,15,Operational
EQ03233,SUP0049,Radar,Radar,HAL,2022,10,Operational
EQ03234,SUP0069,Communication System,Communication System,HAL,2021,19,Operational
EQ03235,SUP0065,Tank,Tank,L&T Defence,2008,26,Operational
EQ03236,SUP0274,Radar,Radar,Bharat Dynamics,2016,25,Operational
EQ03237,SUP0013,Generator,Generator,Bharat Dynamics,2013,18,Operational
EQ03238,SUP0222,Radar,Radar,Ashok Leyland Defence,2011,30,Operational
EQ03239,SUP0142,Drone,Drone,L&T Defence,2021,29,Operational
EQ03240,SUP0125,Missile Launcher,Missile Launcher,L&T Defence,2008,12,Out of Service
EQ03241,SUP0225,Generator,Generator,DRDO,2005,19,Maintenance
EQ03242,SUP0275,Generator,Generator,Tata Advanced Systems,2020,14,Operational
EQ03243,SUP0141,Generator,Generator,Ashok Leyland Defence,2013,26,Operational
EQ03244,SUP0076,Radar,Radar,Ashok Leyland Defence,2006,13,Operational
EQ03245,SUP0076,Drone,Drone,Bharat Dynamics,2008,11,Operational
EQ03246,SUP0046,Tank,Tank,DRDO,2022,24,Maintenance
EQ03247,SUP0248,Missile Launcher,Missile Launcher,Mahindra Defence,2015,13,Operational
EQ03248,SUP0274,Armored Vehicle,Armored Vehicle,BEL,2012,17,Operational
EQ03249,SUP0170,Communication System,Communication System,Tata Advanced Systems,2022,12,Operational
EQ03250,SUP0032,Generator,Generator,Ashok Leyland Defence,2020,26,Maintenance
EQ03251,SUP0216,Armored Vehicle,Armored Vehicle,Mahindra Defence,2010,19,Operational
EQ03252,SUP0064,Armored Vehicle,Armored Vehicle,DRDO,2022,10,Out of Service
EQ03253,SUP0051,Missile Launcher,Missile Launcher,L&T Defence,2023,20,Operational
EQ03254,SUP0112,Missile Launcher,Missile Launcher,HAL,2015,14,Operational
EQ03255,SUP0056,Radar,Radar,Bharat Dynamics,2014,16,Operational
EQ03256,SUP0208,Armored Vehicle,Armored Vehicle,BEL,2012,26,Operational
EQ03257,SUP0042,Radar,Radar,L&T Defence,2019,18,Out of Service
EQ03258,SUP0188,Tank,Tank,DRDO,2014,10,Operational
EQ03259,SUP0206,Radar,Radar,L&T Defence,2014,13,Operational
EQ03260,SUP0191,Radar,Radar,Mahindra Defence,2019,24,Maintenance
EQ03261,SUP0069,Armored Vehicle,Armored Vehicle,Ashok Leyland Defence,2018,13,Operational
EQ03262,SUP0093,Generator,Generator,HAL,2015,19,Operational
EQ03263,SUP0261,Armored Vehicle,Armored Vehicle,Mahindra Defence,2023,14,Operational
EQ03264,SUP0258,Drone,Drone,Bharat Dynamics,2017,17,Maintenance
EQ03265,SUP0173,Truck,Truck,BEL,2008,10,Maintenance
EQ03266,SUP0207,Communication System,Communication System,Mahindra Defence,2018,11,Operational
EQ03267,SUP0001,Missile Launcher,Missile Launcher,HAL,2012,28,Operational
EQ03268,SUP0297,Drone,Drone,Mahindra Defence,2015,27,Out of Service
EQ03269,SUP0122,Missile Launcher,Missile Launcher,Tata Advanced Systems,2007,28,Operational
EQ03270,SUP0124,Drone,Drone,L&T Defence,2007,24,Operational
EQ03271,SUP0291,Truck,Truck,Ashok Leyland Defence,2007,15,Operational
EQ03272,SUP0289,Communication System,Communication System,L&T Defence,2024,17,Operational
EQ03273,SUP0113,Communication System,Communication System,HAL,2007,24,Maintenance
EQ03274,SUP0186,Truck,Truck,L&T Defence,2022,22,Operational
EQ03275,SUP0007,Missile Launcher,Missile Launcher,L&T Defence,2007,16,Maintenance
EQ03276,SUP0171,Truck,Truck,Bharat Dynamics,2010,27,Maintenance
EQ03277,SUP0192,Missile Launcher,Missile Launcher,HAL,2013,23,Operational
EQ03278,SUP0297,Armored Vehicle,Armored Vehicle,Ashok Leyland Defence,2015,17,Operational
EQ03279,SUP0019,Drone,Drone,DRDO,2005,30,Operational
EQ03280,SUP0170,Radar,Radar,Mahindra Defence,2020,28,Operational
EQ03281,SUP0210,Armored Vehicle,Armored Vehicle,Ashok Leyland Defence,2010,29,Operational
EQ03282,SUP0036,Truck,Truck,L&T Defence,2024,17,Operational
EQ03283,SUP0276,Communication System,Communication System,Ashok Leyland Defence,2024,17,Operational
EQ03284,SUP0157,Armored Vehicle,Armored Vehicle,Ashok Leyland Defence,2006,23,Maintenance
EQ03285,SUP0064,Generator,Generator,Mahindra Defence,2008,13,Operational
EQ03286,SUP0249,Armored Vehicle,Armored Vehicle,HAL,2007,27,Maintenance
EQ03287,SUP0141,Radar,Radar,Bharat Dynamics,2019,20,Operational
EQ03288,SUP0240,Drone,Drone,L&T Defence,2010,17,Maintenance
EQ03289,SUP0102,Missile Launcher,Missile Launcher,Tata Advanced Systems,2007,11,Out of Service
EQ03290,SUP0205,Armored Vehicle,Armored Vehicle,DRDO,2019,11,Operational
EQ03291,SUP0277,Truck,Truck,HAL,2013,25,Maintenance
EQ03292,SUP0157,Communication System,Communication System,HAL,2014,21,Operational
EQ03293,SUP0078,Armored Vehicle,Armored Vehicle,BEL,2013,17,Operational
EQ03294,SUP0092,Truck,Truck,BEL,2010,26,Operational
EQ03295,SUP0046,Tank,Tank,Mahindra Defence,2024,12,Operational
EQ03296,SUP0295,Drone,Drone,Mahindra Defence,2009,17,Maintenance
EQ03297,SUP0287,Armored Vehicle,Armored Vehicle,HAL,2022,13,Operational
EQ03298,SUP0153,Truck,Truck,Ashok Leyland Defence,2018,24,Operational
EQ03299,SUP0295,Missile Launcher,Missile Launcher,Bharat Dynamics,2025,18,Operational
EQ03300,SUP0216,Drone,Drone,Bharat Dynamics,2017,20,Operational
EQ03301,SUP0048,Missile Launcher,Missile Launcher,Tata Advanced Systems,2008,26,Maintenance
EQ03302,SUP0153,Missile Launcher,Missile Launcher,BEL,2011,15,Operational
EQ03303,SUP0184,Armored Vehicle,Armored Vehicle,L&T Defence,2017,17,Operational
EQ03304,SUP0074,Truck,Truck,Bharat Dynamics,2022,10,Operational
EQ03305,SUP0069,Drone,Drone,Bharat Dynamics,2011,20,Operational
EQ03306,SUP0145,Tank,Tank,Bharat Dynamics,2022,23,Maintenance
EQ03307,SUP0034,Radar,Radar,Tata Advanced Systems,2018,29,Operational
EQ03308,SUP0113,Communication System,Communication System,DRDO,2015,10,Operational
EQ03309,SUP0219,Armored Vehicle,Armored Vehicle,Ashok Leyland Defence,2022,15,Maintenance
EQ03310,SUP0111,Radar,Radar,Tata Advanced Systems,2014,25,Maintenance
EQ03311,SUP0019,Communication System,Communication System,L&T Defence,2016,10,Operational
EQ03312,SUP0235,Missile Launcher,Missile Launcher,L&T Defence,2024,24,Operational
EQ03313,SUP0024,Armored Vehicle,Armored Vehicle,Tata Advanced Systems,2005,10,Maintenance
EQ03314,SUP0057,Truck,Truck,L&T Defence,2011,24,Operational
EQ03315,SUP0297,Generator,Generator,Bharat Dynamics,2019,14,Operational
EQ03316,SUP0205,Tank,Tank,Bharat Dynamics,2011,25,Operational
EQ03317,SUP0261,Tank,Tank,L&T Defence,2019,17,Operational
EQ03318,SUP0053,Missile Launcher,Missile Launcher,DRDO,2017,12,Operational
EQ03319,SUP0009,Missile Launcher,Missile Launcher,DRDO,2013,12,Operational
EQ03320,SUP0025,Generator,Generator,Mahindra Defence,2005,11,Maintenance
EQ03321,SUP0235,Armored Vehicle,Armored Vehicle,Tata Advanced Systems,2017,23,Operational
EQ03322,SUP0101,Drone,Drone,Bharat Dynamics,2007,20,Maintenance
EQ03323,SUP0235,Armored Vehicle,Armored Vehicle,HAL,2015,18,Maintenance
EQ03324,SUP0222,Drone,Drone,Bharat Dynamics,2012,25,Operational
EQ03325,SUP0125,Radar,Radar,Mahindra Defence,2014,22,Operational
EQ03326,SUP0246,Communication System,Communication System,L&T Defence,2019,30,Operational
EQ03327,SUP0255,Drone,Drone,L&T Defence,2019,13,Operational
EQ03328,SUP0158,Radar,Radar,Ashok Leyland Defence,2022,14,Operational
EQ03329,SUP0297,Truck,Truck,Tata Advanced Systems,2020,18,Operational
EQ03330,SUP0111,Communication System,Communication System,Ashok Leyland Defence,2010,14,Operational
EQ03331,SUP0259,Communication System,Communication System,Mahindra Defence,2011,29,Operational
EQ03332,SUP0160,Generator,Generator,Bharat Dynamics,2008,19,Operational
EQ03333,SUP0093,Generator,Generator,L&T Defence,2025,12,Operational
EQ03334,SUP0072,Truck,Truck,HAL,2005,16,Maintenance
EQ03335,SUP0176,Generator,Generator,Mahindra Defence,2021,25,Maintenance
EQ03336,SUP0223,Truck,Truck,Bharat Dynamics,2007,30,Maintenance
EQ03337,SUP0208,Communication System,Communication System,Bharat Dynamics,2012,19,Operational
EQ03338,SUP0119,Radar,Radar,Mahindra Defence,2021,17,Operational
EQ03339,SUP0085,Communication System,Communication System,Tata Advanced Systems,2013,21,Operational
EQ03340,SUP0019,Radar,Radar,BEL,2017,11,Operational
EQ03341,SUP0292,Missile Launcher,Missile Launcher,Mahindra Defence,2016,13,Out of Service
EQ03342,SUP0143,Tank,Tank,Mahindra Defence,2007,18,Out of Service
EQ03343,SUP0206,Truck,Truck,DRDO,2017,21,Operational
EQ03344,SUP0072,Tank,Tank,Bharat Dynamics,2011,14,Operational
EQ03345,SUP0045,Missile Launcher,Missile Launcher,BEL,2014,19,Operational
EQ03346,SUP0040,Generator,Generator,L&T Defence,2019,11,Operational
EQ03347,SUP0003,Drone,Drone,L&T Defence,2014,28,Operational
EQ03348,SUP0272,Missile Launcher,Missile Launcher,HAL,2007,14,Operational
EQ03349,SUP0013,Generator,Generator,HAL,2008,11,Maintenance
EQ03350,SUP0232,Missile Launcher,Missile Launcher,Tata Advanced Systems,2025,11,Operational
EQ03351,SUP0072,Communication System,Communication System,BEL,2017,10,Operational
EQ03352,SUP0180,Drone,Drone,DRDO,2016,11,Operational
EQ03353,SUP0135,Drone,Drone,BEL,2023,20,Operational
EQ03354,SUP0254,Generator,Generator,HAL,2023,24,Operational
EQ03355,SUP0144,Armored Vehicle,Armored Vehicle,Ashok Leyland Defence,2011,24,Operational
EQ03356,SUP0159,Tank,Tank,HAL,2015,13,Maintenance
EQ03357,SUP0188,Radar,Radar,Bharat Dynamics,2014,20,Operational
EQ03358,SUP0253,Drone,Drone,Ashok Leyland Defence,2023,28,Operational
EQ03359,SUP0206,Tank,Tank,BEL,2015,25,Operational
EQ03360,SUP0285,Generator,Generator,Bharat Dynamics,2009,29,Out of Service
EQ03361,SUP0082,Armored Vehicle,Armored Vehicle,Tata Advanced Systems,2023,17,Operational
EQ03362,SUP0116,Truck,Truck,L&T Defence,2018,24,Operational
EQ03363,SUP0269,Missile Launcher,Missile Launcher,Bharat Dynamics,2014,13,Operational
EQ03364,SUP0205,Tank,Tank,Bharat Dynamics,2017,10,Operational
EQ03365,SUP0194,Radar,Radar,L&T Defence,2019,20,Maintenance
EQ03366,SUP0277,Drone,Drone,HAL,2011,18,Operational
EQ03367,SUP0011,Drone,Drone,L&T Defence,2022,21,Operational
EQ03368,SUP0151,Radar,Radar,Mahindra Defence,2008,12,Operational
EQ03369,SUP0145,Armored Vehicle,Armored Vehicle,HAL,2022,11,Operational
EQ03370,SUP0119,Truck,Truck,Tata Advanced Systems,2024,13,Operational
EQ03371,SUP0275,Missile Launcher,Missile Launcher,Bharat Dynamics,2024,21,Operational
EQ03372,SUP0017,Communication System,Communication System,BEL,2013,25,Operational
EQ03373,SUP0101,Radar,Radar,Tata Advanced Systems,2018,22,Operational
EQ03374,SUP0261,Missile Launcher,Missile Launcher,BEL,2025,11,Operational
EQ03375,SUP0016,Radar,Radar,Bharat Dynamics,2024,15,Operational
EQ03376,SUP0013,Truck,Truck,BEL,2019,22,Operational
EQ03377,SUP0008,Radar,Radar,BEL,2016,25,Operational
EQ03378,SUP0028,Communication System,Communication System,L&T Defence,2007,26,Maintenance
EQ03379,SUP0195,Missile Launcher,Missile Launcher,HAL,2006,18,Operational
EQ03380,SUP0051,Radar,Radar,HAL,2011,23,Operational
EQ03381,SUP0001,Truck,Truck,L&T Defence,2012,23,Operational
EQ03382,SUP0265,Radar,Radar,Mahindra Defence,2010,26,Operational
EQ03383,SUP0118,Communication System,Communication System,Mahindra Defence,2018,21,Operational
EQ03384,SUP0045,Missile Launcher,Missile Launcher,Ashok Leyland Defence,2012,29,Operational
EQ03385,SUP0264,Radar,Radar,Ashok Leyland Defence,2007,20,Out of Service
EQ03386,SUP0113,Generator,Generator,HAL,2010,15,Maintenance
EQ03387,SUP0295,Communication System,Communication System,Tata Advanced Systems,2017,12,Operational
EQ03388,SUP0202,Generator,Generator,L&T Defence,2016,14,Operational
EQ03389,SUP0115,Tank,Tank,Mahindra Defence,2008,17,Operational
EQ03390,SUP0034,Truck,Truck,DRDO,2005,16,Maintenance
EQ03391,SUP0187,Missile Launcher,Missile Launcher,Mahindra Defence,2025,19,Out of Service
EQ03392,SUP0252,Generator,Generator,L&T Defence,2019,12,Operational
EQ03393,SUP0189,Drone,Drone,HAL,2015,12,Operational
EQ03394,SUP0090,Tank,Tank,L&T Defence,2023,18,Operational
EQ03395,SUP0280,Radar,Radar,Bharat Dynamics,2016,27,Operational
EQ03396,SUP0082,Tank,Tank,Tata Advanced Systems,2009,28,Operational
EQ03397,SUP0183,Armored Vehicle,Armored Vehicle,Tata Advanced Systems,2023,28,Operational
EQ03398,SUP0300,Missile Launcher,Missile Launcher,HAL,2015,18,Operational
EQ03399,SUP0023,Communication System,Communication System,Ashok Leyland Defence,2017,22,Operational
EQ03400,SUP0123,Armored Vehicle,Armored Vehicle,DRDO,2017,24,Operational
EQ03401,SUP0070,Missile Launcher,Missile Launcher,HAL,2007,24,Operational
EQ03402,SUP0047,Generator,Generator,Bharat Dynamics,2015,24,Operational
EQ03403,SUP0019,Tank,Tank,Tata Advanced Systems,2013,21,Out of Service
EQ03404,SUP0101,Drone,Drone,BEL,2024,25,Operational
EQ03405,SUP0068,Generator,Generator,DRDO,2006,27,Operational
EQ03406,SUP0187,Truck,Truck,Tata Advanced Systems,2014,29,Maintenance
EQ03407,SUP0281,Truck,Truck,Mahindra Defence,2020,14,Operational
EQ03408,SUP0151,Armored Vehicle,Armored Vehicle,Bharat Dynamics,2014,25,Operational
EQ03409,SUP0229,Truck,Truck,Tata Advanced Systems,2013,14,Operational
EQ03410,SUP0171,Communication System,Communication System,Ashok Leyland Defence,2007,11,Maintenance
EQ03411,SUP0205,Communication System,Communication System,DRDO,2019,30,Operational
EQ03412,SUP0219,Drone,Drone,HAL,2019,11,Out of Service
EQ03413,SUP0267,Radar,Radar,Mahindra Defence,2020,20,Operational
EQ03414,SUP0275,Generator,Generator,Bharat Dynamics,2021,22,Operational
EQ03415,SUP0230,Generator,Generator,BEL,2018,27,Operational
EQ03416,SUP0055,Truck,Truck,Mahindra Defence,2015,27,Operational
EQ03417,SUP0277,Armored Vehicle,Armored Vehicle,BEL,2005,13,Operational
EQ03418,SUP0168,Missile Launcher,Missile Launcher,BEL,2020,27,Operational
EQ03419,SUP0233,Communication System,Communication System,HAL,2005,28,Maintenance
EQ03420,SUP0070,Communication System,Communication System,Mahindra Defence,2019,25,Operational
EQ03421,SUP0066,Communication System,Communication System,Bharat Dynamics,2020,28,Operational
EQ03422,SUP0279,Communication System,Communication System,Tata Advanced Systems,2017,16,Operational
EQ03423,SUP0224,Armored Vehicle,Armored Vehicle,DRDO,2012,21,Operational
EQ03424,SUP0180,Tank,Tank,Tata Advanced Systems,2018,12,Operational
EQ03425,SUP0248,Truck,Truck,DRDO,2018,30,Operational
EQ03426,SUP0057,Truck,Truck,Mahindra Defence,2016,11,Operational
EQ03427,SUP0207,Radar,Radar,L&T Defence,2009,15,Out of Service
EQ03428,SUP0217,Generator,Generator,BEL,2010,14,Operational
EQ03429,SUP0146,Tank,Tank,Bharat Dynamics,2006,10,Operational
EQ03430,SUP0010,Communication System,Communication System,Bharat Dynamics,2020,15,Operational
EQ03431,SUP0062,Armored Vehicle,Armored Vehicle,DRDO,2009,28,Maintenance
EQ03432,SUP0113,Missile Launcher,Missile Launcher,HAL,2016,14,Operational
EQ03433,SUP0121,Truck,Truck,DRDO,2005,22,Maintenance
EQ03434,SUP0238,Communication System,Communication System,Bharat Dynamics,2025,27,Operational
EQ03435,SUP0130,Radar,Radar,BEL,2014,20,Operational
EQ03436,SUP0287,Tank,Tank,DRDO,2008,17,Operational
EQ03437,SUP0024,Tank,Tank,Bharat Dynamics,2013,22,Out of Service
EQ03438,SUP0193,Generator,Generator,L&T Defence,2007,22,Operational
EQ03439,SUP0041,Drone,Drone,DRDO,2022,15,Operational
EQ03440,SUP0097,Radar,Radar,L&T Defence,2018,26,Operational
EQ03441,SUP0142,Truck,Truck,DRDO,2008,18,Operational
EQ03442,SUP0240,Generator,Generator,Ashok Leyland Defence,2015,11,Operational
EQ03443,SUP0047,Tank,Tank,HAL,2022,21,Operational
EQ03444,SUP0296,Armored Vehicle,Armored Vehicle,BEL,2005,13,Operational
EQ03445,SUP0279,Radar,Radar,Mahindra Defence,2017,27,Operational
EQ03446,SUP0156,Drone,Drone,Ashok Leyland Defence,2023,17,Operational
EQ03447,SUP0036,Missile Launcher,Missile Launcher,HAL,2025,21,Operational
EQ03448,SUP0053,Tank,Tank,L&T Defence,2006,16,Operational
EQ03449,SUP0016,Generator,Generator,Tata Advanced Systems,2025,24,Out of Service
EQ03450,SUP0237,Radar,Radar,Mahindra Defence,2024,19,Operational
EQ03451,SUP0273,Generator,Generator,Tata Advanced Systems,2012,30,Operational
EQ03452,SUP0008,Truck,Truck,HAL,2011,12,Operational
EQ03453,SUP0065,Communication System,Communication System,Mahindra Defence,2022,15,Operational
EQ03454,SUP0281,Armored Vehicle,Armored Vehicle,Ashok Leyland Defence,2014,16,Operational
EQ03455,SUP0202,Drone,Drone,Bharat Dynamics,2006,20,Out of Service
EQ03456,SUP0031,Truck,Truck,DRDO,2022,28,Operational
EQ03457,SUP0137,Truck,Truck,Tata Advanced Systems,2013,20,Operational
EQ03458,SUP0161,Truck,Truck,Ashok Leyland Defence,2021,25,Operational
EQ03459,SUP0070,Generator,Generator,Bharat Dynamics,2017,11,Operational
EQ03460,SUP0111,Radar,Radar,Tata Advanced Systems,2015,20,Operational
EQ03461,SUP0179,Armored Vehicle,Armored Vehicle,Tata Advanced Systems,2019,19,Operational
EQ03462,SUP0293,Drone,Drone,L&T Defence,2024,28,Operational
EQ03463,SUP0241,Communication System,Communication System,L&T Defence,2014,28,Operational
EQ03464,SUP0298,Radar,Radar,BEL,2016,19,Operational
EQ03465,SUP0054,Generator,Generator,Bharat Dynamics,2020,24,Operational
EQ03466,SUP0078,Radar,Radar,Bharat Dynamics,2010,19,Operational
EQ03467,SUP0133,Truck,Truck,Bharat Dynamics,2010,29,Out of Service
EQ03468,SUP0010,Truck,Truck,DRDO,2005,30,Maintenance
EQ03469,SUP0264,Missile Launcher,Missile Launcher,Tata Advanced Systems,2009,19,Operational
EQ03470,SUP0032,Missile Launcher,Missile Launcher,HAL,2020,19,Operational
EQ03471,SUP0010,Radar,Radar,BEL,2014,21,Operational
EQ03472,SUP0292,Generator,Generator,HAL,2014,14,Operational
EQ03473,SUP0273,Communication System,Communication System,L&T Defence,2014,21,Out of Service
EQ03474,SUP0024,Missile Launcher,Missile Launcher,L&T Defence,2005,25,Operational
EQ03475,SUP0246,Missile Launcher,Missile Launcher,Bharat Dynamics,2014,17,Operational
EQ03476,SUP0036,Armored Vehicle,Armored Vehicle,HAL,2010,20,Maintenance
EQ03477,SUP0182,Armored Vehicle,Armored Vehicle,L&T Defence,2016,26,Operational
EQ03478,SUP0153,Armored Vehicle,Armored Vehicle,Ashok Leyland Defence,2019,27,Operational
EQ03479,SUP0264,Truck,Truck,HAL,2010,12,Maintenance
EQ03480,SUP0267,Generator,Generator,Bharat Dynamics,2022,15,Operational
EQ03481,SUP0045,Radar,Radar,L&T Defence,2016,23,Operational
EQ03482,SUP0250,Missile Launcher,Missile Launcher,HAL,2012,17,Operational
EQ03483,SUP0208,Truck,Truck,Tata Advanced Systems,2021,28,Operational
EQ03484,SUP0215,Missile Launcher,Missile Launcher,Ashok Leyland Defence,2025,21,Operational
EQ03485,SUP0065,Drone,Drone,Bharat Dynamics,2010,25,Operational
EQ03486,SUP0044,Truck,Truck,HAL,2014,26,Operational
EQ03487,SUP0003,Generator,Generator,L&T Defence,2017,23,Operational
EQ03488,SUP0262,Radar,Radar,BEL,2018,18,Out of Service
EQ03489,SUP0004,Generator,Generator,HAL,2010,29,Operational
EQ03490,SUP0157,Drone,Drone,DRDO,2012,19,Operational
EQ03491,SUP0181,Radar,Radar,Tata Advanced Systems,2011,14,Operational
EQ03492,SUP0262,Missile Launcher,Missile Launcher,Tata Advanced Systems,2012,27,Operational
EQ03493,SUP0238,Missile Launcher,Missile Launcher,Mahindra Defence,2007,10,Operational
EQ03494,SUP0256,Communication System,Communication System,L&T Defence,2007,15,Operational
EQ03495,SUP0032,Armored Vehicle,Armored Vehicle,DRDO,2016,24,Out of Service
EQ03496,SUP0118,Armored Vehicle,Armored Vehicle,BEL,2007,20,Out of Service
EQ03497,SUP0264,Radar,Radar,DRDO,2011,21,Operational
EQ03498,SUP0051,Radar,Radar,Ashok Leyland Defence,2018,13,Operational
EQ03499,SUP0202,Tank,Tank,DRDO,2013,18,Operational
EQ03500,SUP0176,Tank,Tank,Mahindra Defence,2006,14,Out of Service
EQ03501,SUP0177,Generator,Generator,Ashok Leyland Defence,2010,21,Operational
EQ03502,SUP0061,Truck,Truck,HAL,2005,21,Maintenance
EQ03503,SUP0104,Tank,Tank,Tata Advanced Systems,2007,17,Operational
EQ03504,SUP0008,Tank,Tank,BEL,2019,22,Operational
EQ03505,SUP0069,Missile Launcher,Missile Launcher,BEL,2012,19,Operational
EQ03506,SUP0168,Radar,Radar,L&T Defence,2017,29,Operational
EQ03507,SUP0085,Generator,Generator,DRDO,2020,19,Operational
EQ03508,SUP0171,Communication System,Communication System,BEL,2013,30,Operational
EQ03509,SUP0293,Generator,Generator,L&T Defence,2023,17,Operational
EQ03510,SUP0212,Drone,Drone,Mahindra Defence,2019,16,Operational
EQ03511,SUP0069,Armored Vehicle,Armored Vehicle,Bharat Dynamics,2010,24,Operational
EQ03512,SUP0230,Generator,Generator,L&T Defence,2024,19,Operational
EQ03513,SUP0022,Generator,Generator,Bharat Dynamics,2016,15,Operational
EQ03514,SUP0207,Generator,Generator,Ashok Leyland Defence,2009,19,Out of Service
EQ03515,SUP0121,Generator,Generator,BEL,2009,19,Operational
EQ03516,SUP0176,Drone,Drone,L&T Defence,2018,17,Operational
EQ03517,SUP0222,Armored Vehicle,Armored Vehicle,DRDO,2009,27,Maintenance
EQ03518,SUP0047,Missile Launcher,Missile Launcher,Mahindra Defence,2007,17,Out of Service
EQ03519,SUP0010,Radar,Radar,L&T Defence,2010,28,Operational
EQ03520,SUP0062,Generator,Generator,L&T Defence,2009,11,Operational
EQ03521,SUP0045,Tank,Tank,Bharat Dynamics,2021,14,Operational
EQ03522,SUP0108,Radar,Radar,Ashok Leyland Defence,2016,29,Operational
EQ03523,SUP0046,Missile Launcher,Missile Launcher,Ashok Leyland Defence,2021,18,Operational
EQ03524,SUP0270,Armored Vehicle,Armored Vehicle,DRDO,2007,20,Out of Service
EQ03525,SUP0177,Generator,Generator,Ashok Leyland Defence,2005,13,Operational
EQ03526,SUP0163,Communication System,Communication System,Ashok Leyland Defence,2020,28,Operational
EQ03527,SUP0214,Radar,Radar,Tata Advanced Systems,2005,21,Maintenance
EQ03528,SUP0276,Truck,Truck,Ashok Leyland Defence,2019,10,Operational
EQ03529,SUP0267,Generator,Generator,Bharat Dynamics,2022,18,Operational
EQ03530,SUP0093,Radar,Radar,DRDO,2008,27,Operational
EQ03531,SUP0117,Truck,Truck,Mahindra Defence,2019,29,Operational
EQ03532,SUP0113,Radar,Radar,HAL,2006,28,Maintenance
EQ03533,SUP0099,Armored Vehicle,Armored Vehicle,Tata Advanced Systems,2013,24,Operational
EQ03534,SUP0187,Drone,Drone,Tata Advanced Systems,2020,13,Operational
EQ03535,SUP0156,Radar,Radar,HAL,2015,15,Operational
EQ03536,SUP0126,Generator,Generator,Tata Advanced Systems,2016,15,Operational
EQ03537,SUP0226,Generator,Generator,Tata Advanced Systems,2014,28,Operational
EQ03538,SUP0279,Tank,Tank,Bharat Dynamics,2022,19,Operational
EQ03539,SUP0067,Tank,Tank,Ashok Leyland Defence,2018,24,Operational
EQ03540,SUP0067,Truck,Truck,BEL,2020,25,Out of Service
EQ03541,SUP0055,Radar,Radar,HAL,2006,21,Maintenance
EQ03542,SUP0069,Missile Launcher,Missile Launcher,HAL,2025,22,Out of Service
EQ03543,SUP0180,Tank,Tank,DRDO,2018,28,Operational
EQ03544,SUP0114,Radar,Radar,Bharat Dynamics,2011,30,Operational
EQ03545,SUP0121,Radar,Radar,Mahindra Defence,2012,20,Maintenance
EQ03546,SUP0217,Tank,Tank,Tata Advanced Systems,2013,27,Operational
EQ03547,SUP0060,Communication System,Communication System,Mahindra Defence,2015,18,Operational
EQ03548,SUP0255,Communication System,Communication System,Mahindra Defence,2020,26,Operational
EQ03549,SUP0116,Generator,Generator,BEL,2007,29,Out of Service
EQ03550,SUP0241,Communication System,Communication System,Tata Advanced Systems,2014,16,Operational
EQ03551,SUP0053,Drone,Drone,Mahindra Defence,2010,21,Operational
EQ03552,SUP0279,Missile Launcher,Missile Launcher,Bharat Dynamics,2015,18,Out of Service
EQ03553,SUP0262,Drone,Drone,L&T Defence,2025,20,Operational
EQ03554,SUP0159,Communication System,Communication System,Mahindra Defence,2014,27,Operational
EQ03555,SUP0015,Generator,Generator,Ashok Leyland Defence,2020,23,Operational
EQ03556,SUP0189,Missile Launcher,Missile Launcher,Mahindra Defence,2012,10,Operational
EQ03557,SUP0284,Tank,Tank,BEL,2010,12,Maintenance
EQ03558,SUP0087,Truck,Truck,BEL,2010,13,Maintenance
EQ03559,SUP0250,Missile Launcher,Missile Launcher,BEL,2016,26,Operational
EQ03560,SUP0016,Generator,Generator,Tata Advanced Systems,2006,27,Operational
EQ03561,SUP0124,Drone,Drone,L&T Defence,2020,21,Operational
EQ03562,SUP0133,Generator,Generator,Mahindra Defence,2024,18,Operational
EQ03563,SUP0084,Generator,Generator,Bharat Dynamics,2015,24,Out of Service
EQ03564,SUP0103,Drone,Drone,Mahindra Defence,2011,18,Operational
EQ03565,SUP0014,Communication System,Communication System,HAL,2009,24,Maintenance
EQ03566,SUP0167,Communication System,Communication System,BEL,2008,12,Operational
EQ03567,SUP0149,Communication System,Communication System,Ashok Leyland Defence,2023,15,Operational
EQ03568,SUP0141,Truck,Truck,L&T Defence,2009,21,Out of Service
EQ03569,SUP0062,Radar,Radar,Bharat Dynamics,2015,24,Operational
EQ03570,SUP0159,Truck,Truck,HAL,2023,28,Out of Service
EQ03571,SUP0025,Armored Vehicle,Armored Vehicle,BEL,2023,12,Out of Service
EQ03572,SUP0194,Generator,Generator,DRDO,2012,25,Operational
EQ03573,SUP0017,Drone,Drone,Tata Advanced Systems,2005,24,Out of Service
EQ03574,SUP0229,Radar,Radar,BEL,2014,29,Maintenance
EQ03575,SUP0181,Tank,Tank,Tata Advanced Systems,2018,13,Operational
EQ03576,SUP0040,Missile Launcher,Missile Launcher,L&T Defence,2021,19,Operational
EQ03577,SUP0133,Tank,Tank,HAL,2008,11,Maintenance
EQ03578,SUP0085,Drone,Drone,Ashok Leyland Defence,2013,30,Operational
EQ03579,SUP0162,Radar,Radar,Ashok Leyland Defence,2014,14,Operational
EQ03580,SUP0035,Tank,Tank,BEL,2011,10,Operational
EQ03581,SUP0221,Generator,Generator,HAL,2024,24,Maintenance
EQ03582,SUP0085,Armored Vehicle,Armored Vehicle,HAL,2011,25,Operational
EQ03583,SUP0045,Armored Vehicle,Armored Vehicle,Mahindra Defence,2024,15,Operational
EQ03584,SUP0052,Tank,Tank,Ashok Leyland Defence,2017,29,Operational
EQ03585,SUP0014,Drone,Drone,L&T Defence,2010,18,Operational
EQ03586,SUP0282,Drone,Drone,Ashok Leyland Defence,2023,21,Operational
EQ03587,SUP0021,Truck,Truck,DRDO,2019,13,Operational
EQ03588,SUP0300,Generator,Generator,Ashok Leyland Defence,2020,28,Operational
EQ03589,SUP0088,Truck,Truck,Ashok Leyland Defence,2011,16,Out of Service
EQ03590,SUP0201,Truck,Truck,Bharat Dynamics,2025,14,Operational
EQ03591,SUP0266,Communication System,Communication System,Bharat Dynamics,2007,21,Operational
EQ03592,SUP0115,Truck,Truck,BEL,2020,20,Operational
EQ03593,SUP0280,Communication System,Communication System,BEL,2012,12,Maintenance
EQ03594,SUP0096,Armored Vehicle,Armored Vehicle,Mahindra Defence,2016,27,Operational
EQ03595,SUP0185,Radar,Radar,Mahindra Defence,2005,17,Maintenance
EQ03596,SUP0025,Communication System,Communication System,L&T Defence,2020,12,Operational
EQ03597,SUP0098,Drone,Drone,Mahindra Defence,2005,26,Operational
EQ03598,SUP0087,Tank,Tank,DRDO,2025,27,Operational
EQ03599,SUP0057,Radar,Radar,L&T Defence,2017,29,Operational
EQ03600,SUP0069,Communication System,Communication System,DRDO,2016,30,Operational
EQ03601,SUP0103,Missile Launcher,Missile Launcher,L&T Defence,2020,23,Maintenance
EQ03602,SUP0046,Armored Vehicle,Armored Vehicle,Bharat Dynamics,2005,20,Operational
EQ03603,SUP0119,Radar,Radar,Ashok Leyland Defence,2022,29,Operational
EQ03604,SUP0010,Missile Launcher,Missile Launcher,HAL,2005,22,Maintenance
EQ03605,SUP0015,Generator,Generator,L&T Defence,2016,28,Operational
EQ03606,SUP0031,Drone,Drone,BEL,2019,17,Operational
EQ03607,SUP0087,Tank,Tank,BEL,2025,25,Operational
EQ03608,SUP0202,Radar,Radar,Ashok Leyland Defence,2019,11,Operational
EQ03609,SUP0092,Armored Vehicle,Armored Vehicle,DRDO,2011,27,Operational
EQ03610,SUP0087,Communication System,Communication System,Mahindra Defence,2011,17,Operational
EQ03611,SUP0196,Radar,Radar,L&T Defence,2024,21,Operational
EQ03612,SUP0146,Truck,Truck,Mahindra Defence,2006,18,Out of Service
EQ03613,SUP0249,Missile Launcher,Missile Launcher,Ashok Leyland Defence,2020,23,Operational
EQ03614,SUP0220,Tank,Tank,Tata Advanced Systems,2024,24,Operational
EQ03615,SUP0032,Drone,Drone,Mahindra Defence,2017,13,Maintenance
EQ03616,SUP0080,Truck,Truck,Bharat Dynamics,2009,23,Maintenance
EQ03617,SUP0048,Generator,Generator,Ashok Leyland Defence,2008,28,Operational
EQ03618,SUP0044,Armored Vehicle,Armored Vehicle,Tata Advanced Systems,2011,25,Operational
EQ03619,SUP0130,Radar,Radar,L&T Defence,2006,25,Operational
EQ03620,SUP0243,Radar,Radar,Ashok Leyland Defence,2018,24,Operational
EQ03621,SUP0288,Armored Vehicle,Armored Vehicle,Tata Advanced Systems,2024,18,Operational
EQ03622,SUP0174,Drone,Drone,Mahindra Defence,2019,25,Operational
EQ03623,SUP0002,Tank,Tank,Mahindra Defence,2016,12,Operational
EQ03624,SUP0068,Tank,Tank,Ashok Leyland Defence,2020,20,Operational
EQ03625,SUP0097,Tank,Tank,L&T Defence,2009,27,Operational
EQ03626,SUP0129,Tank,Tank,Mahindra Defence,2016,11,Operational
EQ03627,SUP0020,Missile Launcher,Missile Launcher,Bharat Dynamics,2020,21,Operational
EQ03628,SUP0073,Communication System,Communication System,Tata Advanced Systems,2016,25,Operational
EQ03629,SUP0230,Missile Launcher,Missile Launcher,Bharat Dynamics,2013,30,Operational
EQ03630,SUP0268,Missile Launcher,Missile Launcher,L&T Defence,2019,16,Maintenance
EQ03631,SUP0281,Drone,Drone,BEL,2018,11,Operational
EQ03632,SUP0177,Communication System,Communication System,Ashok Leyland Defence,2020,22,Operational
EQ03633,SUP0026,Armored Vehicle,Armored Vehicle,Mahindra Defence,2017,30,Operational
EQ03634,SUP0156,Missile Launcher,Missile Launcher,DRDO,2021,29,Operational
EQ03635,SUP0045,Drone,Drone,HAL,2013,10,Operational
EQ03636,SUP0112,Generator,Generator,Tata Advanced Systems,2012,28,Operational
EQ03637,SUP0216,Tank,Tank,HAL,2018,12,Operational
EQ03638,SUP0246,Drone,Drone,DRDO,2009,20,Maintenance
EQ03639,SUP0147,Generator,Generator,DRDO,2019,15,Operational
EQ03640,SUP0215,Missile Launcher,Missile Launcher,Ashok Leyland Defence,2015,20,Operational
EQ03641,SUP0099,Drone,Drone,Bharat Dynamics,2011,11,Operational
EQ03642,SUP0153,Truck,Truck,HAL,2008,14,Maintenance
EQ03643,SUP0031,Armored Vehicle,Armored Vehicle,DRDO,2021,23,Operational
EQ03644,SUP0202,Radar,Radar,Tata Advanced Systems,2005,13,Out of Service
EQ03645,SUP0239,Generator,Generator,HAL,2012,28,Operational
EQ03646,SUP0288,Radar,Radar,Ashok Leyland Defence,2019,26,Operational
EQ03647,SUP0037,Generator,Generator,DRDO,2010,20,Operational
EQ03648,SUP0001,Missile Launcher,Missile Launcher,Ashok Leyland Defence,2008,23,Maintenance
EQ03649,SUP0183,Missile Launcher,Missile Launcher,L&T Defence,2019,30,Operational
EQ03650,SUP0053,Radar,Radar,Mahindra Defence,2016,10,Operational
EQ03651,SUP0286,Communication System,Communication System,L&T Defence,2007,24,Maintenance
EQ03652,SUP0024,Drone,Drone,HAL,2014,16,Operational
EQ03653,SUP0104,Radar,Radar,DRDO,2024,16,Operational
EQ03654,SUP0038,Drone,Drone,L&T Defence,2024,28,Operational
EQ03655,SUP0210,Communication System,Communication System,HAL,2015,23,Maintenance
EQ03656,SUP0291,Truck,Truck,DRDO,2022,24,Operational
EQ03657,SUP0090,Generator,Generator,HAL,2023,12,Operational
EQ03658,SUP0035,Generator,Generator,Ashok Leyland Defence,2017,10,Operational
EQ03659,SUP0244,Generator,Generator,BEL,2017,10,Operational
EQ03660,SUP0252,Tank,Tank,Ashok Leyland Defence,2022,17,Operational
EQ03661,SUP0173,Drone,Drone,Ashok Leyland Defence,2009,18,Operational
EQ03662,SUP0299,Missile Launcher,Missile Launcher,HAL,2007,10,Maintenance
EQ03663,SUP0035,Communication System,Communication System,Mahindra Defence,2006,27,Operational
EQ03664,SUP0164,Tank,Tank,Ashok Leyland Defence,2012,13,Out of Service
EQ03665,SUP0057,Generator,Generator,HAL,2013,29,Operational
EQ03666,SUP0238,Communication System,Communication System,Tata Advanced Systems,2015,19,Operational
EQ03667,SUP0116,Generator,Generator,Bharat Dynamics,2021,18,Maintenance
EQ03668,SUP0007,Tank,Tank,Tata Advanced Systems,2019,13,Operational
EQ03669,SUP0042,Communication System,Communication System,L&T Defence,2024,21,Maintenance
EQ03670,SUP0201,Generator,Generator,DRDO,2008,13,Operational
EQ03671,SUP0052,Truck,Truck,Ashok Leyland Defence,2014,16,Operational
EQ03672,SUP0021,Communication System,Communication System,Bharat Dynamics,2020,29,Operational
EQ03673,SUP0047,Communication System,Communication System,L&T Defence,2013,17,Out of Service
EQ03674,SUP0022,Missile Launcher,Missile Launcher,Tata Advanced Systems,2008,23,Maintenance
EQ03675,SUP0202,Truck,Truck,Tata Advanced Systems,2019,23,Operational
EQ03676,SUP0238,Missile Launcher,Missile Launcher,BEL,2019,27,Operational
EQ03677,SUP0218,Truck,Truck,DRDO,2010,16,Operational
EQ03678,SUP0209,Radar,Radar,Mahindra Defence,2016,16,Operational
EQ03679,SUP0270,Generator,Generator,Tata Advanced Systems,2008,14,Maintenance
EQ03680,SUP0239,Drone,Drone,Mahindra Defence,2018,12,Operational
EQ03681,SUP0209,Drone,Drone,Mahindra Defence,2025,26,Operational
EQ03682,SUP0149,Truck,Truck,HAL,2013,11,Operational
EQ03683,SUP0212,Communication System,Communication System,Mahindra Defence,2019,20,Operational
EQ03684,SUP0262,Tank,Tank,BEL,2005,16,Out of Service
EQ03685,SUP0247,Truck,Truck,Mahindra Defence,2010,12,Operational
EQ03686,SUP0138,Radar,Radar,Bharat Dynamics,2017,30,Operational
EQ03687,SUP0212,Armored Vehicle,Armored Vehicle,BEL,2020,30,Operational
EQ03688,SUP0247,Generator,Generator,Mahindra Defence,2007,21,Operational
EQ03689,SUP0227,Truck,Truck,BEL,2024,14,Operational
EQ03690,SUP0150,Tank,Tank,L&T Defence,2007,28,Out of Service
EQ03691,SUP0178,Communication System,Communication System,HAL,2025,15,Operational
EQ03692,SUP0300,Communication System,Communication System,Ashok Leyland Defence,2020,17,Operational
EQ03693,SUP0134,Drone,Drone,BEL,2006,19,Maintenance
EQ03694,SUP0022,Armored Vehicle,Armored Vehicle,Ashok Leyland Defence,2025,21,Operational
EQ03695,SUP0224,Missile Launcher,Missile Launcher,Bharat Dynamics,2017,17,Operational
EQ03696,SUP0289,Truck,Truck,L&T Defence,2025,18,Operational
EQ03697,SUP0265,Missile Launcher,Missile Launcher,HAL,2017,29,Maintenance
EQ03698,SUP0184,Truck,Truck,Bharat Dynamics,2013,17,Operational
EQ03699,SUP0006,Truck,Truck,L&T Defence,2020,28,Maintenance
EQ03700,SUP0161,Armored Vehicle,Armored Vehicle,Mahindra Defence,2006,22,Out of Service
EQ03701,SUP0157,Radar,Radar,L&T Defence,2005,19,Operational
EQ03702,SUP0038,Tank,Tank,Bharat Dynamics,2014,15,Operational
EQ03703,SUP0280,Generator,Generator,L&T Defence,2005,13,Operational
EQ03704,SUP0190,Radar,Radar,DRDO,2007,29,Operational
EQ03705,SUP0205,Missile Launcher,Missile Launcher,DRDO,2016,21,Operational
EQ03706,SUP0035,Drone,Drone,DRDO,2011,28,Operational
EQ03707,SUP0003,Tank,Tank,BEL,2022,28,Operational
EQ03708,SUP0283,Generator,Generator,Bharat Dynamics,2008,23,Operational
EQ03709,SUP0047,Armored Vehicle,Armored Vehicle,Bharat Dynamics,2005,30,Operational
EQ03710,SUP0161,Communication System,Communication System,BEL,2020,21,Operational
EQ03711,SUP0196,Generator,Generator,Mahindra Defence,2015,14,Operational
EQ03712,SUP0018,Tank,Tank,BEL,2017,11,Operational
EQ03713,SUP0086,Communication System,Communication System,Mahindra Defence,2006,16,Operational
EQ03714,SUP0152,Drone,Drone,HAL,2005,12,Operational
EQ03715,SUP0258,Generator,Generator,Bharat Dynamics,2025,25,Operational
EQ03716,SUP0046,Generator,Generator,BEL,2024,28,Operational
EQ03717,SUP0106,Communication System,Communication System,BEL,2010,18,Out of Service
EQ03718,SUP0016,Communication System,Communication System,Tata Advanced Systems,2018,26,Operational
EQ03719,SUP0279,Drone,Drone,Tata Advanced Systems,2008,14,Maintenance
EQ03720,SUP0193,Armored Vehicle,Armored Vehicle,DRDO,2015,22,Operational
EQ03721,SUP0280,Generator,Generator,BEL,2013,25,Operational
EQ03722,SUP0198,Radar,Radar,Tata Advanced Systems,2017,22,Out of Service
EQ03723,SUP0268,Armored Vehicle,Armored Vehicle,Tata Advanced Systems,2005,30,Maintenance
EQ03724,SUP0112,Missile Launcher,Missile Launcher,HAL,2021,12,Operational
EQ03725,SUP0205,Missile Launcher,Missile Launcher,Ashok Leyland Defence,2011,30,Operational
EQ03726,SUP0091,Radar,Radar,Tata Advanced Systems,2011,17,Operational
EQ03727,SUP0170,Generator,Generator,DRDO,2016,13,Operational
EQ03728,SUP0080,Radar,Radar,Tata Advanced Systems,2012,17,Operational
EQ03729,SUP0275,Armored Vehicle,Armored Vehicle,Mahindra Defence,2016,11,Operational
EQ03730,SUP0216,Truck,Truck,L&T Defence,2013,13,Operational
EQ03731,SUP0036,Armored Vehicle,Armored Vehicle,HAL,2016,29,Operational
EQ03732,SUP0188,Radar,Radar,Mahindra Defence,2005,25,Maintenance
EQ03733,SUP0298,Armored Vehicle,Armored Vehicle,HAL,2013,18,Operational
EQ03734,SUP0091,Missile Launcher,Missile Launcher,Bharat Dynamics,2012,29,Operational
EQ03735,SUP0137,Radar,Radar,Ashok Leyland Defence,2009,29,Operational
EQ03736,SUP0016,Tank,Tank,L&T Defence,2019,28,Operational
EQ03737,SUP0187,Missile Launcher,Missile Launcher,Bharat Dynamics,2021,22,Operational
EQ03738,SUP0275,Armored Vehicle,Armored Vehicle,Bharat Dynamics,2025,20,Operational
EQ03739,SUP0044,Communication System,Communication System,BEL,2007,28,Operational
EQ03740,SUP0055,Missile Launcher,Missile Launcher,Bharat Dynamics,2012,30,Operational
EQ03741,SUP0132,Drone,Drone,DRDO,2018,28,Operational
EQ03742,SUP0285,Drone,Drone,DRDO,2006,25,Maintenance
EQ03743,SUP0005,Radar,Radar,Tata Advanced Systems,2011,21,Operational
EQ03744,SUP0082,Radar,Radar,L&T Defence,2005,21,Operational
EQ03745,SUP0186,Missile Launcher,Missile Launcher,HAL,2008,24,Operational
EQ03746,SUP0098,Radar,Radar,Tata Advanced Systems,2007,20,Out of Service
EQ03747,SUP0163,Communication System,Communication System,Mahindra Defence,2018,24,Maintenance
EQ03748,SUP0051,Communication System,Communication System,HAL,2012,19,Operational
EQ03749,SUP0002,Generator,Generator,Bharat Dynamics,2011,30,Operational
EQ03750,SUP0236,Communication System,Communication System,BEL,2009,14,Operational
EQ03751,SUP0255,Missile Launcher,Missile Launcher,HAL,2010,10,Operational
EQ03752,SUP0270,Radar,Radar,Tata Advanced Systems,2025,26,Operational
EQ03753,SUP0075,Truck,Truck,DRDO,2014,29,Operational
EQ03754,SUP0144,Missile Launcher,Missile Launcher,Ashok Leyland Defence,2013,16,Operational
EQ03755,SUP0149,Armored Vehicle,Armored Vehicle,Mahindra Defence,2010,26,Operational
EQ03756,SUP0066,Truck,Truck,L&T Defence,2020,28,Operational
EQ03757,SUP0179,Missile Launcher,Missile Launcher,L&T Defence,2022,29,Operational
EQ03758,SUP0276,Generator,Generator,DRDO,2016,28,Operational
EQ03759,SUP0039,Drone,Drone,Tata Advanced Systems,2024,29,Out of Service
EQ03760,SUP0114,Missile Launcher,Missile Launcher,Bharat Dynamics,2005,14,Operational
EQ03761,SUP0289,Generator,Generator,Tata Advanced Systems,2005,28,Maintenance
EQ03762,SUP0287,Missile Launcher,Missile Launcher,BEL,2022,19,Operational
EQ03763,SUP0291,Drone,Drone,DRDO,2010,20,Out of Service
EQ03764,SUP0174,Tank,Tank,Mahindra Defence,2013,25,Operational
EQ03765,SUP0284,Radar,Radar,L&T Defence,2023,12,Operational
EQ03766,SUP0143,Truck,Truck,HAL,2020,27,Operational
EQ03767,SUP0239,Drone,Drone,Tata Advanced Systems,2020,14,Operational
EQ03768,SUP0245,Tank,Tank,L&T Defence,2005,10,Operational
EQ03769,SUP0261,Drone,Drone,L&T Defence,2008,24,Maintenance
EQ03770,SUP0201,Truck,Truck,L&T Defence,2019,18,Operational
EQ03771,SUP0278,Tank,Tank,Bharat Dynamics,2013,30,Operational
EQ03772,SUP0125,Missile Launcher,Missile Launcher,BEL,2007,19,Maintenance
EQ03773,SUP0154,Drone,Drone,Mahindra Defence,2021,22,Operational
EQ03774,SUP0204,Missile Launcher,Missile Launcher,Ashok Leyland Defence,2022,24,Operational
EQ03775,SUP0105,Tank,Tank,HAL,2015,26,Operational
EQ03776,SUP0262,Tank,Tank,Tata Advanced Systems,2018,21,Operational
EQ03777,SUP0156,Generator,Generator,L&T Defence,2006,12,Operational
EQ03778,SUP0038,Missile Launcher,Missile Launcher,HAL,2014,15,Operational
EQ03779,SUP0131,Truck,Truck,DRDO,2011,12,Operational
EQ03780,SUP0102,Communication System,Communication System,HAL,2022,26,Operational
EQ03781,SUP0234,Radar,Radar,Tata Advanced Systems,2005,18,Maintenance
EQ03782,SUP0282,Tank,Tank,DRDO,2023,29,Operational
EQ03783,SUP0096,Tank,Tank,HAL,2010,29,Operational
EQ03784,SUP0270,Armored Vehicle,Armored Vehicle,BEL,2017,14,Operational
EQ03785,SUP0055,Communication System,Communication System,Mahindra Defence,2006,23,Out of Service
EQ03786,SUP0218,Radar,Radar,Ashok Leyland Defence,2015,23,Operational
EQ03787,SUP0233,Tank,Tank,DRDO,2019,23,Operational
EQ03788,SUP0085,Drone,Drone,L&T Defence,2019,11,Operational
EQ03789,SUP0060,Tank,Tank,BEL,2009,23,Maintenance
EQ03790,SUP0111,Radar,Radar,Ashok Leyland Defence,2025,16,Operational
EQ03791,SUP0077,Communication System,Communication System,HAL,2024,26,Out of Service
EQ03792,SUP0150,Communication System,Communication System,Tata Advanced Systems,2011,30,Operational
EQ03793,SUP0160,Truck,Truck,Bharat Dynamics,2024,21,Out of Service
EQ03794,SUP0270,Communication System,Communication System,Tata Advanced Systems,2025,21,Operational
EQ03795,SUP0216,Tank,Tank,Bharat Dynamics,2012,27,Operational
EQ03796,SUP0214,Communication System,Communication System,Bharat Dynamics,2005,29,Operational
EQ03797,SUP0178,Armored Vehicle,Armored Vehicle,Mahindra Defence,2015,10,Maintenance
EQ03798,SUP0211,Radar,Radar,Ashok Leyland Defence,2009,26,Operational
EQ03799,SUP0261,Generator,Generator,Mahindra Defence,2015,10,Operational
EQ03800,SUP0102,Generator,Generator,Tata Advanced Systems,2021,25,Operational
EQ03801,SUP0295,Armored Vehicle,Armored Vehicle,Mahindra Defence,2021,23,Operational
EQ03802,SUP0169,Truck,Truck,Mahindra Defence,2015,25,Operational
EQ03803,SUP0105,Generator,Generator,Bharat Dynamics,2016,17,Operational
EQ03804,SUP0133,Tank,Tank,HAL,2021,24,Operational
EQ03805,SUP0126,Tank,Tank,Mahindra Defence,2014,30,Operational
EQ03806,SUP0138,Drone,Drone,BEL,2005,12,Maintenance
EQ03807,SUP0291,Tank,Tank,L&T Defence,2015,26,Maintenance
EQ03808,SUP0064,Generator,Generator,L&T Defence,2023,26,Operational
EQ03809,SUP0278,Missile Launcher,Missile Launcher,Mahindra Defence,2018,26,Operational
EQ03810,SUP0224,Truck,Truck,BEL,2012,19,Operational
EQ03811,SUP0065,Communication System,Communication System,Mahindra Defence,2011,30,Operational
EQ03812,SUP0227,Truck,Truck,Ashok Leyland Defence,2022,20,Operational
EQ03813,SUP0117,Tank,Tank,HAL,2009,20,Operational
EQ03814,SUP0162,Communication System,Communication System,Ashok Leyland Defence,2020,23,Operational
EQ03815,SUP0259,Truck,Truck,Ashok Leyland Defence,2009,29,Operational
EQ03816,SUP0126,Missile Launcher,Missile Launcher,L&T Defence,2006,28,Maintenance
EQ03817,SUP0091,Missile Launcher,Missile Launcher,HAL,2010,15,Operational
EQ03818,SUP0290,Communication System,Communication System,DRDO,2017,14,Operational
EQ03819,SUP0043,Radar,Radar,Mahindra Defence,2022,21,Operational
EQ03820,SUP0088,Drone,Drone,Ashok Leyland Defence,2015,11,Maintenance
EQ03821,SUP0261,Communication System,Communication System,Bharat Dynamics,2015,13,Operational
EQ03822,SUP0123,Radar,Radar,HAL,2022,20,Operational
EQ03823,SUP0214,Missile Launcher,Missile Launcher,HAL,2009,20,Maintenance
EQ03824,SUP0207,Missile Launcher,Missile Launcher,HAL,2017,22,Maintenance
EQ03825,SUP0274,Communication System,Communication System,HAL,2025,18,Operational
EQ03826,SUP0081,Radar,Radar,HAL,2024,28,Operational
EQ03827,SUP0050,Tank,Tank,Bharat Dynamics,2018,26,Operational
EQ03828,SUP0134,Armored Vehicle,Armored Vehicle,Bharat Dynamics,2012,30,Operational
EQ03829,SUP0229,Generator,Generator,Tata Advanced Systems,2008,11,Operational
EQ03830,SUP0170,Communication System,Communication System,Mahindra Defence,2019,30,Operational
EQ03831,SUP0091,Generator,Generator,Mahindra Defence,2009,22,Out of Service
EQ03832,SUP0251,Missile Launcher,Missile Launcher,DRDO,2022,22,Operational
EQ03833,SUP0039,Missile Launcher,Missile Launcher,DRDO,2013,24,Operational
EQ03834,SUP0020,Tank,Tank,BEL,2023,19,Maintenance
EQ03835,SUP0112,Armored Vehicle,Armored Vehicle,Tata Advanced Systems,2013,25,Operational
EQ03836,SUP0009,Missile Launcher,Missile Launcher,Ashok Leyland Defence,2012,23,Operational
EQ03837,SUP0219,Communication System,Communication System,L&T Defence,2008,15,Maintenance
EQ03838,SUP0127,Armored Vehicle,Armored Vehicle,HAL,2007,18,Operational
EQ03839,SUP0277,Armored Vehicle,Armored Vehicle,Ashok Leyland Defence,2018,20,Operational
EQ03840,SUP0256,Truck,Truck,Tata Advanced Systems,2009,17,Operational
EQ03841,SUP0041,Tank,Tank,BEL,2023,23,Operational
EQ03842,SUP0058,Generator,Generator,BEL,2008,24,Maintenance
EQ03843,SUP0127,Drone,Drone,Ashok Leyland Defence,2013,29,Operational
EQ03844,SUP0101,Tank,Tank,L&T Defence,2025,19,Operational
EQ03845,SUP0044,Generator,Generator,L&T Defence,2020,16,Operational
EQ03846,SUP0097,Drone,Drone,L&T Defence,2018,30,Operational
EQ03847,SUP0126,Communication System,Communication System,BEL,2024,13,Operational
EQ03848,SUP0295,Truck,Truck,Mahindra Defence,2020,18,Operational
EQ03849,SUP0133,Generator,Generator,L&T Defence,2020,10,Operational
EQ03850,SUP0205,Radar,Radar,DRDO,2022,14,Operational
EQ03851,SUP0252,Generator,Generator,BEL,2011,19,Operational
EQ03852,SUP0281,Truck,Truck,BEL,2018,19,Out of Service
EQ03853,SUP0149,Truck,Truck,DRDO,2021,11,Operational
EQ03854,SUP0111,Generator,Generator,Mahindra Defence,2009,26,Maintenance
EQ03855,SUP0115,Communication System,Communication System,BEL,2021,22,Operational
EQ03856,SUP0263,Armored Vehicle,Armored Vehicle,Mahindra Defence,2020,13,Operational
EQ03857,SUP0164,Drone,Drone,Mahindra Defence,2013,19,Operational
EQ03858,SUP0135,Generator,Generator,HAL,2018,15,Operational
EQ03859,SUP0164,Generator,Generator,Bharat Dynamics,2013,19,Operational
EQ03860,SUP0172,Truck,Truck,L&T Defence,2025,10,Operational
EQ03861,SUP0061,Drone,Drone,Tata Advanced Systems,2011,27,Operational
EQ03862,SUP0174,Communication System,Communication System,Tata Advanced Systems,2018,11,Operational
EQ03863,SUP0189,Armored Vehicle,Armored Vehicle,Bharat Dynamics,2016,19,Operational
EQ03864,SUP0227,Radar,Radar,BEL,2008,16,Operational
EQ03865,SUP0204,Drone,Drone,L&T Defence,2005,24,Maintenance
EQ03866,SUP0011,Tank,Tank,Mahindra Defence,2020,23,Operational
EQ03867,SUP0169,Missile Launcher,Missile Launcher,L&T Defence,2021,30,Operational
EQ03868,SUP0239,Truck,Truck,Ashok Leyland Defence,2011,26,Operational
EQ03869,SUP0114,Generator,Generator,BEL,2017,24,Operational
EQ03870,SUP0231,Armored Vehicle,Armored Vehicle,L&T Defence,2007,25,Operational
EQ03871,SUP0104,Generator,Generator,Mahindra Defence,2010,10,Operational
EQ03872,SUP0064,Radar,Radar,Mahindra Defence,2008,23,Operational
EQ03873,SUP0077,Drone,Drone,Ashok Leyland Defence,2010,22,Operational
EQ03874,SUP0213,Truck,Truck,Bharat Dynamics,2006,16,Maintenance
EQ03875,SUP0211,Generator,Generator,Tata Advanced Systems,2012,30,Operational
EQ03876,SUP0177,Missile Launcher,Missile Launcher,DRDO,2021,20,Operational
EQ03877,SUP0085,Missile Launcher,Missile Launcher,HAL,2022,17,Operational
EQ03878,SUP0093,Missile Launcher,Missile Launcher,DRDO,2023,12,Operational
EQ03879,SUP0070,Radar,Radar,BEL,2020,12,Operational
EQ03880,SUP0270,Communication System,Communication System,Ashok Leyland Defence,2008,17,Maintenance
EQ03881,SUP0234,Tank,Tank,DRDO,2017,20,Operational
EQ03882,SUP0236,Generator,Generator,BEL,2022,19,Out of Service
EQ03883,SUP0123,Missile Launcher,Missile Launcher,DRDO,2019,24,Maintenance
EQ03884,SUP0203,Tank,Tank,Bharat Dynamics,2014,10,Operational
EQ03885,SUP0232,Communication System,Communication System,Ashok Leyland Defence,2025,25,Operational
EQ03886,SUP0278,Drone,Drone,HAL,2023,19,Maintenance
EQ03887,SUP0047,Communication System,Communication System,Bharat Dynamics,2015,13,Maintenance
EQ03888,SUP0184,Drone,Drone,Ashok Leyland Defence,2014,22,Operational
EQ03889,SUP0042,Generator,Generator,HAL,2014,19,Operational
EQ03890,SUP0086,Truck,Truck,Tata Advanced Systems,2007,30,Maintenance
EQ03891,SUP0060,Tank,Tank,HAL,2019,24,Operational
EQ03892,SUP0056,Radar,Radar,Mahindra Defence,2008,10,Maintenance
EQ03893,SUP0110,Armored Vehicle,Armored Vehicle,Ashok Leyland Defence,2019,28,Operational
EQ03894,SUP0193,Tank,Tank,Tata Advanced Systems,2019,15,Operational
EQ03895,SUP0145,Radar,Radar,Tata Advanced Systems,2008,28,Out of Service
EQ03896,SUP0090,Tank,Tank,HAL,2021,19,Maintenance
EQ03897,SUP0086,Truck,Truck,Bharat Dynamics,2023,17,Maintenance
EQ03898,SUP0100,Generator,Generator,Mahindra Defence,2013,24,Operational
EQ03899,SUP0060,Truck,Truck,L&T Defence,2020,29,Operational
EQ03900,SUP0237,Tank,Tank,Tata Advanced Systems,2011,24,Out of Service
EQ03901,SUP0049,Generator,Generator,DRDO,2006,30,Maintenance
EQ03902,SUP0129,Armored Vehicle,Armored Vehicle,Tata Advanced Systems,2019,25,Operational
EQ03903,SUP0253,Generator,Generator,BEL,2012,18,Operational
EQ03904,SUP0091,Communication System,Communication System,Mahindra Defence,2025,15,Operational
EQ03905,SUP0207,Tank,Tank,Bharat Dynamics,2009,21,Operational
EQ03906,SUP0284,Missile Launcher,Missile Launcher,HAL,2022,14,Operational
EQ03907,SUP0151,Communication System,Communication System,Mahindra Defence,2021,24,Operational
EQ03908,SUP0078,Tank,Tank,Ashok Leyland Defence,2014,11,Operational
EQ03909,SUP0057,Radar,Radar,DRDO,2008,23,Operational
EQ03910,SUP0153,Generator,Generator,Bharat Dynamics,2020,13,Operational
EQ03911,SUP0021,Armored Vehicle,Armored Vehicle,Ashok Leyland Defence,2016,25,Operational
EQ03912,SUP0207,Generator,Generator,Tata Advanced Systems,2024,11,Operational
EQ03913,SUP0270,Armored Vehicle,Armored Vehicle,Mahindra Defence,2011,19,Operational
EQ03914,SUP0081,Armored Vehicle,Armored Vehicle,HAL,2019,28,Operational
EQ03915,SUP0243,Radar,Radar,Ashok Leyland Defence,2017,25,Maintenance
EQ03916,SUP0149,Radar,Radar,HAL,2011,22,Operational
EQ03917,SUP0219,Truck,Truck,DRDO,2007,14,Maintenance
EQ03918,SUP0146,Radar,Radar,DRDO,2015,21,Operational
EQ03919,SUP0119,Radar,Radar,HAL,2008,29,Out of Service
EQ03920,SUP0292,Tank,Tank,HAL,2009,16,Operational
EQ03921,SUP0010,Radar,Radar,Bharat Dynamics,2021,12,Operational
EQ03922,SUP0177,Drone,Drone,L&T Defence,2018,19,Operational
EQ03923,SUP0277,Armored Vehicle,Armored Vehicle,Bharat Dynamics,2005,17,Maintenance
EQ03924,SUP0141,Truck,Truck,Ashok Leyland Defence,2006,16,Out of Service
EQ03925,SUP0068,Missile Launcher,Missile Launcher,Mahindra Defence,2014,19,Maintenance
EQ03926,SUP0218,Tank,Tank,Tata Advanced Systems,2020,10,Operational
EQ03927,SUP0120,Generator,Generator,Mahindra Defence,2022,11,Operational
EQ03928,SUP0164,Truck,Truck,Tata Advanced Systems,2007,25,Out of Service
EQ03929,SUP0113,Radar,Radar,L&T Defence,2012,19,Operational
EQ03930,SUP0052,Generator,Generator,Tata Advanced Systems,2021,15,Out of Service
EQ03931,SUP0129,Armored Vehicle,Armored Vehicle,Bharat Dynamics,2019,10,Maintenance
EQ03932,SUP0023,Missile Launcher,Missile Launcher,Tata Advanced Systems,2012,28,Operational
EQ03933,SUP0031,Missile Launcher,Missile Launcher,Ashok Leyland Defence,2012,16,Operational
EQ03934,SUP0119,Communication System,Communication System,Bharat Dynamics,2019,25,Operational
EQ03935,SUP0094,Armored Vehicle,Armored Vehicle,BEL,2007,24,Out of Service
EQ03936,SUP0004,Missile Launcher,Missile Launcher,Bharat Dynamics,2024,22,Maintenance
EQ03937,SUP0114,Radar,Radar,DRDO,2021,24,Out of Service
EQ03938,SUP0147,Armored Vehicle,Armored Vehicle,DRDO,2022,27,Operational
EQ03939,SUP0299,Radar,Radar,BEL,2005,16,Operational
EQ03940,SUP0275,Radar,Radar,L&T Defence,2012,21,Operational
EQ03941,SUP0158,Missile Launcher,Missile Launcher,L&T Defence,2008,19,Maintenance
EQ03942,SUP0027,Missile Launcher,Missile Launcher,Ashok Leyland Defence,2025,15,Operational
EQ03943,SUP0248,Communication System,Communication System,Tata Advanced Systems,2014,18,Maintenance
EQ03944,SUP0185,Generator,Generator,DRDO,2025,24,Operational
EQ03945,SUP0019,Missile Launcher,Missile Launcher,DRDO,2007,29,Operational
EQ03946,SUP0274,Drone,Drone,BEL,2019,25,Operational
EQ03947,SUP0261,Drone,Drone,Bharat Dynamics,2007,27,Operational
EQ03948,SUP0127,Truck,Truck,L&T Defence,2015,17,Operational
EQ03949,SUP0251,Truck,Truck,BEL,2010,14,Operational
EQ03950,SUP0102,Tank,Tank,Ashok Leyland Defence,2011,10,Operational
EQ03951,SUP0239,Generator,Generator,L&T Defence,2020,21,Out of Service
EQ03952,SUP0268,Tank,Tank,L&T Defence,2005,17,Operational
EQ03953,SUP0008,Drone,Drone,Ashok Leyland Defence,2020,23,Operational
EQ03954,SUP0069,Radar,Radar,Bharat Dynamics,2024,19,Operational
EQ03955,SUP0130,Truck,Truck,HAL,2008,22,Maintenance
EQ03956,SUP0252,Missile Launcher,Missile Launcher,Ashok Leyland Defence,2013,17,Operational
EQ03957,SUP0021,Armored Vehicle,Armored Vehicle,BEL,2014,14,Operational
EQ03958,SUP0021,Tank,Tank,BEL,2020,30,Operational
EQ03959,SUP0288,Communication System,Communication System,HAL,2015,11,Operational
EQ03960,SUP0194,Communication System,Communication System,HAL,2015,13,Operational
EQ03961,SUP0274,Drone,Drone,Ashok Leyland Defence,2014,18,Operational
EQ03962,SUP0228,Generator,Generator,BEL,2025,17,Maintenance
EQ03963,SUP0059,Drone,Drone,L&T Defence,2017,26,Operational
EQ03964,SUP0106,Communication System,Communication System,HAL,2023,27,Operational
EQ03965,SUP0198,Tank,Tank,DRDO,2020,28,Operational
EQ03966,SUP0052,Radar,Radar,Ashok Leyland Defence,2025,25,Operational
EQ03967,SUP0023,Generator,Generator,Tata Advanced Systems,2005,22,Operational
EQ03968,SUP0064,Armored Vehicle,Armored Vehicle,Tata Advanced Systems,2009,17,Operational
EQ03969,SUP0263,Drone,Drone,BEL,2017,29,Operational
EQ03970,SUP0057,Truck,Truck,DRDO,2025,27,Operational
EQ03971,SUP0283,Drone,Drone,Tata Advanced Systems,2024,20,Operational
EQ03972,SUP0044,Generator,Generator,Mahindra Defence,2018,26,Operational
EQ03973,SUP0146,Drone,Drone,Bharat Dynamics,2024,28,Operational
EQ03974,SUP0045,Armored Vehicle,Armored Vehicle,HAL,2012,12,Operational
EQ03975,SUP0210,Drone,Drone,L&T Defence,2009,28,Maintenance
EQ03976,SUP0145,Tank,Tank,Bharat Dynamics,2005,21,Operational
EQ03977,SUP0146,Drone,Drone,Ashok Leyland Defence,2024,20,Operational
EQ03978,SUP0039,Communication System,Communication System,Mahindra Defence,2019,19,Operational
EQ03979,SUP0127,Generator,Generator,Mahindra Defence,2025,30,Operational
EQ03980,SUP0145,Radar,Radar,Tata Advanced Systems,2010,25,Operational
EQ03981,SUP0062,Communication System,Communication System,Mahindra Defence,2014,26,Operational
EQ03982,SUP0171,Radar,Radar,BEL,2009,23,Operational
EQ03983,SUP0084,Generator,Generator,HAL,2006,14,Out of Service
EQ03984,SUP0115,Missile Launcher,Missile Launcher,DRDO,2017,10,Operational
EQ03985,SUP0265,Armored Vehicle,Armored Vehicle,Bharat Dynamics,2008,28,Operational
EQ03986,SUP0256,Communication System,Communication System,Mahindra Defence,2018,11,Operational
EQ03987,SUP0211,Communication System,Communication System,Ashok Leyland Defence,2018,17,Out of Service
EQ03988,SUP0259,Communication System,Communication System,DRDO,2005,26,Maintenance
EQ03989,SUP0211,Communication System,Communication System,L&T Defence,2010,20,Operational
EQ03990,SUP0052,Armored Vehicle,Armored Vehicle,BEL,2020,25,Operational
EQ03991,SUP0141,Drone,Drone,DRDO,2006,26,Maintenance
EQ03992,SUP0014,Tank,Tank,Tata Advanced Systems,2011,12,Operational
EQ03993,SUP0022,Tank,Tank,Tata Advanced Systems,2022,27,Operational
EQ03994,SUP0147,Communication System,Communication System,Ashok Leyland Defence,2011,13,Operational
EQ03995,SUP0013,Tank,Tank,DRDO,2018,26,Operational
EQ03996,SUP0009,Armored Vehicle,Armored Vehicle,Mahindra Defence,2012,25,Operational
EQ03997,SUP0070,Radar,Radar,Bharat Dynamics,2010,23,Maintenance
EQ03998,SUP0033,Communication System,Communication System,DRDO,2008,19,Operational
EQ03999,SUP0014,Drone,Drone,Ashok Leyland Defence,2013,22,Operational
EQ04000,SUP0184,Tank,Tank,Bharat Dynamics,2005,11,Operational
EQ04001,SUP0229,Armored Vehicle,Armored Vehicle,Tata Advanced Systems,2007,22,Operational
EQ04002,SUP0083,Armored Vehicle,Armored Vehicle,Bharat Dynamics,2008,18,Maintenance
EQ04003,SUP0293,Truck,Truck,BEL,2022,10,Operational
EQ04004,SUP0046,Radar,Radar,DRDO,2024,26,Operational
EQ04005,SUP0088,Communication System,Communication System,BEL,2005,29,Out of Service
EQ04006,SUP0034,Tank,Tank,L&T Defence,2013,28,Operational
EQ04007,SUP0265,Tank,Tank,Ashok Leyland Defence,2015,13,Maintenance
EQ04008,SUP0050,Armored Vehicle,Armored Vehicle,Mahindra Defence,2011,18,Operational
EQ04009,SUP0157,Radar,Radar,DRDO,2017,14,Maintenance
EQ04010,SUP0129,Missile Launcher,Missile Launcher,Bharat Dynamics,2016,15,Operational
EQ04011,SUP0222,Radar,Radar,HAL,2008,28,Maintenance
EQ04012,SUP0199,Drone,Drone,Bharat Dynamics,2018,14,Operational
EQ04013,SUP0169,Missile Launcher,Missile Launcher,DRDO,2012,19,Operational
EQ04014,SUP0274,Radar,Radar,L&T Defence,2017,29,Operational
EQ04015,SUP0272,Generator,Generator,L&T Defence,2024,12,Out of Service
EQ04016,SUP0281,Generator,Generator,Ashok Leyland Defence,2021,11,Operational
EQ04017,SUP0139,Tank,Tank,L&T Defence,2018,14,Operational
EQ04018,SUP0072,Armored Vehicle,Armored Vehicle,Ashok Leyland Defence,2006,13,Maintenance
EQ04019,SUP0015,Missile Launcher,Missile Launcher,Tata Advanced Systems,2025,26,Operational
EQ04020,SUP0020,Radar,Radar,L&T Defence,2017,29,Operational
EQ04021,SUP0108,Generator,Generator,HAL,2006,14,Operational
EQ04022,SUP0022,Drone,Drone,Bharat Dynamics,2006,22,Maintenance
EQ04023,SUP0021,Missile Launcher,Missile Launcher,Ashok Leyland Defence,2017,16,Maintenance
EQ04024,SUP0153,Armored Vehicle,Armored Vehicle,Mahindra Defence,2021,30,Maintenance
EQ04025,SUP0250,Truck,Truck,BEL,2010,19,Operational
EQ04026,SUP0174,Generator,Generator,DRDO,2022,27,Operational
EQ04027,SUP0097,Missile Launcher,Missile Launcher,DRDO,2015,11,Operational
EQ04028,SUP0044,Truck,Truck,Tata Advanced Systems,2014,14,Operational
EQ04029,SUP0089,Tank,Tank,Mahindra Defence,2014,22,Operational
EQ04030,SUP0068,Communication System,Communication System,HAL,2017,18,Operational
EQ04031,SUP0098,Drone,Drone,Mahindra Defence,2024,20,Out of Service
EQ04032,SUP0226,Communication System,Communication System,Mahindra Defence,2006,11,Maintenance
EQ04033,SUP0052,Radar,Radar,DRDO,2007,26,Operational
EQ04034,SUP0207,Tank,Tank,DRDO,2012,10,Operational
EQ04035,SUP0263,Drone,Drone,BEL,2013,18,Operational
EQ04036,SUP0186,Truck,Truck,DRDO,2011,26,Operational
EQ04037,SUP0214,Communication System,Communication System,Ashok Leyland Defence,2017,14,Operational
EQ04038,SUP0295,Armored Vehicle,Armored Vehicle,Bharat Dynamics,2016,11,Operational
EQ04039,SUP0293,Armored Vehicle,Armored Vehicle,Mahindra Defence,2018,16,Operational
EQ04040,SUP0029,Drone,Drone,Ashok Leyland Defence,2022,15,Operational
EQ04041,SUP0045,Drone,Drone,HAL,2014,12,Operational
EQ04042,SUP0219,Armored Vehicle,Armored Vehicle,Bharat Dynamics,2020,15,Operational
EQ04043,SUP0162,Armored Vehicle,Armored Vehicle,L&T Defence,2012,24,Operational
EQ04044,SUP0071,Truck,Truck,Mahindra Defence,2017,25,Operational
EQ04045,SUP0203,Generator,Generator,Bharat Dynamics,2006,19,Out of Service
EQ04046,SUP0244,Drone,Drone,Tata Advanced Systems,2024,17,Operational
EQ04047,SUP0013,Missile Launcher,Missile Launcher,DRDO,2018,13,Operational
EQ04048,SUP0182,Truck,Truck,Ashok Leyland Defence,2014,12,Operational
EQ04049,SUP0006,Communication System,Communication System,Bharat Dynamics,2025,21,Maintenance
EQ04050,SUP0245,Missile Launcher,Missile Launcher,DRDO,2005,11,Maintenance
EQ04051,SUP0267,Drone,Drone,Mahindra Defence,2008,15,Out of Service
EQ04052,SUP0030,Armored Vehicle,Armored Vehicle,Mahindra Defence,2006,14,Maintenance
EQ04053,SUP0218,Generator,Generator,Mahindra Defence,2009,14,Maintenance
EQ04054,SUP0094,Missile Launcher,Missile Launcher,BEL,2018,10,Operational
EQ04055,SUP0032,Generator,Generator,BEL,2015,29,Operational
EQ04056,SUP0161,Tank,Tank,DRDO,2024,17,Operational
EQ04057,SUP0172,Armored Vehicle,Armored Vehicle,Bharat Dynamics,2005,17,Operational
EQ04058,SUP0209,Missile Launcher,Missile Launcher,BEL,2013,30,Operational
EQ04059,SUP0072,Radar,Radar,DRDO,2018,12,Operational
EQ04060,SUP0170,Armored Vehicle,Armored Vehicle,Bharat Dynamics,2012,18,Operational
EQ04061,SUP0172,Truck,Truck,Bharat Dynamics,2006,22,Maintenance
EQ04062,SUP0039,Generator,Generator,HAL,2011,27,Operational
EQ04063,SUP0083,Generator,Generator,Bharat Dynamics,2005,25,Operational
EQ04064,SUP0106,Radar,Radar,Tata Advanced Systems,2009,21,Maintenance
EQ04065,SUP0190,Radar,Radar,Mahindra Defence,2024,13,Maintenance
EQ04066,SUP0201,Tank,Tank,DRDO,2013,17,Operational
EQ04067,SUP0026,Armored Vehicle,Armored Vehicle,HAL,2024,23,Operational
EQ04068,SUP0109,Radar,Radar,DRDO,2021,30,Operational
EQ04069,SUP0108,Generator,Generator,BEL,2005,23,Maintenance
EQ04070,SUP0044,Generator,Generator,BEL,2025,17,Operational
EQ04071,SUP0028,Generator,Generator,HAL,2010,27,Operational
EQ04072,SUP0074,Generator,Generator,Bharat Dynamics,2023,20,Operational
EQ04073,SUP0133,Armored Vehicle,Armored Vehicle,L&T Defence,2018,10,Operational
EQ04074,SUP0188,Radar,Radar,Mahindra Defence,2011,23,Operational
EQ04075,SUP0204,Generator,Generator,L&T Defence,2017,24,Maintenance
EQ04076,SUP0277,Missile Launcher,Missile Launcher,DRDO,2005,27,Operational
EQ04077,SUP0060,Communication System,Communication System,Tata Advanced Systems,2022,16,Operational
EQ04078,SUP0035,Communication System,Communication System,Tata Advanced Systems,2014,22,Operational
EQ04079,SUP0212,Tank,Tank,HAL,2020,14,Operational
EQ04080,SUP0286,Communication System,Communication System,BEL,2023,13,Maintenance
EQ04081,SUP0032,Missile Launcher,Missile Launcher,Ashok Leyland Defence,2010,17,Out of Service
EQ04082,SUP0133,Armored Vehicle,Armored Vehicle,Mahindra Defence,2025,16,Operational
EQ04083,SUP0128,Armored Vehicle,Armored Vehicle,Tata Advanced Systems,2017,20,Operational
EQ04084,SUP0039,Radar,Radar,Ashok Leyland Defence,2010,13,Operational
EQ04085,SUP0090,Missile Launcher,Missile Launcher,HAL,2019,28,Maintenance
EQ04086,SUP0197,Armored Vehicle,Armored Vehicle,DRDO,2016,20,Operational
EQ04087,SUP0215,Communication System,Communication System,HAL,2014,24,Operational
EQ04088,SUP0098,Generator,Generator,BEL,2016,10,Operational
EQ04089,SUP0136,Radar,Radar,L&T Defence,2015,17,Operational
EQ04090,SUP0057,Communication System,Communication System,DRDO,2023,19,Operational
EQ04091,SUP0262,Drone,Drone,DRDO,2021,30,Operational
EQ04092,SUP0247,Armored Vehicle,Armored Vehicle,HAL,2014,18,Operational
EQ04093,SUP0027,Truck,Truck,L&T Defence,2016,29,Operational
EQ04094,SUP0015,Truck,Truck,Mahindra Defence,2011,14,Operational
EQ04095,SUP0293,Tank,Tank,HAL,2012,20,Operational
EQ04096,SUP0237,Generator,Generator,Mahindra Defence,2021,16,Out of Service
EQ04097,SUP0098,Drone,Drone,HAL,2010,28,Out of Service
EQ04098,SUP0139,Armored Vehicle,Armored Vehicle,Tata Advanced Systems,2019,28,Maintenance
EQ04099,SUP0185,Communication System,Communication System,L&T Defence,2011,29,Operational
EQ04100,SUP0029,Truck,Truck,BEL,2017,30,Operational
EQ04101,SUP0246,Communication System,Communication System,Ashok Leyland Defence,2015,24,Operational
EQ04102,SUP0151,Generator,Generator,Ashok Leyland Defence,2009,22,Operational
EQ04103,SUP0266,Generator,Generator,HAL,2024,25,Operational
EQ04104,SUP0186,Generator,Generator,Bharat Dynamics,2008,15,Maintenance
EQ04105,SUP0120,Drone,Drone,L&T Defence,2025,12,Operational
EQ04106,SUP0233,Truck,Truck,Mahindra Defence,2005,21,Operational
EQ04107,SUP0145,Generator,Generator,Tata Advanced Systems,2016,18,Operational
EQ04108,SUP0153,Radar,Radar,L&T Defence,2013,13,Operational
EQ04109,SUP0149,Communication System,Communication System,Mahindra Defence,2006,28,Operational
EQ04110,SUP0271,Tank,Tank,BEL,2023,21,Operational
EQ04111,SUP0200,Communication System,Communication System,DRDO,2025,17,Operational
EQ04112,SUP0122,Generator,Generator,HAL,2024,21,Operational
EQ04113,SUP0138,Generator,Generator,Mahindra Defence,2015,26,Operational
EQ04114,SUP0278,Armored Vehicle,Armored Vehicle,BEL,2024,18,Operational
EQ04115,SUP0033,Radar,Radar,L&T Defence,2015,23,Operational
EQ04116,SUP0183,Generator,Generator,HAL,2023,28,Out of Service
EQ04117,SUP0259,Tank,Tank,Ashok Leyland Defence,2020,25,Operational
EQ04118,SUP0064,Tank,Tank,Tata Advanced Systems,2016,10,Operational
EQ04119,SUP0128,Radar,Radar,L&T Defence,2022,19,Operational
EQ04120,SUP0102,Truck,Truck,BEL,2011,14,Operational
EQ04121,SUP0251,Truck,Truck,BEL,2011,12,Operational
EQ04122,SUP0159,Tank,Tank,L&T Defence,2020,20,Operational
EQ04123,SUP0006,Drone,Drone,HAL,2020,25,Operational
EQ04124,SUP0054,Tank,Tank,DRDO,2021,17,Out of Service
EQ04125,SUP0296,Drone,Drone,Ashok Leyland Defence,2005,18,Maintenance
EQ04126,SUP0101,Armored Vehicle,Armored Vehicle,L&T Defence,2011,11,Operational
EQ04127,SUP0058,Truck,Truck,Bharat Dynamics,2007,13,Maintenance
EQ04128,SUP0180,Radar,Radar,Mahindra Defence,2016,18,Operational
EQ04129,SUP0214,Armored Vehicle,Armored Vehicle,Ashok Leyland Defence,2011,17,Operational
EQ04130,SUP0190,Radar,Radar,Bharat Dynamics,2012,17,Operational
EQ04131,SUP0300,Radar,Radar,Ashok Leyland Defence,2021,29,Operational
EQ04132,SUP0197,Armored Vehicle,Armored Vehicle,DRDO,2023,22,Operational
EQ04133,SUP0131,Missile Launcher,Missile Launcher,Ashok Leyland Defence,2015,13,Operational
EQ04134,SUP0175,Missile Launcher,Missile Launcher,BEL,2018,18,Operational
EQ04135,SUP0144,Tank,Tank,Bharat Dynamics,2005,13,Out of Service
EQ04136,SUP0300,Missile Launcher,Missile Launcher,Mahindra Defence,2014,17,Operational
EQ04137,SUP0074,Communication System,Communication System,Bharat Dynamics,2025,11,Operational
EQ04138,SUP0193,Communication System,Communication System,DRDO,2010,10,Maintenance
EQ04139,SUP0078,Radar,Radar,Tata Advanced Systems,2013,23,Operational
EQ04140,SUP0271,Drone,Drone,Ashok Leyland Defence,2019,14,Maintenance
EQ04141,SUP0138,Generator,Generator,Mahindra Defence,2007,25,Maintenance
EQ04142,SUP0170,Tank,Tank,BEL,2006,28,Operational
EQ04143,SUP0032,Generator,Generator,HAL,2025,17,Operational
EQ04144,SUP0274,Armored Vehicle,Armored Vehicle,L&T Defence,2011,18,Operational
EQ04145,SUP0118,Communication System,Communication System,HAL,2013,16,Operational
EQ04146,SUP0099,Communication System,Communication System,Ashok Leyland Defence,2014,11,Operational
EQ04147,SUP0258,Armored Vehicle,Armored Vehicle,L&T Defence,2024,30,Operational
EQ04148,SUP0299,Truck,Truck,L&T Defence,2015,10,Operational
EQ04149,SUP0027,Generator,Generator,Ashok Leyland Defence,2019,26,Operational
EQ04150,SUP0081,Missile Launcher,Missile Launcher,DRDO,2021,18,Out of Service
EQ04151,SUP0128,Missile Launcher,Missile Launcher,BEL,2024,25,Operational
EQ04152,SUP0050,Truck,Truck,HAL,2009,11,Out of Service
EQ04153,SUP0248,Drone,Drone,Ashok Leyland Defence,2017,24,Operational
EQ04154,SUP0221,Armored Vehicle,Armored Vehicle,Bharat Dynamics,2022,20,Operational
EQ04155,SUP0073,Drone,Drone,DRDO,2020,11,Maintenance
EQ04156,SUP0033,Tank,Tank,DRDO,2019,12,Operational
EQ04157,SUP0237,Radar,Radar,Mahindra Defence,2013,20,Operational
EQ04158,SUP0081,Radar,Radar,Ashok Leyland Defence,2006,25,Operational
EQ04159,SUP0168,Missile Launcher,Missile Launcher,Tata Advanced Systems,2005,28,Out of Service
EQ04160,SUP0022,Radar,Radar,HAL,2011,20,Operational
EQ04161,SUP0026,Drone,Drone,DRDO,2020,21,Operational
EQ04162,SUP0052,Missile Launcher,Missile Launcher,Tata Advanced Systems,2020,26,Operational
EQ04163,SUP0237,Generator,Generator,Mahindra Defence,2024,20,Operational
EQ04164,SUP0074,Tank,Tank,Mahindra Defence,2008,10,Out of Service
EQ04165,SUP0079,Tank,Tank,Ashok Leyland Defence,2009,17,Operational
EQ04166,SUP0161,Tank,Tank,HAL,2019,15,Operational
EQ04167,SUP0156,Generator,Generator,L&T Defence,2011,30,Operational
EQ04168,SUP0265,Radar,Radar,DRDO,2021,18,Operational
EQ04169,SUP0187,Generator,Generator,BEL,2005,19,Maintenance
EQ04170,SUP0215,Truck,Truck,DRDO,2024,21,Maintenance
EQ04171,SUP0278,Missile Launcher,Missile Launcher,Bharat Dynamics,2016,25,Operational
EQ04172,SUP0077,Truck,Truck,DRDO,2005,28,Out of Service
EQ04173,SUP0037,Missile Launcher,Missile Launcher,Mahindra Defence,2024,12,Operational
EQ04174,SUP0189,Armored Vehicle,Armored Vehicle,HAL,2018,13,Operational
EQ04175,SUP0077,Armored Vehicle,Armored Vehicle,DRDO,2011,22,Out of Service
EQ04176,SUP0039,Generator,Generator,Ashok Leyland Defence,2025,14,Operational
EQ04177,SUP0189,Radar,Radar,Tata Advanced Systems,2015,30,Operational
EQ04178,SUP0111,Missile Launcher,Missile Launcher,Ashok Leyland Defence,2013,27,Operational
EQ04179,SUP0241,Tank,Tank,Tata Advanced Systems,2016,14,Operational
EQ04180,SUP0232,Communication System,Communication System,Tata Advanced Systems,2009,30,Operational
EQ04181,SUP0220,Communication System,Communication System,Mahindra Defence,2021,11,Operational
EQ04182,SUP0247,Drone,Drone,L&T Defence,2025,19,Operational
EQ04183,SUP0280,Truck,Truck,BEL,2013,14,Out of Service
EQ04184,SUP0011,Armored Vehicle,Armored Vehicle,Ashok Leyland Defence,2017,15,Operational
EQ04185,SUP0037,Drone,Drone,BEL,2014,21,Operational
EQ04186,SUP0265,Tank,Tank,Bharat Dynamics,2008,16,Operational
EQ04187,SUP0141,Tank,Tank,Ashok Leyland Defence,2006,29,Maintenance
EQ04188,SUP0176,Truck,Truck,DRDO,2012,18,Out of Service
EQ04189,SUP0242,Tank,Tank,Bharat Dynamics,2011,27,Operational
EQ04190,SUP0028,Drone,Drone,DRDO,2018,13,Operational
EQ04191,SUP0061,Truck,Truck,Mahindra Defence,2025,14,Operational
EQ04192,SUP0290,Drone,Drone,Bharat Dynamics,2021,20,Operational
EQ04193,SUP0199,Radar,Radar,Bharat Dynamics,2013,29,Operational
EQ04194,SUP0092,Radar,Radar,Tata Advanced Systems,2025,11,Maintenance
EQ04195,SUP0150,Truck,Truck,Bharat Dynamics,2005,21,Operational
EQ04196,SUP0222,Truck,Truck,Bharat Dynamics,2010,14,Maintenance
EQ04197,SUP0238,Generator,Generator,DRDO,2014,12,Operational
EQ04198,SUP0020,Drone,Drone,Tata Advanced Systems,2005,21,Operational
EQ04199,SUP0103,Generator,Generator,DRDO,2024,25,Maintenance
EQ04200,SUP0083,Tank,Tank,L&T Defence,2007,14,Maintenance
EQ04201,SUP0115,Tank,Tank,L&T Defence,2009,18,Maintenance
EQ04202,SUP0262,Tank,Tank,Mahindra Defence,2010,30,Operational
EQ04203,SUP0209,Communication System,Communication System,L&T Defence,2011,17,Operational
EQ04204,SUP0240,Radar,Radar,Ashok Leyland Defence,2019,27,Maintenance
EQ04205,SUP0237,Generator,Generator,Bharat Dynamics,2011,21,Out of Service
EQ04206,SUP0112,Radar,Radar,BEL,2022,18,Operational
EQ04207,SUP0220,Truck,Truck,BEL,2010,19,Operational
EQ04208,SUP0067,Radar,Radar,BEL,2019,26,Operational
EQ04209,SUP0268,Generator,Generator,DRDO,2010,25,Out of Service
EQ04210,SUP0075,Generator,Generator,HAL,2010,16,Operational
EQ04211,SUP0287,Drone,Drone,Tata Advanced Systems,2020,11,Operational
EQ04212,SUP0208,Truck,Truck,Ashok Leyland Defence,2009,11,Maintenance
EQ04213,SUP0172,Missile Launcher,Missile Launcher,HAL,2006,15,Operational
EQ04214,SUP0091,Truck,Truck,BEL,2008,24,Out of Service
EQ04215,SUP0149,Tank,Tank,HAL,2011,18,Operational
EQ04216,SUP0005,Communication System,Communication System,L&T Defence,2018,26,Operational
EQ04217,SUP0188,Communication System,Communication System,DRDO,2020,12,Operational
EQ04218,SUP0145,Tank,Tank,Bharat Dynamics,2006,11,Maintenance
EQ04219,SUP0088,Armored Vehicle,Armored Vehicle,L&T Defence,2011,29,Operational
EQ04220,SUP0033,Drone,Drone,Ashok Leyland Defence,2007,27,Out of Service
EQ04221,SUP0091,Tank,Tank,Bharat Dynamics,2018,24,Operational
EQ04222,SUP0115,Radar,Radar,Tata Advanced Systems,2013,15,Operational
EQ04223,SUP0294,Armored Vehicle,Armored Vehicle,L&T Defence,2020,20,Operational
EQ04224,SUP0063,Drone,Drone,L&T Defence,2021,17,Operational
EQ04225,SUP0271,Radar,Radar,L&T Defence,2008,27,Maintenance
EQ04226,SUP0180,Missile Launcher,Missile Launcher,Bharat Dynamics,2015,11,Operational
EQ04227,SUP0266,Radar,Radar,HAL,2024,28,Maintenance
EQ04228,SUP0115,Tank,Tank,Tata Advanced Systems,2017,10,Operational
EQ04229,SUP0161,Radar,Radar,DRDO,2017,20,Maintenance
EQ04230,SUP0135,Generator,Generator,HAL,2012,11,Operational
EQ04231,SUP0075,Drone,Drone,HAL,2021,12,Operational
EQ04232,SUP0100,Missile Launcher,Missile Launcher,DRDO,2017,11,Operational
EQ04233,SUP0282,Drone,Drone,HAL,2018,27,Maintenance
EQ04234,SUP0271,Radar,Radar,Tata Advanced Systems,2015,10,Operational
EQ04235,SUP0199,Truck,Truck,DRDO,2017,23,Operational
EQ04236,SUP0288,Radar,Radar,Tata Advanced Systems,2016,12,Operational
EQ04237,SUP0225,Tank,Tank,DRDO,2012,20,Maintenance
EQ04238,SUP0014,Drone,Drone,BEL,2005,20,Operational
EQ04239,SUP0236,Armored Vehicle,Armored Vehicle,HAL,2019,29,Operational
EQ04240,SUP0132,Tank,Tank,Ashok Leyland Defence,2010,12,Out of Service
EQ04241,SUP0158,Drone,Drone,Ashok Leyland Defence,2015,16,Operational
EQ04242,SUP0191,Generator,Generator,Ashok Leyland Defence,2009,29,Maintenance
EQ04243,SUP0171,Tank,Tank,Mahindra Defence,2017,17,Operational
EQ04244,SUP0069,Armored Vehicle,Armored Vehicle,L&T Defence,2008,19,Operational
EQ04245,SUP0123,Missile Launcher,Missile Launcher,DRDO,2012,21,Maintenance
EQ04246,SUP0277,Missile Launcher,Missile Launcher,Tata Advanced Systems,2007,23,Operational
EQ04247,SUP0261,Generator,Generator,DRDO,2005,26,Maintenance
EQ04248,SUP0178,Generator,Generator,Mahindra Defence,2024,27,Operational
EQ04249,SUP0295,Armored Vehicle,Armored Vehicle,HAL,2015,24,Operational
EQ04250,SUP0027,Missile Launcher,Missile Launcher,L&T Defence,2016,12,Operational
EQ04251,SUP0137,Radar,Radar,Ashok Leyland Defence,2017,23,Operational
EQ04252,SUP0282,Drone,Drone,DRDO,2018,16,Operational
EQ04253,SUP0214,Communication System,Communication System,BEL,2011,28,Operational
EQ04254,SUP0270,Missile Launcher,Missile Launcher,Tata Advanced Systems,2008,23,Maintenance
EQ04255,SUP0055,Truck,Truck,BEL,2005,20,Maintenance
EQ04256,SUP0025,Communication System,Communication System,L&T Defence,2024,23,Operational
EQ04257,SUP0077,Armored Vehicle,Armored Vehicle,DRDO,2007,24,Maintenance
EQ04258,SUP0130,Missile Launcher,Missile Launcher,Tata Advanced Systems,2021,15,Operational
EQ04259,SUP0041,Drone,Drone,HAL,2020,13,Operational
EQ04260,SUP0234,Tank,Tank,HAL,2009,30,Operational
EQ04261,SUP0100,Tank,Tank,Mahindra Defence,2017,16,Operational
EQ04262,SUP0265,Radar,Radar,Bharat Dynamics,2021,11,Operational
EQ04263,SUP0047,Tank,Tank,L&T Defence,2025,12,Operational
EQ04264,SUP0091,Generator,Generator,L&T Defence,2007,17,Operational
EQ04265,SUP0015,Drone,Drone,Bharat Dynamics,2022,13,Operational
EQ04266,SUP0042,Generator,Generator,BEL,2016,22,Operational
EQ04267,SUP0112,Armored Vehicle,Armored Vehicle,L&T Defence,2020,25,Operational
EQ04268,SUP0104,Truck,Truck,L&T Defence,2018,11,Operational
EQ04269,SUP0208,Armored Vehicle,Armored Vehicle,Mahindra Defence,2015,13,Operational
EQ04270,SUP0158,Communication System,Communication System,L&T Defence,2017,17,Maintenance
EQ04271,SUP0298,Truck,Truck,HAL,2015,10,Out of Service
EQ04272,SUP0198,Generator,Generator,HAL,2017,27,Maintenance
EQ04273,SUP0188,Armored Vehicle,Armored Vehicle,HAL,2017,15,Operational
EQ04274,SUP0094,Truck,Truck,DRDO,2023,18,Maintenance
EQ04275,SUP0200,Generator,Generator,L&T Defence,2007,15,Operational
EQ04276,SUP0002,Generator,Generator,Ashok Leyland Defence,2021,30,Operational
EQ04277,SUP0025,Missile Launcher,Missile Launcher,BEL,2015,29,Operational
EQ04278,SUP0167,Radar,Radar,BEL,2023,29,Operational
EQ04279,SUP0239,Communication System,Communication System,Mahindra Defence,2005,30,Operational
EQ04280,SUP0262,Armored Vehicle,Armored Vehicle,Ashok Leyland Defence,2022,13,Operational
EQ04281,SUP0102,Tank,Tank,Bharat Dynamics,2011,16,Operational
EQ04282,SUP0146,Tank,Tank,Mahindra Defence,2020,14,Operational
EQ04283,SUP0056,Radar,Radar,BEL,2025,28,Operational
EQ04284,SUP0030,Drone,Drone,Tata Advanced Systems,2006,10,Operational
EQ04285,SUP0042,Armored Vehicle,Armored Vehicle,Bharat Dynamics,2019,26,Out of Service
EQ04286,SUP0162,Radar,Radar,Tata Advanced Systems,2011,23,Operational
EQ04287,SUP0125,Radar,Radar,Ashok Leyland Defence,2023,11,Operational
EQ04288,SUP0011,Communication System,Communication System,Ashok Leyland Defence,2011,12,Operational
EQ04289,SUP0098,Tank,Tank,L&T Defence,2014,16,Operational
EQ04290,SUP0187,Radar,Radar,Bharat Dynamics,2007,13,Operational
EQ04291,SUP0040,Armored Vehicle,Armored Vehicle,Mahindra Defence,2012,22,Operational
EQ04292,SUP0134,Drone,Drone,Tata Advanced Systems,2013,10,Operational
EQ04293,SUP0008,Radar,Radar,L&T Defence,2023,25,Operational
EQ04294,SUP0239,Communication System,Communication System,L&T Defence,2013,19,Operational
EQ04295,SUP0084,Truck,Truck,Ashok Leyland Defence,2019,24,Operational
EQ04296,SUP0237,Generator,Generator,DRDO,2006,17,Maintenance
EQ04297,SUP0069,Radar,Radar,Ashok Leyland Defence,2021,12,Operational
EQ04298,SUP0138,Generator,Generator,Mahindra Defence,2005,29,Operational
EQ04299,SUP0090,Generator,Generator,DRDO,2005,21,Operational
EQ04300,SUP0230,Communication System,Communication System,DRDO,2016,16,Operational
EQ04301,SUP0012,Radar,Radar,Bharat Dynamics,2022,16,Operational
EQ04302,SUP0246,Tank,Tank,BEL,2009,23,Maintenance
EQ04303,SUP0205,Drone,Drone,Mahindra Defence,2006,22,Maintenance
EQ04304,SUP0098,Generator,Generator,Bharat Dynamics,2021,18,Operational
EQ04305,SUP0209,Armored Vehicle,Armored Vehicle,Tata Advanced Systems,2005,22,Out of Service
EQ04306,SUP0101,Armored Vehicle,Armored Vehicle,Bharat Dynamics,2016,21,Out of Service
EQ04307,SUP0133,Missile Launcher,Missile Launcher,L&T Defence,2024,13,Operational
EQ04308,SUP0183,Radar,Radar,HAL,2011,17,Maintenance
EQ04309,SUP0189,Communication System,Communication System,Ashok Leyland Defence,2015,29,Operational
EQ04310,SUP0240,Armored Vehicle,Armored Vehicle,HAL,2022,30,Operational
EQ04311,SUP0255,Communication System,Communication System,HAL,2024,14,Operational
EQ04312,SUP0023,Missile Launcher,Missile Launcher,Bharat Dynamics,2008,23,Operational
EQ04313,SUP0052,Missile Launcher,Missile Launcher,Tata Advanced Systems,2017,30,Operational
EQ04314,SUP0174,Missile Launcher,Missile Launcher,L&T Defence,2016,21,Operational
EQ04315,SUP0262,Tank,Tank,DRDO,2008,25,Operational
EQ04316,SUP0070,Communication System,Communication System,DRDO,2007,20,Maintenance
EQ04317,SUP0036,Drone,Drone,DRDO,2025,10,Operational
EQ04318,SUP0002,Communication System,Communication System,Mahindra Defence,2019,22,Operational
EQ04319,SUP0214,Drone,Drone,Bharat Dynamics,2020,23,Operational
EQ04320,SUP0077,Generator,Generator,BEL,2017,22,Operational
EQ04321,SUP0033,Missile Launcher,Missile Launcher,Ashok Leyland Defence,2010,23,Out of Service
EQ04322,SUP0249,Missile Launcher,Missile Launcher,Tata Advanced Systems,2009,18,Maintenance
EQ04323,SUP0094,Truck,Truck,Bharat Dynamics,2011,28,Operational
EQ04324,SUP0068,Drone,Drone,L&T Defence,2021,11,Operational
EQ04325,SUP0270,Missile Launcher,Missile Launcher,Mahindra Defence,2016,24,Maintenance
EQ04326,SUP0032,Truck,Truck,L&T Defence,2005,20,Maintenance
EQ04327,SUP0086,Drone,Drone,BEL,2022,16,Maintenance
EQ04328,SUP0277,Radar,Radar,HAL,2013,21,Operational
EQ04329,SUP0239,Communication System,Communication System,Bharat Dynamics,2022,10,Operational
EQ04330,SUP0026,Radar,Radar,HAL,2022,30,Operational
EQ04331,SUP0154,Tank,Tank,HAL,2005,28,Out of Service
EQ04332,SUP0101,Armored Vehicle,Armored Vehicle,Mahindra Defence,2021,25,Operational
EQ04333,SUP0201,Truck,Truck,DRDO,2005,15,Operational
EQ04334,SUP0234,Communication System,Communication System,Ashok Leyland Defence,2007,21,Operational
EQ04335,SUP0163,Drone,Drone,HAL,2015,11,Operational
EQ04336,SUP0230,Communication System,Communication System,L&T Defence,2019,16,Operational
EQ04337,SUP0026,Armored Vehicle,Armored Vehicle,Ashok Leyland Defence,2019,20,Operational
EQ04338,SUP0299,Communication System,Communication System,HAL,2008,28,Maintenance
EQ04339,SUP0185,Communication System,Communication System,BEL,2005,24,Maintenance
EQ04340,SUP0250,Truck,Truck,BEL,2008,15,Maintenance
EQ04341,SUP0145,Truck,Truck,DRDO,2023,30,Operational
EQ04342,SUP0269,Armored Vehicle,Armored Vehicle,Ashok Leyland Defence,2013,22,Operational
EQ04343,SUP0192,Tank,Tank,L&T Defence,2011,17,Operational
EQ04344,SUP0049,Armored Vehicle,Armored Vehicle,L&T Defence,2016,14,Operational
EQ04345,SUP0082,Drone,Drone,Tata Advanced Systems,2021,18,Maintenance
EQ04346,SUP0050,Generator,Generator,Mahindra Defence,2017,19,Operational
EQ04347,SUP0120,Radar,Radar,BEL,2024,21,Operational
EQ04348,SUP0153,Truck,Truck,Mahindra Defence,2005,11,Operational
EQ04349,SUP0271,Communication System,Communication System,Tata Advanced Systems,2016,12,Operational
EQ04350,SUP0101,Generator,Generator,Tata Advanced Systems,2012,28,Operational
EQ04351,SUP0145,Tank,Tank,Bharat Dynamics,2012,15,Maintenance
EQ04352,SUP0083,Truck,Truck,L&T Defence,2010,25,Operational
EQ04353,SUP0193,Communication System,Communication System,BEL,2015,27,Operational
EQ04354,SUP0142,Communication System,Communication System,L&T Defence,2025,23,Operational
EQ04355,SUP0028,Generator,Generator,L&T Defence,2011,27,Operational
EQ04356,SUP0147,Generator,Generator,BEL,2009,16,Operational
EQ04357,SUP0236,Radar,Radar,Tata Advanced Systems,2020,17,Operational
EQ04358,SUP0146,Drone,Drone,Bharat Dynamics,2017,22,Maintenance
EQ04359,SUP0027,Generator,Generator,HAL,2005,21,Maintenance
EQ04360,SUP0269,Drone,Drone,Bharat Dynamics,2014,15,Operational
EQ04361,SUP0245,Armored Vehicle,Armored Vehicle,HAL,2020,29,Operational
EQ04362,SUP0081,Radar,Radar,L&T Defence,2006,28,Maintenance
EQ04363,SUP0295,Armored Vehicle,Armored Vehicle,DRDO,2023,15,Operational
EQ04364,SUP0032,Tank,Tank,DRDO,2018,16,Operational
EQ04365,SUP0175,Truck,Truck,BEL,2017,30,Out of Service
EQ04366,SUP0273,Communication System,Communication System,L&T Defence,2017,15,Operational
EQ04367,SUP0219,Generator,Generator,BEL,2013,21,Operational
EQ04368,SUP0146,Armored Vehicle,Armored Vehicle,L&T Defence,2012,20,Operational
EQ04369,SUP0069,Radar,Radar,Tata Advanced Systems,2014,13,Operational
EQ04370,SUP0234,Radar,Radar,Bharat Dynamics,2012,12,Operational
EQ04371,SUP0085,Communication System,Communication System,HAL,2013,20,Operational
EQ04372,SUP0226,Radar,Radar,HAL,2023,22,Operational
EQ04373,SUP0268,Truck,Truck,Tata Advanced Systems,2006,27,Out of Service
EQ04374,SUP0198,Tank,Tank,Tata Advanced Systems,2025,10,Operational
EQ04375,SUP0268,Tank,Tank,HAL,2018,13,Operational
EQ04376,SUP0110,Drone,Drone,Tata Advanced Systems,2025,10,Maintenance
EQ04377,SUP0143,Truck,Truck,Bharat Dynamics,2023,14,Operational
EQ04378,SUP0234,Communication System,Communication System,DRDO,2018,18,Operational
EQ04379,SUP0134,Tank,Tank,BEL,2018,25,Operational
EQ04380,SUP0258,Communication System,Communication System,HAL,2023,28,Operational
EQ04381,SUP0252,Generator,Generator,L&T Defence,2014,30,Operational
EQ04382,SUP0122,Tank,Tank,HAL,2006,17,Maintenance
EQ04383,SUP0048,Generator,Generator,L&T Defence,2013,17,Operational
EQ04384,SUP0038,Missile Launcher,Missile Launcher,Bharat Dynamics,2013,14,Operational
EQ04385,SUP0275,Generator,Generator,Mahindra Defence,2014,23,Operational
EQ04386,SUP0250,Drone,Drone,Bharat Dynamics,2010,24,Operational
EQ04387,SUP0162,Truck,Truck,HAL,2022,13,Operational
EQ04388,SUP0026,Generator,Generator,BEL,2020,10,Operational
EQ04389,SUP0202,Communication System,Communication System,Ashok Leyland Defence,2018,29,Out of Service
EQ04390,SUP0238,Armored Vehicle,Armored Vehicle,HAL,2014,20,Operational
EQ04391,SUP0214,Generator,Generator,Bharat Dynamics,2005,27,Operational
EQ04392,SUP0166,Generator,Generator,DRDO,2018,14,Operational
EQ04393,SUP0015,Missile Launcher,Missile Launcher,DRDO,2008,16,Operational
EQ04394,SUP0163,Drone,Drone,Ashok Leyland Defence,2017,29,Operational
EQ04395,SUP0085,Drone,Drone,Tata Advanced Systems,2017,24,Maintenance
EQ04396,SUP0235,Radar,Radar,L&T Defence,2024,22,Operational
EQ04397,SUP0156,Communication System,Communication System,BEL,2011,19,Operational
EQ04398,SUP0208,Missile Launcher,Missile Launcher,Ashok Leyland Defence,2022,25,Operational
EQ04399,SUP0145,Tank,Tank,Bharat Dynamics,2008,16,Maintenance
EQ04400,SUP0268,Armored Vehicle,Armored Vehicle,Bharat Dynamics,2023,17,Operational
EQ04401,SUP0013,Drone,Drone,Bharat Dynamics,2024,30,Operational
EQ04402,SUP0154,Armored Vehicle,Armored Vehicle,Tata Advanced Systems,2017,21,Operational
EQ04403,SUP0016,Armored Vehicle,Armored Vehicle,BEL,2011,12,Maintenance
EQ04404,SUP0283,Drone,Drone,HAL,2025,29,Operational
EQ04405,SUP0155,Armored Vehicle,Armored Vehicle,L&T Defence,2024,29,Operational
EQ04406,SUP0264,Truck,Truck,Ashok Leyland Defence,2012,23,Operational
EQ04407,SUP0188,Radar,Radar,Ashok Leyland Defence,2010,24,Out of Service
EQ04408,SUP0234,Armored Vehicle,Armored Vehicle,Ashok Leyland Defence,2006,15,Out of Service
EQ04409,SUP0164,Generator,Generator,BEL,2013,16,Maintenance
EQ04410,SUP0152,Generator,Generator,Tata Advanced Systems,2023,26,Operational
EQ04411,SUP0269,Generator,Generator,Tata Advanced Systems,2025,17,Maintenance
EQ04412,SUP0041,Communication System,Communication System,HAL,2006,12,Operational
EQ04413,SUP0273,Generator,Generator,L&T Defence,2019,25,Operational
EQ04414,SUP0129,Truck,Truck,Ashok Leyland Defence,2011,17,Operational
EQ04415,SUP0254,Tank,Tank,Tata Advanced Systems,2006,29,Operational
EQ04416,SUP0291,Communication System,Communication System,BEL,2015,21,Operational
EQ04417,SUP0166,Tank,Tank,Mahindra Defence,2012,28,Maintenance
EQ04418,SUP0043,Communication System,Communication System,BEL,2019,26,Operational
EQ04419,SUP0059,Tank,Tank,HAL,2011,26,Operational
EQ04420,SUP0042,Tank,Tank,L&T Defence,2022,24,Operational
EQ04421,SUP0157,Tank,Tank,HAL,2020,10,Operational
EQ04422,SUP0077,Truck,Truck,Bharat Dynamics,2018,18,Operational
EQ04423,SUP0183,Radar,Radar,DRDO,2021,11,Operational
EQ04424,SUP0292,Missile Launcher,Missile Launcher,Tata Advanced Systems,2021,27,Operational
EQ04425,SUP0113,Radar,Radar,Tata Advanced Systems,2008,21,Operational
EQ04426,SUP0216,Missile Launcher,Missile Launcher,BEL,2005,14,Operational
EQ04427,SUP0271,Generator,Generator,Bharat Dynamics,2013,13,Operational
EQ04428,SUP0067,Drone,Drone,DRDO,2020,21,Operational
EQ04429,SUP0056,Generator,Generator,Bharat Dynamics,2016,29,Operational
EQ04430,SUP0248,Drone,Drone,HAL,2014,13,Operational
EQ04431,SUP0268,Armored Vehicle,Armored Vehicle,L&T Defence,2015,16,Operational
EQ04432,SUP0093,Missile Launcher,Missile Launcher,Mahindra Defence,2007,18,Out of Service
EQ04433,SUP0186,Truck,Truck,HAL,2024,28,Operational
EQ04434,SUP0058,Communication System,Communication System,Tata Advanced Systems,2009,30,Maintenance
EQ04435,SUP0259,Missile Launcher,Missile Launcher,BEL,2015,30,Operational
EQ04436,SUP0292,Armored Vehicle,Armored Vehicle,DRDO,2017,19,Operational
EQ04437,SUP0182,Missile Launcher,Missile Launcher,Tata Advanced Systems,2022,15,Operational
EQ04438,SUP0084,Tank,Tank,Mahindra Defence,2020,18,Out of Service
EQ04439,SUP0004,Armored Vehicle,Armored Vehicle,L&T Defence,2018,11,Operational
EQ04440,SUP0283,Communication System,Communication System,Tata Advanced Systems,2025,10,Operational
EQ04441,SUP0233,Missile Launcher,Missile Launcher,DRDO,2019,20,Operational
EQ04442,SUP0022,Missile Launcher,Missile Launcher,L&T Defence,2013,30,Operational
EQ04443,SUP0106,Communication System,Communication System,Bharat Dynamics,2018,30,Operational
EQ04444,SUP0299,Tank,Tank,L&T Defence,2019,24,Operational
EQ04445,SUP0174,Truck,Truck,Bharat Dynamics,2024,19,Out of Service
EQ04446,SUP0192,Communication System,Communication System,L&T Defence,2005,19,Operational
EQ04447,SUP0036,Tank,Tank,Bharat Dynamics,2011,20,Operational
EQ04448,SUP0059,Drone,Drone,Tata Advanced Systems,2024,22,Operational
EQ04449,SUP0066,Radar,Radar,Bharat Dynamics,2019,13,Operational
EQ04450,SUP0263,Generator,Generator,DRDO,2010,16,Maintenance
EQ04451,SUP0086,Tank,Tank,DRDO,2025,26,Operational
EQ04452,SUP0262,Drone,Drone,Mahindra Defence,2009,12,Operational
EQ04453,SUP0162,Missile Launcher,Missile Launcher,BEL,2016,20,Operational
EQ04454,SUP0143,Radar,Radar,BEL,2025,17,Operational
EQ04455,SUP0179,Generator,Generator,Bharat Dynamics,2005,16,Operational
EQ04456,SUP0259,Armored Vehicle,Armored Vehicle,Tata Advanced Systems,2005,27,Out of Service
EQ04457,SUP0100,Armored Vehicle,Armored Vehicle,HAL,2012,28,Operational
EQ04458,SUP0064,Armored Vehicle,Armored Vehicle,HAL,2018,29,Operational
EQ04459,SUP0021,Missile Launcher,Missile Launcher,Ashok Leyland Defence,2010,22,Out of Service
EQ04460,SUP0108,Armored Vehicle,Armored Vehicle,BEL,2024,17,Operational
EQ04461,SUP0172,Missile Launcher,Missile Launcher,Ashok Leyland Defence,2025,23,Maintenance
EQ04462,SUP0027,Tank,Tank,L&T Defence,2018,28,Operational
EQ04463,SUP0268,Tank,Tank,DRDO,2010,26,Out of Service
EQ04464,SUP0228,Radar,Radar,HAL,2015,12,Operational
EQ04465,SUP0088,Drone,Drone,DRDO,2006,25,Out of Service
EQ04466,SUP0012,Armored Vehicle,Armored Vehicle,Ashok Leyland Defence,2013,12,Operational
EQ04467,SUP0073,Drone,Drone,DRDO,2025,20,Operational
EQ04468,SUP0231,Truck,Truck,Tata Advanced Systems,2024,14,Operational
EQ04469,SUP0290,Drone,Drone,Ashok Leyland Defence,2016,26,Operational
EQ04470,SUP0164,Missile Launcher,Missile Launcher,Tata Advanced Systems,2023,12,Operational
EQ04471,SUP0228,Generator,Generator,Bharat Dynamics,2014,10,Operational
EQ04472,SUP0077,Drone,Drone,L&T Defence,2018,26,Out of Service
EQ04473,SUP0023,Armored Vehicle,Armored Vehicle,Mahindra Defence,2014,30,Operational
EQ04474,SUP0079,Communication System,Communication System,Bharat Dynamics,2011,24,Operational
EQ04475,SUP0105,Armored Vehicle,Armored Vehicle,Tata Advanced Systems,2006,11,Operational
EQ04476,SUP0139,Communication System,Communication System,HAL,2015,27,Operational
EQ04477,SUP0081,Drone,Drone,BEL,2025,17,Operational
EQ04478,SUP0092,Armored Vehicle,Armored Vehicle,DRDO,2019,27,Operational
EQ04479,SUP0112,Truck,Truck,Tata Advanced Systems,2005,30,Operational
EQ04480,SUP0081,Missile Launcher,Missile Launcher,Tata Advanced Systems,2016,21,Operational
EQ04481,SUP0289,Generator,Generator,Mahindra Defence,2015,18,Operational
EQ04482,SUP0238,Communication System,Communication System,L&T Defence,2025,24,Operational
EQ04483,SUP0227,Radar,Radar,Tata Advanced Systems,2009,22,Maintenance
EQ04484,SUP0196,Communication System,Communication System,L&T Defence,2007,13,Operational
EQ04485,SUP0174,Generator,Generator,BEL,2021,16,Operational
EQ04486,SUP0239,Tank,Tank,HAL,2005,12,Maintenance
EQ04487,SUP0105,Truck,Truck,Mahindra Defence,2012,14,Operational
EQ04488,SUP0162,Generator,Generator,Mahindra Defence,2017,13,Operational
EQ04489,SUP0267,Generator,Generator,Tata Advanced Systems,2007,23,Out of Service
EQ04490,SUP0263,Communication System,Communication System,BEL,2019,19,Maintenance
EQ04491,SUP0062,Armored Vehicle,Armored Vehicle,Ashok Leyland Defence,2015,14,Operational
EQ04492,SUP0026,Generator,Generator,BEL,2005,11,Out of Service
EQ04493,SUP0165,Missile Launcher,Missile Launcher,BEL,2019,10,Operational
EQ04494,SUP0241,Communication System,Communication System,L&T Defence,2010,26,Operational
EQ04495,SUP0200,Generator,Generator,Tata Advanced Systems,2025,23,Operational
EQ04496,SUP0232,Communication System,Communication System,BEL,2015,16,Operational
EQ04497,SUP0154,Generator,Generator,Ashok Leyland Defence,2017,26,Operational
EQ04498,SUP0300,Communication System,Communication System,L&T Defence,2005,19,Maintenance
EQ04499,SUP0211,Armored Vehicle,Armored Vehicle,DRDO,2023,29,Operational
EQ04500,SUP0072,Generator,Generator,Mahindra Defence,2017,23,Maintenance
EQ04501,SUP0110,Drone,Drone,BEL,2013,12,Operational
EQ04502,SUP0049,Radar,Radar,Ashok Leyland Defence,2017,18,Maintenance
EQ04503,SUP0048,Missile Launcher,Missile Launcher,DRDO,2017,16,Operational
EQ04504,SUP0095,Communication System,Communication System,HAL,2010,19,Maintenance
EQ04505,SUP0129,Generator,Generator,HAL,2009,29,Operational
EQ04506,SUP0061,Truck,Truck,Tata Advanced Systems,2011,23,Operational
EQ04507,SUP0010,Tank,Tank,Tata Advanced Systems,2022,21,Out of Service
EQ04508,SUP0243,Generator,Generator,Mahindra Defence,2025,20,Operational
EQ04509,SUP0173,Drone,Drone,Tata Advanced Systems,2006,13,Maintenance
EQ04510,SUP0207,Truck,Truck,Ashok Leyland Defence,2022,26,Maintenance
EQ04511,SUP0011,Generator,Generator,Bharat Dynamics,2009,27,Operational
EQ04512,SUP0208,Tank,Tank,Ashok Leyland Defence,2020,19,Operational
EQ04513,SUP0154,Truck,Truck,Bharat Dynamics,2023,27,Operational
EQ04514,SUP0047,Missile Launcher,Missile Launcher,Ashok Leyland Defence,2013,13,Operational
EQ04515,SUP0179,Tank,Tank,HAL,2012,14,Operational
EQ04516,SUP0282,Generator,Generator,Ashok Leyland Defence,2012,25,Operational
EQ04517,SUP0091,Drone,Drone,L&T Defence,2007,17,Operational
EQ04518,SUP0191,Armored Vehicle,Armored Vehicle,BEL,2013,13,Operational
EQ04519,SUP0016,Missile Launcher,Missile Launcher,Mahindra Defence,2013,14,Out of Service
EQ04520,SUP0149,Missile Launcher,Missile Launcher,L&T Defence,2012,13,Operational
EQ04521,SUP0181,Armored Vehicle,Armored Vehicle,Bharat Dynamics,2020,12,Operational
EQ04522,SUP0043,Communication System,Communication System,DRDO,2008,29,Maintenance
EQ04523,SUP0032,Radar,Radar,BEL,2023,21,Operational
EQ04524,SUP0153,Armored Vehicle,Armored Vehicle,Ashok Leyland Defence,2023,22,Operational
EQ04525,SUP0138,Communication System,Communication System,DRDO,2013,30,Operational
EQ04526,SUP0257,Truck,Truck,Mahindra Defence,2023,26,Operational
EQ04527,SUP0106,Radar,Radar,Bharat Dynamics,2009,16,Operational
EQ04528,SUP0130,Drone,Drone,BEL,2018,27,Operational
EQ04529,SUP0274,Drone,Drone,Bharat Dynamics,2013,10,Operational
EQ04530,SUP0284,Truck,Truck,L&T Defence,2019,12,Operational
EQ04531,SUP0205,Truck,Truck,DRDO,2020,29,Operational
EQ04532,SUP0243,Tank,Tank,Mahindra Defence,2016,22,Operational
EQ04533,SUP0110,Radar,Radar,Mahindra Defence,2008,22,Maintenance
EQ04534,SUP0249,Armored Vehicle,Armored Vehicle,DRDO,2022,23,Operational
EQ04535,SUP0135,Missile Launcher,Missile Launcher,DRDO,2025,19,Operational
EQ04536,SUP0144,Armored Vehicle,Armored Vehicle,Tata Advanced Systems,2008,19,Operational
EQ04537,SUP0135,Communication System,Communication System,HAL,2014,27,Operational
EQ04538,SUP0280,Drone,Drone,L&T Defence,2017,21,Operational
EQ04539,SUP0135,Generator,Generator,BEL,2009,27,Maintenance
EQ04540,SUP0263,Missile Launcher,Missile Launcher,DRDO,2007,27,Operational
EQ04541,SUP0154,Tank,Tank,L&T Defence,2014,12,Operational
EQ04542,SUP0209,Missile Launcher,Missile Launcher,HAL,2022,22,Operational
EQ04543,SUP0008,Tank,Tank,BEL,2010,20,Operational
EQ04544,SUP0149,Radar,Radar,Tata Advanced Systems,2005,29,Maintenance
EQ04545,SUP0003,Communication System,Communication System,L&T Defence,2006,20,Out of Service
EQ04546,SUP0280,Armored Vehicle,Armored Vehicle,HAL,2023,17,Operational
EQ04547,SUP0267,Armored Vehicle,Armored Vehicle,DRDO,2007,14,Maintenance
EQ04548,SUP0047,Missile Launcher,Missile Launcher,DRDO,2021,17,Operational
EQ04549,SUP0266,Missile Launcher,Missile Launcher,Ashok Leyland Defence,2012,27,Operational
EQ04550,SUP0284,Drone,Drone,BEL,2022,29,Operational
EQ04551,SUP0048,Truck,Truck,Tata Advanced Systems,2017,24,Operational
EQ04552,SUP0266,Armored Vehicle,Armored Vehicle,BEL,2023,19,Operational
EQ04553,SUP0065,Armored Vehicle,Armored Vehicle,Tata Advanced Systems,2006,19,Operational
EQ04554,SUP0139,Truck,Truck,L&T Defence,2010,19,Operational
EQ04555,SUP0053,Drone,Drone,DRDO,2012,16,Operational
EQ04556,SUP0074,Armored Vehicle,Armored Vehicle,Tata Advanced Systems,2006,16,Operational
EQ04557,SUP0073,Missile Launcher,Missile Launcher,DRDO,2014,23,Operational
EQ04558,SUP0036,Tank,Tank,Tata Advanced Systems,2007,26,Operational
EQ04559,SUP0087,Armored Vehicle,Armored Vehicle,Bharat Dynamics,2010,26,Operational
EQ04560,SUP0107,Tank,Tank,Bharat Dynamics,2006,25,Operational
EQ04561,SUP0085,Tank,Tank,Tata Advanced Systems,2005,30,Operational
EQ04562,SUP0076,Radar,Radar,HAL,2013,25,Operational
EQ04563,SUP0221,Communication System,Communication System,Ashok Leyland Defence,2022,14,Operational
EQ04564,SUP0154,Generator,Generator,L&T Defence,2010,30,Out of Service
EQ04565,SUP0257,Radar,Radar,HAL,2007,12,Operational
EQ04566,SUP0265,Communication System,Communication System,DRDO,2018,27,Maintenance
EQ04567,SUP0051,Armored Vehicle,Armored Vehicle,Tata Advanced Systems,2015,25,Operational
EQ04568,SUP0272,Generator,Generator,L&T Defence,2005,15,Maintenance
EQ04569,SUP0297,Communication System,Communication System,BEL,2011,16,Operational
EQ04570,SUP0150,Armored Vehicle,Armored Vehicle,Tata Advanced Systems,2006,26,Maintenance
EQ04571,SUP0017,Drone,Drone,DRDO,2025,21,Operational
EQ04572,SUP0113,Truck,Truck,Tata Advanced Systems,2006,18,Maintenance
EQ04573,SUP0221,Drone,Drone,Tata Advanced Systems,2020,17,Out of Service
EQ04574,SUP0015,Tank,Tank,L&T Defence,2005,10,Operational
EQ04575,SUP0260,Communication System,Communication System,L&T Defence,2016,15,Operational
EQ04576,SUP0129,Generator,Generator,Ashok Leyland Defence,2007,18,Maintenance
EQ04577,SUP0060,Radar,Radar,HAL,2019,14,Operational
EQ04578,SUP0191,Tank,Tank,Ashok Leyland Defence,2025,24,Out of Service
EQ04579,SUP0104,Truck,Truck,DRDO,2023,25,Operational
EQ04580,SUP0105,Drone,Drone,DRDO,2020,16,Operational
EQ04581,SUP0273,Drone,Drone,Tata Advanced Systems,2010,11,Out of Service
EQ04582,SUP0018,Truck,Truck,HAL,2014,25,Operational
EQ04583,SUP0223,Missile Launcher,Missile Launcher,Mahindra Defence,2012,23,Operational
EQ04584,SUP0156,Missile Launcher,Missile Launcher,Tata Advanced Systems,2022,13,Operational
EQ04585,SUP0263,Communication System,Communication System,L&T Defence,2017,26,Operational
EQ04586,SUP0078,Drone,Drone,DRDO,2022,13,Operational
EQ04587,SUP0225,Missile Launcher,Missile Launcher,Tata Advanced Systems,2011,11,Maintenance
EQ04588,SUP0010,Tank,Tank,HAL,2015,25,Operational
EQ04589,SUP0153,Radar,Radar,Tata Advanced Systems,2013,19,Maintenance
EQ04590,SUP0092,Communication System,Communication System,Tata Advanced Systems,2019,28,Operational
EQ04591,SUP0190,Radar,Radar,L&T Defence,2025,22,Operational
EQ04592,SUP0287,Generator,Generator,L&T Defence,2021,19,Operational
EQ04593,SUP0054,Truck,Truck,Ashok Leyland Defence,2023,10,Operational
EQ04594,SUP0189,Tank,Tank,HAL,2015,17,Maintenance
EQ04595,SUP0175,Radar,Radar,Tata Advanced Systems,2025,30,Operational
EQ04596,SUP0032,Communication System,Communication System,Tata Advanced Systems,2018,21,Operational
EQ04597,SUP0011,Communication System,Communication System,Ashok Leyland Defence,2023,22,Maintenance
EQ04598,SUP0300,Tank,Tank,Bharat Dynamics,2013,25,Operational
EQ04599,SUP0050,Generator,Generator,Bharat Dynamics,2015,27,Operational
EQ04600,SUP0196,Armored Vehicle,Armored Vehicle,HAL,2014,30,Operational
EQ04601,SUP0121,Radar,Radar,BEL,2011,12,Out of Service
EQ04602,SUP0135,Tank,Tank,Mahindra Defence,2013,21,Operational
EQ04603,SUP0216,Truck,Truck,Mahindra Defence,2019,16,Operational
EQ04604,SUP0053,Generator,Generator,Mahindra Defence,2018,25,Operational
EQ04605,SUP0009,Drone,Drone,DRDO,2006,29,Maintenance
EQ04606,SUP0225,Tank,Tank,Mahindra Defence,2013,14,Operational
EQ04607,SUP0264,Generator,Generator,HAL,2024,18,Operational
EQ04608,SUP0296,Radar,Radar,HAL,2016,10,Operational
EQ04609,SUP0169,Radar,Radar,L&T Defence,2009,23,Maintenance
EQ04610,SUP0165,Tank,Tank,DRDO,2007,21,Out of Service
EQ04611,SUP0123,Armored Vehicle,Armored Vehicle,DRDO,2006,20,Operational
EQ04612,SUP0296,Missile Launcher,Missile Launcher,Ashok Leyland Defence,2016,20,Operational
EQ04613,SUP0230,Truck,Truck,L&T Defence,2024,29,Operational
EQ04614,SUP0209,Armored Vehicle,Armored Vehicle,HAL,2017,28,Operational
EQ04615,SUP0285,Missile Launcher,Missile Launcher,DRDO,2017,14,Operational
EQ04616,SUP0072,Missile Launcher,Missile Launcher,Mahindra Defence,2011,15,Maintenance
EQ04617,SUP0102,Armored Vehicle,Armored Vehicle,Ashok Leyland Defence,2025,10,Operational
EQ04618,SUP0096,Radar,Radar,Bharat Dynamics,2014,18,Operational
EQ04619,SUP0050,Drone,Drone,Tata Advanced Systems,2012,22,Operational
EQ04620,SUP0249,Missile Launcher,Missile Launcher,Ashok Leyland Defence,2009,16,Maintenance
EQ04621,SUP0228,Truck,Truck,Tata Advanced Systems,2012,17,Operational
EQ04622,SUP0187,Generator,Generator,Bharat Dynamics,2019,18,Operational
EQ04623,SUP0081,Radar,Radar,BEL,2019,29,Maintenance
EQ04624,SUP0163,Drone,Drone,Ashok Leyland Defence,2019,29,Maintenance
EQ04625,SUP0003,Tank,Tank,BEL,2023,30,Maintenance
EQ04626,SUP0055,Drone,Drone,Ashok Leyland Defence,2021,11,Maintenance
EQ04627,SUP0051,Armored Vehicle,Armored Vehicle,Mahindra Defence,2006,17,Maintenance
EQ04628,SUP0279,Radar,Radar,HAL,2012,26,Operational
EQ04629,SUP0270,Communication System,Communication System,Tata Advanced Systems,2016,23,Operational
EQ04630,SUP0118,Missile Launcher,Missile Launcher,HAL,2019,19,Operational
EQ04631,SUP0236,Radar,Radar,Bharat Dynamics,2011,10,Operational
EQ04632,SUP0111,Tank,Tank,HAL,2012,27,Operational
EQ04633,SUP0197,Drone,Drone,DRDO,2021,26,Operational
EQ04634,SUP0045,Generator,Generator,DRDO,2018,21,Operational
EQ04635,SUP0269,Generator,Generator,DRDO,2019,27,Operational
EQ04636,SUP0073,Tank,Tank,Mahindra Defence,2010,13,Operational
EQ04637,SUP0190,Missile Launcher,Missile Launcher,BEL,2009,16,Operational
EQ04638,SUP0121,Truck,Truck,HAL,2024,18,Operational
EQ04639,SUP0242,Generator,Generator,Ashok Leyland Defence,2017,28,Out of Service
EQ04640,SUP0208,Communication System,Communication System,Tata Advanced Systems,2019,10,Operational
EQ04641,SUP0168,Generator,Generator,BEL,2013,16,Operational
EQ04642,SUP0214,Radar,Radar,HAL,2025,22,Operational
EQ04643,SUP0059,Tank,Tank,L&T Defence,2008,17,Operational
EQ04644,SUP0255,Truck,Truck,Mahindra Defence,2019,26,Operational
EQ04645,SUP0026,Armored Vehicle,Armored Vehicle,Bharat Dynamics,2015,10,Operational
EQ04646,SUP0207,Generator,Generator,L&T Defence,2011,18,Operational
EQ04647,SUP0204,Missile Launcher,Missile Launcher,Tata Advanced Systems,2021,11,Operational
EQ04648,SUP0125,Truck,Truck,Ashok Leyland Defence,2019,27,Operational
EQ04649,SUP0176,Missile Launcher,Missile Launcher,L&T Defence,2023,14,Out of Service
EQ04650,SUP0253,Missile Launcher,Missile Launcher,Bharat Dynamics,2010,28,Operational
EQ04651,SUP0052,Drone,Drone,DRDO,2023,24,Operational
EQ04652,SUP0152,Tank,Tank,Ashok Leyland Defence,2013,17,Operational
EQ04653,SUP0254,Generator,Generator,Tata Advanced Systems,2015,22,Operational
EQ04654,SUP0239,Communication System,Communication System,Tata Advanced Systems,2023,22,Operational
EQ04655,SUP0161,Generator,Generator,Bharat Dynamics,2022,15,Operational
EQ04656,SUP0006,Communication System,Communication System,BEL,2024,13,Operational
EQ04657,SUP0055,Drone,Drone,HAL,2007,14,Out of Service
EQ04658,SUP0133,Drone,Drone,Ashok Leyland Defence,2006,18,Maintenance
EQ04659,SUP0256,Tank,Tank,Mahindra Defence,2011,10,Operational
EQ04660,SUP0072,Drone,Drone,DRDO,2017,10,Operational
EQ04661,SUP0105,Radar,Radar,Bharat Dynamics,2024,18,Operational
EQ04662,SUP0192,Missile Launcher,Missile Launcher,L&T Defence,2025,19,Operational
EQ04663,SUP0215,Missile Launcher,Missile Launcher,HAL,2017,16,Operational
EQ04664,SUP0154,Communication System,Communication System,L&T Defence,2018,12,Operational
EQ04665,SUP0236,Radar,Radar,DRDO,2005,26,Operational
EQ04666,SUP0241,Radar,Radar,L&T Defence,2019,22,Operational
EQ04667,SUP0198,Missile Launcher,Missile Launcher,HAL,2023,13,Operational
EQ04668,SUP0248,Missile Launcher,Missile Launcher,DRDO,2011,21,Operational
EQ04669,SUP0228,Drone,Drone,Ashok Leyland Defence,2009,23,Maintenance
EQ04670,SUP0024,Armored Vehicle,Armored Vehicle,DRDO,2025,10,Maintenance
EQ04671,SUP0109,Generator,Generator,DRDO,2015,10,Operational
EQ04672,SUP0292,Drone,Drone,HAL,2023,30,Operational
EQ04673,SUP0136,Radar,Radar,Ashok Leyland Defence,2023,13,Operational
EQ04674,SUP0089,Communication System,Communication System,Tata Advanced Systems,2019,25,Out of Service
EQ04675,SUP0184,Radar,Radar,Bharat Dynamics,2007,21,Maintenance
EQ04676,SUP0206,Radar,Radar,DRDO,2011,18,Operational
EQ04677,SUP0084,Armored Vehicle,Armored Vehicle,DRDO,2007,17,Maintenance
EQ04678,SUP0258,Radar,Radar,Ashok Leyland Defence,2008,30,Operational
EQ04679,SUP0242,Truck,Truck,HAL,2006,12,Out of Service
EQ04680,SUP0196,Drone,Drone,Ashok Leyland Defence,2008,25,Operational
EQ04681,SUP0238,Generator,Generator,Mahindra Defence,2018,24,Operational
EQ04682,SUP0064,Radar,Radar,Ashok Leyland Defence,2005,11,Out of Service
EQ04683,SUP0277,Communication System,Communication System,Bharat Dynamics,2015,23,Operational
EQ04684,SUP0253,Tank,Tank,Mahindra Defence,2021,28,Operational
EQ04685,SUP0158,Armored Vehicle,Armored Vehicle,Tata Advanced Systems,2015,20,Operational
EQ04686,SUP0188,Radar,Radar,BEL,2021,11,Operational
EQ04687,SUP0194,Communication System,Communication System,Mahindra Defence,2010,15,Operational
EQ04688,SUP0015,Truck,Truck,DRDO,2017,14,Maintenance
EQ04689,SUP0033,Truck,Truck,DRDO,2016,11,Operational
EQ04690,SUP0217,Communication System,Communication System,BEL,2021,10,Operational
EQ04691,SUP0109,Tank,Tank,Tata Advanced Systems,2010,21,Operational
EQ04692,SUP0155,Radar,Radar,Mahindra Defence,2010,28,Out of Service
EQ04693,SUP0096,Truck,Truck,Bharat Dynamics,2022,22,Out of Service
EQ04694,SUP0231,Armored Vehicle,Armored Vehicle,BEL,2024,28,Out of Service
EQ04695,SUP0011,Radar,Radar,Mahindra Defence,2023,20,Maintenance
EQ04696,SUP0138,Generator,Generator,Mahindra Defence,2021,24,Operational
EQ04697,SUP0266,Tank,Tank,Bharat Dynamics,2011,10,Operational
EQ04698,SUP0194,Armored Vehicle,Armored Vehicle,BEL,2017,18,Maintenance
EQ04699,SUP0242,Drone,Drone,Bharat Dynamics,2018,22,Operational
EQ04700,SUP0131,Radar,Radar,Bharat Dynamics,2009,23,Out of Service
EQ04701,SUP0172,Drone,Drone,DRDO,2020,11,Operational
EQ04702,SUP0107,Communication System,Communication System,Ashok Leyland Defence,2007,15,Operational
EQ04703,SUP0278,Tank,Tank,L&T Defence,2019,25,Operational
EQ04704,SUP0176,Tank,Tank,HAL,2008,24,Operational
EQ04705,SUP0118,Communication System,Communication System,Ashok Leyland Defence,2015,13,Operational
EQ04706,SUP0127,Truck,Truck,Bharat Dynamics,2016,24,Operational
EQ04707,SUP0011,Communication System,Communication System,HAL,2006,25,Operational
EQ04708,SUP0018,Tank,Tank,DRDO,2025,29,Operational
EQ04709,SUP0055,Missile Launcher,Missile Launcher,Ashok Leyland Defence,2006,15,Maintenance
EQ04710,SUP0282,Generator,Generator,Tata Advanced Systems,2010,10,Out of Service
EQ04711,SUP0285,Missile Launcher,Missile Launcher,L&T Defence,2010,12,Operational
EQ04712,SUP0081,Drone,Drone,Tata Advanced Systems,2007,13,Maintenance
EQ04713,SUP0114,Tank,Tank,Bharat Dynamics,2024,17,Operational
EQ04714,SUP0060,Tank,Tank,L&T Defence,2005,26,Operational
EQ04715,SUP0024,Missile Launcher,Missile Launcher,Bharat Dynamics,2006,29,Maintenance
EQ04716,SUP0080,Communication System,Communication System,L&T Defence,2025,19,Operational
EQ04717,SUP0060,Radar,Radar,Tata Advanced Systems,2012,17,Operational
EQ04718,SUP0139,Truck,Truck,HAL,2023,15,Operational
EQ04719,SUP0020,Drone,Drone,DRDO,2020,28,Operational
EQ04720,SUP0147,Drone,Drone,Mahindra Defence,2008,30,Maintenance
EQ04721,SUP0293,Communication System,Communication System,Ashok Leyland Defence,2020,22,Operational
EQ04722,SUP0150,Generator,Generator,Mahindra Defence,2011,27,Operational
EQ04723,SUP0220,Missile Launcher,Missile Launcher,Mahindra Defence,2014,21,Operational
EQ04724,SUP0249,Generator,Generator,DRDO,2007,15,Operational
EQ04725,SUP0252,Communication System,Communication System,HAL,2014,27,Operational
EQ04726,SUP0160,Drone,Drone,Tata Advanced Systems,2015,30,Operational
EQ04727,SUP0110,Communication System,Communication System,Mahindra Defence,2016,13,Operational
EQ04728,SUP0082,Radar,Radar,L&T Defence,2007,26,Operational
EQ04729,SUP0093,Truck,Truck,BEL,2024,20,Operational
EQ04730,SUP0297,Armored Vehicle,Armored Vehicle,HAL,2014,25,Operational
EQ04731,SUP0197,Tank,Tank,Ashok Leyland Defence,2021,16,Operational
EQ04732,SUP0183,Tank,Tank,Bharat Dynamics,2023,27,Operational
EQ04733,SUP0146,Tank,Tank,Bharat Dynamics,2020,30,Operational
EQ04734,SUP0231,Missile Launcher,Missile Launcher,HAL,2021,23,Operational
EQ04735,SUP0103,Truck,Truck,HAL,2022,24,Operational
EQ04736,SUP0011,Communication System,Communication System,Bharat Dynamics,2025,17,Operational
EQ04737,SUP0205,Tank,Tank,BEL,2005,19,Operational
EQ04738,SUP0246,Generator,Generator,Ashok Leyland Defence,2015,12,Operational
EQ04739,SUP0160,Tank,Tank,Tata Advanced Systems,2025,14,Operational
EQ04740,SUP0124,Armored Vehicle,Armored Vehicle,BEL,2005,14,Operational
EQ04741,SUP0059,Radar,Radar,BEL,2018,23,Operational
EQ04742,SUP0209,Armored Vehicle,Armored Vehicle,Tata Advanced Systems,2009,26,Out of Service
EQ04743,SUP0277,Truck,Truck,Mahindra Defence,2023,30,Operational
EQ04744,SUP0130,Missile Launcher,Missile Launcher,Tata Advanced Systems,2016,13,Out of Service
EQ04745,SUP0238,Tank,Tank,HAL,2012,22,Operational
EQ04746,SUP0157,Armored Vehicle,Armored Vehicle,HAL,2023,20,Operational
EQ04747,SUP0181,Truck,Truck,Bharat Dynamics,2017,25,Operational
EQ04748,SUP0287,Communication System,Communication System,Ashok Leyland Defence,2014,30,Operational
EQ04749,SUP0084,Missile Launcher,Missile Launcher,Bharat Dynamics,2019,20,Operational
EQ04750,SUP0221,Missile Launcher,Missile Launcher,BEL,2006,30,Operational
EQ04751,SUP0040,Armored Vehicle,Armored Vehicle,Tata Advanced Systems,2014,28,Operational
EQ04752,SUP0025,Armored Vehicle,Armored Vehicle,L&T Defence,2017,14,Operational
EQ04753,SUP0246,Tank,Tank,Tata Advanced Systems,2007,11,Maintenance
EQ04754,SUP0013,Tank,Tank,BEL,2013,24,Operational
EQ04755,SUP0013,Drone,Drone,Ashok Leyland Defence,2012,14,Operational
EQ04756,SUP0212,Tank,Tank,BEL,2005,14,Operational
EQ04757,SUP0257,Communication System,Communication System,L&T Defence,2010,21,Operational
EQ04758,SUP0227,Truck,Truck,Ashok Leyland Defence,2011,25,Operational
EQ04759,SUP0233,Radar,Radar,HAL,2013,18,Operational
EQ04760,SUP0144,Tank,Tank,Ashok Leyland Defence,2017,13,Operational
EQ04761,SUP0103,Radar,Radar,Ashok Leyland Defence,2012,13,Operational
EQ04762,SUP0038,Truck,Truck,L&T Defence,2019,25,Operational
EQ04763,SUP0240,Communication System,Communication System,Tata Advanced Systems,2013,17,Operational
EQ04764,SUP0015,Tank,Tank,Ashok Leyland Defence,2005,18,Operational
EQ04765,SUP0251,Truck,Truck,Ashok Leyland Defence,2019,26,Operational
EQ04766,SUP0025,Generator,Generator,Mahindra Defence,2016,12,Operational
EQ04767,SUP0221,Truck,Truck,Mahindra Defence,2019,12,Operational
EQ04768,SUP0239,Truck,Truck,HAL,2022,10,Operational
EQ04769,SUP0064,Armored Vehicle,Armored Vehicle,Ashok Leyland Defence,2022,14,Operational
EQ04770,SUP0165,Drone,Drone,Mahindra Defence,2015,23,Operational
EQ04771,SUP0288,Missile Launcher,Missile Launcher,Bharat Dynamics,2008,19,Out of Service
EQ04772,SUP0083,Drone,Drone,DRDO,2020,15,Out of Service
EQ04773,SUP0209,Communication System,Communication System,DRDO,2006,20,Operational
EQ04774,SUP0233,Tank,Tank,Mahindra Defence,2016,17,Operational
EQ04775,SUP0016,Radar,Radar,Ashok Leyland Defence,2011,29,Operational
EQ04776,SUP0071,Truck,Truck,HAL,2015,25,Operational
EQ04777,SUP0279,Communication System,Communication System,Bharat Dynamics,2010,29,Maintenance
EQ04778,SUP0154,Missile Launcher,Missile Launcher,Mahindra Defence,2008,11,Maintenance
EQ04779,SUP0099,Tank,Tank,BEL,2019,25,Operational
EQ04780,SUP0252,Tank,Tank,Bharat Dynamics,2012,28,Operational
EQ04781,SUP0136,Armored Vehicle,Armored Vehicle,Mahindra Defence,2017,10,Operational
EQ04782,SUP0127,Truck,Truck,BEL,2017,19,Operational
EQ04783,SUP0261,Radar,Radar,Mahindra Defence,2008,23,Maintenance
EQ04784,SUP0076,Communication System,Communication System,BEL,2024,30,Maintenance
EQ04785,SUP0140,Tank,Tank,Ashok Leyland Defence,2009,11,Operational
EQ04786,SUP0081,Generator,Generator,Ashok Leyland Defence,2013,30,Operational
EQ04787,SUP0230,Radar,Radar,Tata Advanced Systems,2007,28,Operational
EQ04788,SUP0067,Truck,Truck,Mahindra Defence,2006,30,Operational
EQ04789,SUP0179,Drone,Drone,HAL,2011,13,Operational
EQ04790,SUP0129,Drone,Drone,Tata Advanced Systems,2012,14,Maintenance
EQ04791,SUP0056,Tank,Tank,DRDO,2006,10,Operational
EQ04792,SUP0128,Missile Launcher,Missile Launcher,DRDO,2012,20,Maintenance
EQ04793,SUP0296,Tank,Tank,L&T Defence,2018,29,Operational
EQ04794,SUP0131,Communication System,Communication System,Mahindra Defence,2016,16,Operational
EQ04795,SUP0045,Drone,Drone,HAL,2015,19,Operational
EQ04796,SUP0182,Drone,Drone,Ashok Leyland Defence,2023,24,Maintenance
EQ04797,SUP0098,Missile Launcher,Missile Launcher,Mahindra Defence,2021,24,Operational
EQ04798,SUP0024,Armored Vehicle,Armored Vehicle,BEL,2010,24,Operational
EQ04799,SUP0252,Missile Launcher,Missile Launcher,DRDO,2021,23,Maintenance
EQ04800,SUP0069,Missile Launcher,Missile Launcher,Ashok Leyland Defence,2011,29,Operational
EQ04801,SUP0227,Communication System,Communication System,Mahindra Defence,2016,23,Operational
EQ04802,SUP0195,Communication System,Communication System,DRDO,2011,13,Operational
EQ04803,SUP0295,Generator,Generator,HAL,2016,12,Operational
EQ04804,SUP0101,Communication System,Communication System,DRDO,2022,18,Operational
EQ04805,SUP0099,Missile Launcher,Missile Launcher,Tata Advanced Systems,2010,10,Maintenance
EQ04806,SUP0295,Armored Vehicle,Armored Vehicle,Ashok Leyland Defence,2005,25,Out of Service
EQ04807,SUP0224,Tank,Tank,Bharat Dynamics,2025,16,Operational
EQ04808,SUP0296,Drone,Drone,HAL,2013,13,Operational
EQ04809,SUP0021,Tank,Tank,DRDO,2011,29,Out of Service
EQ04810,SUP0023,Radar,Radar,L&T Defence,2017,26,Operational
EQ04811,SUP0183,Drone,Drone,Mahindra Defence,2017,19,Operational
EQ04812,SUP0020,Armored Vehicle,Armored Vehicle,Tata Advanced Systems,2025,15,Operational
EQ04813,SUP0243,Truck,Truck,Ashok Leyland Defence,2023,22,Maintenance
EQ04814,SUP0035,Truck,Truck,HAL,2016,30,Out of Service
EQ04815,SUP0036,Tank,Tank,BEL,2020,15,Maintenance
EQ04816,SUP0259,Communication System,Communication System,Bharat Dynamics,2005,22,Operational
EQ04817,SUP0181,Drone,Drone,Tata Advanced Systems,2009,16,Maintenance
EQ04818,SUP0062,Truck,Truck,DRDO,2010,30,Maintenance
EQ04819,SUP0178,Communication System,Communication System,DRDO,2022,27,Operational
EQ04820,SUP0234,Radar,Radar,Ashok Leyland Defence,2016,13,Operational
EQ04821,SUP0294,Generator,Generator,HAL,2015,24,Operational
EQ04822,SUP0263,Armored Vehicle,Armored Vehicle,Bharat Dynamics,2007,17,Maintenance
EQ04823,SUP0129,Communication System,Communication System,Ashok Leyland Defence,2018,27,Operational
EQ04824,SUP0243,Missile Launcher,Missile Launcher,Tata Advanced Systems,2011,27,Operational
EQ04825,SUP0135,Radar,Radar,Tata Advanced Systems,2011,27,Operational
EQ04826,SUP0205,Tank,Tank,BEL,2009,30,Operational
EQ04827,SUP0030,Armored Vehicle,Armored Vehicle,DRDO,2007,24,Operational
EQ04828,SUP0118,Drone,Drone,Bharat Dynamics,2005,22,Maintenance
EQ04829,SUP0089,Radar,Radar,Bharat Dynamics,2020,22,Operational
EQ04830,SUP0171,Drone,Drone,Mahindra Defence,2016,19,Operational
EQ04831,SUP0142,Armored Vehicle,Armored Vehicle,Mahindra Defence,2016,25,Operational
EQ04832,SUP0293,Tank,Tank,BEL,2015,16,Operational
EQ04833,SUP0199,Tank,Tank,Tata Advanced Systems,2014,29,Operational
EQ04834,SUP0061,Missile Launcher,Missile Launcher,Mahindra Defence,2019,21,Operational
EQ04835,SUP0121,Truck,Truck,DRDO,2020,11,Operational
EQ04836,SUP0136,Truck,Truck,L&T Defence,2007,28,Operational
EQ04837,SUP0004,Generator,Generator,Tata Advanced Systems,2005,26,Maintenance
EQ04838,SUP0148,Generator,Generator,Bharat Dynamics,2019,18,Operational
EQ04839,SUP0260,Armored Vehicle,Armored Vehicle,HAL,2021,29,Operational
EQ04840,SUP0089,Truck,Truck,DRDO,2023,26,Operational
EQ04841,SUP0021,Truck,Truck,BEL,2012,10,Operational
EQ04842,SUP0085,Missile Launcher,Missile Launcher,Tata Advanced Systems,2006,19,Operational
EQ04843,SUP0008,Radar,Radar,HAL,2020,22,Operational
EQ04844,SUP0243,Drone,Drone,HAL,2024,28,Operational
EQ04845,SUP0120,Drone,Drone,Mahindra Defence,2022,14,Operational
EQ04846,SUP0090,Communication System,Communication System,Ashok Leyland Defence,2011,26,Operational
EQ04847,SUP0186,Generator,Generator,Bharat Dynamics,2019,25,Maintenance
EQ04848,SUP0245,Truck,Truck,Bharat Dynamics,2014,17,Operational
EQ04849,SUP0287,Armored Vehicle,Armored Vehicle,L&T Defence,2021,10,Operational
EQ04850,SUP0291,Tank,Tank,Mahindra Defence,2008,20,Operational
EQ04851,SUP0104,Drone,Drone,HAL,2008,30,Maintenance
EQ04852,SUP0068,Tank,Tank,L&T Defence,2020,17,Operational
EQ04853,SUP0258,Drone,Drone,L&T Defence,2007,16,Maintenance
EQ04854,SUP0210,Tank,Tank,Bharat Dynamics,2006,30,Out of Service
EQ04855,SUP0133,Tank,Tank,Tata Advanced Systems,2021,26,Operational
EQ04856,SUP0152,Tank,Tank,Mahindra Defence,2025,14,Out of Service
EQ04857,SUP0111,Drone,Drone,Ashok Leyland Defence,2005,21,Operational
EQ04858,SUP0242,Truck,Truck,Tata Advanced Systems,2020,30,Operational
EQ04859,SUP0267,Drone,Drone,Ashok Leyland Defence,2024,13,Operational
EQ04860,SUP0095,Truck,Truck,Bharat Dynamics,2011,17,Operational
EQ04861,SUP0288,Truck,Truck,DRDO,2006,23,Maintenance
EQ04862,SUP0189,Missile Launcher,Missile Launcher,BEL,2013,30,Operational
EQ04863,SUP0185,Radar,Radar,Mahindra Defence,2021,11,Maintenance
EQ04864,SUP0116,Missile Launcher,Missile Launcher,L&T Defence,2021,18,Operational
EQ04865,SUP0034,Generator,Generator,HAL,2019,23,Operational
EQ04866,SUP0031,Truck,Truck,Tata Advanced Systems,2016,21,Operational
EQ04867,SUP0044,Communication System,Communication System,Mahindra Defence,2020,28,Operational
EQ04868,SUP0266,Drone,Drone,DRDO,2009,11,Out of Service
EQ04869,SUP0081,Truck,Truck,L&T Defence,2005,18,Operational
EQ04870,SUP0163,Tank,Tank,BEL,2017,25,Operational
EQ04871,SUP0087,Generator,Generator,L&T Defence,2024,10,Operational
EQ04872,SUP0049,Truck,Truck,BEL,2021,13,Operational
EQ04873,SUP0078,Drone,Drone,Mahindra Defence,2018,25,Operational
EQ04874,SUP0272,Truck,Truck,Bharat Dynamics,2023,23,Operational
EQ04875,SUP0181,Armored Vehicle,Armored Vehicle,L&T Defence,2016,13,Operational
EQ04876,SUP0074,Armored Vehicle,Armored Vehicle,Mahindra Defence,2025,29,Maintenance
EQ04877,SUP0266,Tank,Tank,Bharat Dynamics,2021,19,Operational
EQ04878,SUP0218,Radar,Radar,Mahindra Defence,2019,20,Maintenance
EQ04879,SUP0279,Drone,Drone,Tata Advanced Systems,2012,11,Maintenance
EQ04880,SUP0071,Communication System,Communication System,Bharat Dynamics,2010,15,Out of Service
EQ04881,SUP0004,Armored Vehicle,Armored Vehicle,DRDO,2009,26,Maintenance
EQ04882,SUP0045,Drone,Drone,DRDO,2021,29,Operational
EQ04883,SUP0082,Truck,Truck,DRDO,2011,18,Operational
EQ04884,SUP0115,Drone,Drone,Ashok Leyland Defence,2012,11,Operational
EQ04885,SUP0229,Communication System,Communication System,DRDO,2006,14,Maintenance
EQ04886,SUP0222,Missile Launcher,Missile Launcher,Tata Advanced Systems,2012,15,Out of Service
EQ04887,SUP0198,Generator,Generator,DRDO,2013,30,Maintenance
EQ04888,SUP0258,Generator,Generator,Ashok Leyland Defence,2023,17,Maintenance
EQ04889,SUP0294,Armored Vehicle,Armored Vehicle,Ashok Leyland Defence,2018,26,Operational
EQ04890,SUP0163,Generator,Generator,DRDO,2021,21,Operational
EQ04891,SUP0041,Tank,Tank,Ashok Leyland Defence,2022,20,Operational
EQ04892,SUP0268,Truck,Truck,DRDO,2005,22,Operational
EQ04893,SUP0004,Missile Launcher,Missile Launcher,Mahindra Defence,2021,16,Operational
EQ04894,SUP0210,Armored Vehicle,Armored Vehicle,HAL,2023,21,Out of Service
EQ04895,SUP0241,Armored Vehicle,Armored Vehicle,BEL,2016,15,Operational
EQ04896,SUP0163,Tank,Tank,DRDO,2021,16,Operational
EQ04897,SUP0107,Tank,Tank,Mahindra Defence,2012,24,Out of Service
EQ04898,SUP0092,Truck,Truck,HAL,2023,17,Out of Service
EQ04899,SUP0212,Truck,Truck,HAL,2008,17,Operational
EQ04900,SUP0258,Generator,Generator,Bharat Dynamics,2013,25,Operational
EQ04901,SUP0240,Radar,Radar,HAL,2022,29,Operational
EQ04902,SUP0153,Communication System,Communication System,L&T Defence,2020,12,Out of Service
EQ04903,SUP0163,Tank,Tank,Tata Advanced Systems,2017,18,Operational
EQ04904,SUP0201,Armored Vehicle,Armored Vehicle,HAL,2013,30,Operational
EQ04905,SUP0207,Armored Vehicle,Armored Vehicle,Tata Advanced Systems,2022,26,Operational
EQ04906,SUP0288,Tank,Tank,HAL,2020,14,Operational
EQ04907,SUP0140,Tank,Tank,DRDO,2014,11,Maintenance
EQ04908,SUP0123,Truck,Truck,Mahindra Defence,2007,22,Operational
EQ04909,SUP0084,Drone,Drone,Ashok Leyland Defence,2006,11,Operational
EQ04910,SUP0048,Generator,Generator,HAL,2007,13,Operational
EQ04911,SUP0244,Truck,Truck,HAL,2023,20,Operational
EQ04912,SUP0184,Missile Launcher,Missile Launcher,Bharat Dynamics,2012,11,Operational
EQ04913,SUP0290,Truck,Truck,Tata Advanced Systems,2013,26,Operational
EQ04914,SUP0223,Tank,Tank,BEL,2007,22,Maintenance
EQ04915,SUP0212,Truck,Truck,HAL,2009,16,Out of Service
EQ04916,SUP0227,Communication System,Communication System,DRDO,2014,28,Operational
EQ04917,SUP0115,Armored Vehicle,Armored Vehicle,HAL,2023,19,Operational
EQ04918,SUP0241,Truck,Truck,Tata Advanced Systems,2007,11,Operational
EQ04919,SUP0106,Tank,Tank,Mahindra Defence,2024,10,Operational
EQ04920,SUP0189,Missile Launcher,Missile Launcher,Bharat Dynamics,2018,14,Operational
EQ04921,SUP0063,Missile Launcher,Missile Launcher,BEL,2006,24,Operational
EQ04922,SUP0234,Missile Launcher,Missile Launcher,Mahindra Defence,2012,20,Operational
EQ04923,SUP0237,Tank,Tank,BEL,2022,30,Operational
EQ04924,SUP0245,Drone,Drone,L&T Defence,2016,23,Operational
EQ04925,SUP0113,Armored Vehicle,Armored Vehicle,Ashok Leyland Defence,2017,27,Operational
EQ04926,SUP0202,Drone,Drone,Ashok Leyland Defence,2024,28,Operational
EQ04927,SUP0083,Drone,Drone,HAL,2007,22,Operational
EQ04928,SUP0081,Communication System,Communication System,BEL,2010,19,Maintenance
EQ04929,SUP0011,Missile Launcher,Missile Launcher,Bharat Dynamics,2008,25,Out of Service
EQ04930,SUP0083,Communication System,Communication System,Tata Advanced Systems,2010,25,Maintenance
EQ04931,SUP0129,Drone,Drone,L&T Defence,2021,25,Operational
EQ04932,SUP0220,Communication System,Communication System,Ashok Leyland Defence,2025,28,Operational
EQ04933,SUP0235,Radar,Radar,L&T Defence,2020,12,Operational
EQ04934,SUP0006,Radar,Radar,DRDO,2020,13,Operational
EQ04935,SUP0139,Truck,Truck,L&T Defence,2014,11,Operational
EQ04936,SUP0292,Armored Vehicle,Armored Vehicle,HAL,2012,10,Operational
EQ04937,SUP0157,Tank,Tank,Mahindra Defence,2015,27,Operational
EQ04938,SUP0036,Communication System,Communication System,L&T Defence,2024,19,Operational
EQ04939,SUP0270,Missile Launcher,Missile Launcher,Mahindra Defence,2015,16,Operational
EQ04940,SUP0093,Communication System,Communication System,DRDO,2018,18,Operational
EQ04941,SUP0203,Missile Launcher,Missile Launcher,Tata Advanced Systems,2008,13,Maintenance
EQ04942,SUP0250,Missile Launcher,Missile Launcher,Bharat Dynamics,2012,30,Operational
EQ04943,SUP0052,Truck,Truck,HAL,2014,17,Operational
EQ04944,SUP0011,Missile Launcher,Missile Launcher,L&T Defence,2006,16,Out of Service
EQ04945,SUP0063,Drone,Drone,Bharat Dynamics,2008,19,Operational
EQ04946,SUP0106,Armored Vehicle,Armored Vehicle,DRDO,2022,12,Operational
EQ04947,SUP0154,Radar,Radar,L&T Defence,2016,24,Operational
EQ04948,SUP0270,Tank,Tank,Tata Advanced Systems,2013,11,Operational
EQ04949,SUP0011,Generator,Generator,DRDO,2019,28,Operational
EQ04950,SUP0241,Armored Vehicle,Armored Vehicle,Mahindra Defence,2024,10,Operational
EQ04951,SUP0028,Armored Vehicle,Armored Vehicle,Tata Advanced Systems,2007,30,Maintenance
EQ04952,SUP0282,Truck,Truck,L&T Defence,2011,29,Maintenance
EQ04953,SUP0037,Radar,Radar,Bharat Dynamics,2023,29,Maintenance
EQ04954,SUP0141,Missile Launcher,Missile Launcher,BEL,2006,20,Maintenance
EQ04955,SUP0016,Truck,Truck,HAL,2021,30,Operational
EQ04956,SUP0187,Missile Launcher,Missile Launcher,Ashok Leyland Defence,2009,19,Out of Service
EQ04957,SUP0282,Radar,Radar,Mahindra Defence,2013,16,Operational
EQ04958,SUP0211,Radar,Radar,Bharat Dynamics,2016,11,Maintenance
EQ04959,SUP0172,Drone,Drone,HAL,2011,27,Operational
EQ04960,SUP0288,Armored Vehicle,Armored Vehicle,Bharat Dynamics,2018,19,Operational
EQ04961,SUP0238,Generator,Generator,Mahindra Defence,2009,26,Maintenance
EQ04962,SUP0214,Missile Launcher,Missile Launcher,Tata Advanced Systems,2023,25,Operational
EQ04963,SUP0180,Communication System,Communication System,BEL,2020,16,Operational
EQ04964,SUP0068,Armored Vehicle,Armored Vehicle,Mahindra Defence,2010,30,Operational
EQ04965,SUP0080,Drone,Drone,L&T Defence,2020,28,Operational
EQ04966,SUP0156,Generator,Generator,Tata Advanced Systems,2017,30,Operational
EQ04967,SUP0130,Missile Launcher,Missile Launcher,DRDO,2011,26,Operational
EQ04968,SUP0262,Communication System,Communication System,HAL,2021,17,Operational
EQ04969,SUP0166,Truck,Truck,Tata Advanced Systems,2016,26,Operational
EQ04970,SUP0283,Tank,Tank,DRDO,2019,20,Operational
EQ04971,SUP0091,Tank,Tank,Tata Advanced Systems,2019,21,Out of Service
EQ04972,SUP0115,Truck,Truck,HAL,2025,24,Operational
EQ04973,SUP0134,Missile Launcher,Missile Launcher,Mahindra Defence,2020,30,Operational
EQ04974,SUP0046,Missile Launcher,Missile Launcher,BEL,2015,25,Operational
EQ04975,SUP0233,Tank,Tank,Ashok Leyland Defence,2008,24,Out of Service
EQ04976,SUP0038,Truck,Truck,Ashok Leyland Defence,2011,17,Operational
EQ04977,SUP0012,Armored Vehicle,Armored Vehicle,Tata Advanced Systems,2023,10,Operational
EQ04978,SUP0179,Tank,Tank,Mahindra Defence,2017,10,Operational
EQ04979,SUP0205,Radar,Radar,L&T Defence,2018,30,Operational
EQ04980,SUP0146,Truck,Truck,HAL,2022,12,Maintenance
EQ04981,SUP0015,Tank,Tank,L&T Defence,2025,28,Operational
EQ04982,SUP0064,Tank,Tank,Mahindra Defence,2006,15,Operational
EQ04983,SUP0201,Armored Vehicle,Armored Vehicle,Bharat Dynamics,2021,13,Operational
EQ04984,SUP0064,Truck,Truck,DRDO,2008,25,Operational
EQ04985,SUP0112,Missile Launcher,Missile Launcher,Bharat Dynamics,2022,13,Operational
EQ04986,SUP0064,Missile Launcher,Missile Launcher,Mahindra Defence,2006,29,Operational
EQ04987,SUP0259,Communication System,Communication System,Tata Advanced Systems,2015,17,Operational
EQ04988,SUP0180,Armored Vehicle,Armored Vehicle,Tata Advanced Systems,2010,19,Operational
EQ04989,SUP0058,Tank,Tank,DRDO,2011,28,Operational
EQ04990,SUP0028,Missile Launcher,Missile Launcher,L&T Defence,2020,26,Operational
EQ04991,SUP0122,Missile Launcher,Missile Launcher,Bharat Dynamics,2005,23,Maintenance
EQ04992,SUP0077,Tank,Tank,L&T Defence,2016,28,Operational
EQ04993,SUP0036,Truck,Truck,Ashok Leyland Defence,2012,29,Operational
EQ04994,SUP0132,Radar,Radar,L&T Defence,2011,30,Operational
EQ04995,SUP0217,Tank,Tank,Ashok Leyland Defence,2020,24,Out of Service
EQ04996,SUP0278,Generator,Generator,DRDO,2024,14,Operational
EQ04997,SUP0294,Armored Vehicle,Armored Vehicle,Ashok Leyland Defence,2014,29,Operational
EQ04998,SUP0080,Communication System,Communication System,Bharat Dynamics,2016,15,Maintenance
EQ04999,SUP0064,Generator,Generator,L&T Defence,2010,30,Maintenance
EQ05000,SUP0074,Radar,Radar,Ashok Leyland Defence,2007,28,Operational
